seed,x,y,r,f_spiral,f_circles,margin,router_spiral,oracle_spiral,composite_correct,region_match
42,0.07774,-0.34829,0.35686,0.98169,0.02746,0.18362,1,1,1,1
42,-0.01070,0.34528,0.34545,0.03240,0.06262,-1.03575,0,1,1,0
42,-0.06760,-0.26304,0.27158,0.98117,0.03862,0.17274,1,1,1,1
42,-0.02621,0.05756,0.06324,0.03897,0.03560,-0.77224,0,1,1,0
42,-0.32388,0.12499,0.34716,0.03422,0.04360,-0.90768,0,1,1,0
42,-0.35790,0.03084,0.35922,0.08077,0.04342,-0.53370,0,1,1,0
42,-0.14007,-0.35517,0.38179,0.98410,0.05863,0.14850,1,1,1,1
42,0.11105,-0.37990,0.39580,0.98432,0.02748,0.18369,1,1,1,1
42,-0.14312,-0.16722,0.22011,0.98056,0.03875,0.17260,1,1,1,1
42,-0.14758,0.21602,0.26161,0.03324,0.03580,-0.84129,0,1,1,0
42,-0.08159,0.32523,0.33531,0.03239,0.06152,-1.03134,0,1,1,0
42,0.06651,0.16816,0.18083,0.03441,0.03451,-0.81168,0,1,1,0
42,0.02256,0.08342,0.08642,0.03880,0.02723,-0.65209,0,1,1,0
42,0.13951,0.12406,0.18669,0.03872,0.03468,-0.76340,0,1,1,0
42,-0.20500,0.04137,0.20914,0.03557,0.04347,-0.89262,0,1,1,0
42,0.34237,0.20611,0.39963,0.08955,0.03612,-0.41221,0,1,1,0
42,0.17240,0.01744,0.17328,0.71844,0.03444,-0.04750,0,1,0,0
42,0.12279,-0.20963,0.24295,0.98100,0.02773,0.18335,1,1,1,1
42,-0.26389,0.17142,0.31468,0.03393,0.04373,-0.91179,0,1,1,0
42,-0.14018,-0.35344,0.38023,0.98409,0.05861,0.14853,1,1,1,1
42,-0.05925,-0.25543,0.26221,0.98113,0.03863,0.17272,1,1,1,1
42,-0.21921,-0.08227,0.23414,0.59877,0.04323,-0.04252,0,1,0,0
42,-0.06349,-0.24581,0.25388,0.98108,0.03865,0.17271,1,1,1,1
42,-0.15420,-0.01502,0.15493,0.39072,0.03896,0.05597,1,1,1,1
42,-0.12765,-0.20169,0.23869,0.98078,0.03870,0.17265,1,1,1,1
42,-0.07059,0.12460,0.14321,0.03446,0.03570,-0.82546,0,1,1,0
42,-0.24183,0.13829,0.27857,0.03435,0.04367,-0.90700,0,1,1,0
42,0.09865,0.12795,0.16157,0.03848,0.03451,-0.76390,0,1,1,0
42,0.21672,-0.08540,0.23294,0.97532,0.03428,0.17699,1,1,1,1
42,-0.20943,-0.11127,0.23715,0.96600,0.04318,0.16774,1,1,1,1
42,-0.04591,0.37619,0.37898,0.03204,0.06278,-1.03878,0,1,1,0
42,-0.37727,-0.12894,0.39870,0.90950,0.04319,0.14690,1,1,1,1
42,-0.16892,-0.07636,0.18538,0.92216,0.04325,0.16354,1,1,1,1
42,0.06077,-0.26982,0.27658,0.98129,0.02752,0.18355,1,1,1,1
42,0.00260,0.06225,0.06230,0.03903,0.02713,-0.64767,0,1,1,0
42,0.30529,-0.07544,0.31448,0.97530,0.03471,0.17658,1,1,1,1
42,-0.02555,-0.37442,0.37529,0.98424,0.03898,0.17240,1,1,1,1
42,0.04259,0.19912,0.20362,0.03399,0.06066,-1.01620,0,1,1,0
42,0.28456,-0.08292,0.29639,0.97536,0.03459,0.17670,1,1,1,1
42,-0.02514,-0.04427,0.05091,0.92155,0.03897,0.16369,1,1,1,1
42,0.19187,-0.21234,0.28619,0.97657,0.03633,0.17500,1,1,1,1
42,0.36255,-0.12476,0.38341,0.97588,0.07180,0.12734,1,1,1,1
42,-0.24239,0.14471,0.28230,0.03428,0.04368,-0.90785,0,1,1,0
42,0.15319,0.31527,0.35052,0.03312,0.06404,-1.03642,0,1,1,0
42,-0.02872,-0.33312,0.33436,0.98406,0.03415,0.17729,1,1,1,1
42,-0.16939,0.13984,0.21966,0.03457,0.03553,-0.82223,0,1,1,0
42,-0.10381,0.23909,0.26065,0.03313,0.03597,-0.84459,0,1,1,0
42,0.04635,-0.31948,0.32282,0.98153,0.02743,0.18364,1,1,1,1
42,0.31378,-0.11013,0.33255,0.97568,0.03715,0.17416,1,1,1,1
42,-0.07060,-0.27347,0.28244,0.98122,0.03861,0.17275,1,1,1,1
42,0.35182,0.09893,0.36547,0.09237,0.03566,-0.39510,0,1,1,0
42,-0.14220,0.28890,0.32200,0.03256,0.06818,-1.05493,0,1,1,0
42,-0.07160,0.19925,0.21173,0.03363,0.03593,-0.83804,0,1,1,0
42,0.18443,0.10793,0.21369,0.03917,0.03483,-0.76027,0,1,1,0
42,0.14028,0.05031,0.14903,0.71552,0.03442,-0.04748,0,1,0,0
42,-0.21047,0.31596,0.37964,0.03214,0.06807,-1.05709,0,1,1,0
42,-0.11169,-0.29823,0.31846,0.98386,0.05786,0.14955,1,1,1,1
42,0.25615,0.27875,0.37857,0.03370,0.07321,-1.06412,0,1,1,0
42,0.28277,0.05168,0.28746,0.71773,0.03509,-0.04907,0,1,0,0
42,-0.33763,0.04990,0.34129,0.08045,0.04345,-0.53582,0,1,1,0
42,-0.33329,-0.14839,0.36483,0.96687,0.05792,0.14815,1,1,1,1
42,-0.04383,0.29190,0.29517,0.03279,0.06134,-1.02776,0,1,1,0
42,0.25501,0.23739,0.34840,0.03761,0.03575,-0.78948,0,1,1,0
42,0.23645,-0.21529,0.31978,0.97664,0.03651,0.17482,1,1,1,1
42,0.12038,-0.23101,0.26050,0.98112,0.02770,0.18338,1,1,1,1
42,0.15678,0.15159,0.21808,0.03839,0.03487,-0.76953,0,1,1,0
42,0.23533,0.30196,0.38284,0.03340,0.07341,-1.06636,0,1,1,0
42,0.03245,0.14070,0.14439,0.03462,0.02741,-0.70665,0,1,1,0
42,0.02986,0.02057,0.03626,0.71589,0.02709,-0.02990,0,1,0,0
42,0.30795,-0.01821,0.30849,0.72322,0.03494,-0.04859,0,1,0,0
42,-0.15839,-0.18642,0.24462,0.98067,0.03872,0.17262,1,1,1,1
42,-0.30357,0.19697,0.36187,0.03357,0.04376,-0.91590,0,1,1,0
42,0.08108,-0.13062,0.15374,0.92970,0.02776,0.17190,1,1,1,1
42,0.02456,-0.14151,0.14363,0.92978,0.02761,0.17200,1,1,1,1
42,-0.10829,0.16058,0.19368,0.03394,0.03572,-0.83200,0,1,1,0
42,-0.09002,0.09067,0.12777,0.03480,0.03555,-0.81976,0,1,1,0
42,0.00520,-0.20029,0.20036,0.98087,0.03872,0.17263,1,1,1,1
42,-0.10656,-0.17776,0.20725,0.98065,0.03873,0.17261,1,1,1,1
42,-0.13534,0.36390,0.38825,0.03193,0.06970,-1.06356,0,1,1,0
42,-0.24949,-0.08965,0.26511,0.59907,0.04322,-0.04270,0,1,0,0
42,0.23200,-0.09623,0.25117,0.97545,0.03431,0.17697,1,1,1,1
42,0.21676,-0.11516,0.24545,0.97564,0.03418,0.17710,1,1,1,1
42,-0.28817,-0.13372,0.31768,0.96652,0.04315,0.16778,1,1,1,1
42,0.23642,-0.24616,0.34131,0.98178,0.03644,0.17497,1,1,1,1
42,-0.26765,0.21900,0.34583,0.03346,0.04384,-0.91763,0,1,1,0
42,-0.03079,-0.37984,0.38108,0.98426,0.03901,0.17237,1,1,1,1
42,-0.12857,0.17365,0.21607,0.03373,0.03571,-0.83437,0,1,1,0
42,0.12994,-0.34762,0.37111,0.98172,0.02756,0.18353,1,1,1,1
42,-0.27404,0.16834,0.32162,0.03393,0.04371,-0.91167,0,1,1,0
42,0.24563,-0.10940,0.26889,0.97561,0.03432,0.17696,1,1,1,1
42,-0.09168,-0.37008,0.38127,0.98419,0.05844,0.14878,1,1,1,1
42,0.01618,0.17218,0.17294,0.03420,0.02745,-0.71278,0,1,1,0
42,0.04304,-0.12011,0.12759,0.92846,0.02768,0.17096,1,1,1,1
42,0.02639,0.37414,0.37506,0.03224,0.08958,-1.10928,0,1,1,0
42,0.25064,0.15860,0.29660,0.03870,0.03537,-0.77241,0,1,1,0
42,0.17468,-0.03720,0.17859,0.72245,0.03427,-0.04699,0,1,0,0
42,0.08300,-0.12073,0.14651,0.92902,0.02778,0.17137,1,1,1,1
42,-0.19861,-0.15953,0.25475,0.96770,0.04310,0.16785,1,1,1,1
42,-0.07821,0.06640,0.10260,0.03860,0.03551,-0.77530,0,1,1,0
42,-0.32381,-0.00653,0.32388,0.04696,0.04336,-0.77931,0,1,1,0
42,-0.05843,-0.08572,0.10374,0.92448,0.03888,0.16574,1,1,1,1
42,-0.15906,0.30455,0.34359,0.03237,0.06832,-1.05651,0,1,1,0
42,-0.18648,-0.05840,0.19541,0.59722,0.04328,-0.04148,0,1,0,0
42,-0.36506,-0.03970,0.36721,0.04773,0.04331,-0.77171,0,1,1,0
42,-0.07747,-0.27325,0.28402,0.98122,0.03414,0.17726,1,1,1,1
42,-0.31099,0.17429,0.35650,0.03376,0.04371,-0.91338,0,1,1,0
42,-0.05671,0.15875,0.16858,0.03412,0.03583,-0.83118,0,1,1,0
42,0.34687,0.13031,0.37054,0.09150,0.03578,-0.40007,0,1,1,0
42,-0.21046,-0.25356,0.32952,0.98359,0.05811,0.14919,1,1,1,1
42,-0.00076,-0.15720,0.15720,0.93057,0.03879,0.16853,1,1,1,1
42,-0.14416,-0.30086,0.33361,0.98385,0.05811,0.14920,1,1,1,1
42,-0.05348,0.27907,0.28415,0.03289,0.06103,-1.02576,0,1,1,0
42,0.04016,0.23416,0.23758,0.03360,0.06123,-1.02149,0,1,1,0
42,-0.36104,-0.09832,0.37419,0.59872,0.04322,-0.04247,0,1,0,0
42,0.24740,0.26869,0.36524,0.03378,0.07283,-1.06250,0,1,1,0
42,-0.07176,-0.22591,0.23703,0.98096,0.03867,0.17268,1,1,1,1
42,0.01319,0.20401,0.20443,0.03384,0.06044,-1.01630,0,1,1,0
42,0.18871,0.06101,0.19833,0.71553,0.03467,-0.04810,0,1,0,0
42,0.05817,-0.12271,0.13580,0.92885,0.02771,0.17126,1,1,1,1
42,-0.18888,0.26580,0.32608,0.03264,0.06735,-1.05156,0,1,1,0
42,0.33440,0.16977,0.37502,0.09040,0.03589,-0.40601,0,1,1,0
42,0.33802,-0.19859,0.39204,0.97658,0.07136,0.12821,1,1,1,1
42,-0.19618,0.24220,0.31169,0.03285,0.06687,-1.04863,0,1,1,0
42,0.36329,-0.11111,0.37990,0.97574,0.07179,0.12732,1,1,1,1
42,0.24955,0.16129,0.29713,0.03866,0.03538,-0.77299,0,1,1,0
42,0.21406,-0.33725,0.39945,0.98222,0.06907,0.13294,1,1,1,1
42,0.06518,0.03851,0.07571,0.71516,0.03406,-0.04663,0,1,0,0
42,-0.20467,0.12876,0.24180,0.03457,0.04367,-0.90473,0,1,1,0
42,0.11189,-0.19972,0.22892,0.98094,0.02772,0.18335,1,1,1,1
42,-0.33680,0.15573,0.37106,0.03387,0.04365,-0.91185,0,1,1,0
42,0.10007,-0.05018,0.11194,0.92383,0.03392,0.16588,1,1,1,1
42,-0.02594,-0.20734,0.20895,0.98089,0.03870,0.17265,1,1,1,1
42,-0.17284,-0.23435,0.29119,0.98351,0.05765,0.14982,1,1,1,1
42,-0.36209,0.11400,0.37961,0.03293,0.04357,-0.92089,0,1,1,0
42,-0.16907,0.15481,0.22924,0.03441,0.03557,-0.82464,0,1,1,0
42,0.12494,0.34408,0.36606,0.03277,0.09057,-1.10903,0,1,1,0
42,-0.27915,0.26852,0.38734,0.03298,0.04395,-0.92355,0,1,1,0
42,-0.11198,0.30343,0.32343,0.03251,0.06086,-1.02777,0,1,1,0
42,-0.01949,-0.10213,0.10398,0.92630,0.03887,0.16674,1,1,1,1
42,0.15535,-0.19997,0.25322,0.97642,0.03621,0.17512,1,1,1,1
42,0.27878,-0.21743,0.35354,0.97670,0.07002,0.13042,1,1,1,1
42,-0.02680,-0.25590,0.25730,0.98116,0.03863,0.17272,1,1,1,1
42,0.07173,-0.23992,0.25041,0.98114,0.02758,0.18349,1,1,1,1
42,-0.14490,-0.26378,0.30095,0.98367,0.05775,0.14969,1,1,1,1
42,-0.12532,0.09671,0.15830,0.03520,0.03550,-0.81433,0,1,1,0
42,0.07943,-0.08373,0.11541,0.92620,0.03375,0.16785,1,1,1,1
42,0.12234,0.03446,0.12710,0.71638,0.03428,-0.04715,0,1,0,0
42,-0.12608,0.29890,0.32440,0.03251,0.06065,-1.02687,0,1,1,0
42,0.30542,0.25260,0.39634,0.03412,0.07343,-1.06241,0,1,1,0
42,-0.37795,0.11737,0.39575,0.03285,0.04357,-0.92179,0,1,1,0
42,-0.11380,-0.37856,0.39529,0.98421,0.05868,0.14844,1,1,1,1
42,-0.00825,0.29073,0.29084,0.03290,0.06169,-1.02845,0,1,1,0
42,0.08613,-0.03321,0.09231,0.92223,0.03392,0.16434,1,1,1,1
42,-0.14647,-0.18782,0.23818,0.98068,0.03872,0.17263,1,1,1,1
42,-0.10931,0.27236,0.29347,0.03280,0.06038,-1.02362,0,1,1,0
42,0.15064,0.00882,0.15090,0.71871,0.03432,-0.04720,0,1,0,0
42,0.12083,0.23704,0.26606,0.03382,0.06217,-1.02400,0,1,1,0
42,-0.33688,-0.04613,0.34003,0.04816,0.04329,-0.76761,0,1,1,0
42,0.02458,-0.26279,0.26394,0.98123,0.02746,0.18361,1,1,1,1
42,0.02241,-0.02666,0.03482,0.92075,0.02696,0.16225,1,1,1,1
42,-0.18207,-0.28143,0.33519,0.98374,0.05819,0.14909,1,1,1,1
42,-0.13689,0.20631,0.24759,0.03337,0.03579,-0.83968,0,1,1,0
42,-0.17699,0.15054,0.23235,0.03443,0.03554,-0.82407,0,1,1,0
42,0.19623,0.30326,0.36121,0.03336,0.07279,-1.06475,0,1,1,0
42,-0.02868,-0.09810,0.10221,0.92586,0.03888,0.16652,1,1,1,1
42,-0.06898,-0.24540,0.25491,0.98107,0.03865,0.17271,1,1,1,1
42,-0.14879,0.27538,0.31301,0.03266,0.06787,-1.05323,0,1,1,0
42,-0.33181,-0.08875,0.34348,0.59825,0.04323,-0.04213,0,1,0,0
42,0.15997,-0.25786,0.30345,0.98129,0.03611,0.17530,1,1,1,1
42,-0.06517,0.03501,0.07397,0.08534,0.03545,-0.42413,0,1,1,0
42,-0.14005,-0.29644,0.32786,0.98383,0.05804,0.14930,1,1,1,1
42,0.19026,0.33927,0.38897,0.03299,0.09200,-1.11073,0,1,1,0
42,-0.21728,-0.04668,0.22224,0.39933,0.04329,0.04998,1,1,1,1
42,-0.10635,0.30785,0.32570,0.03248,0.06099,-1.02849,0,1,1,0
42,-0.34860,0.11195,0.36613,0.03299,0.04356,-0.92022,0,1,1,0
42,-0.20480,0.02969,0.20694,0.03891,0.04345,-0.85827,0,1,1,0
42,-0.11577,-0.03019,0.11964,0.91899,0.03895,0.16130,1,1,1,1
42,-0.14255,0.04685,0.15005,0.03574,0.03907,-0.84844,0,1,1,0
42,-0.16110,-0.06121,0.17233,0.92100,0.03889,0.16323,1,1,1,1
42,-0.11574,-0.19253,0.22464,0.98073,0.03871,0.17264,1,1,1,1
42,-0.36885,0.00402,0.36887,0.08134,0.04338,-0.53013,0,1,1,0
42,0.06818,-0.36108,0.36746,0.98422,0.02742,0.18374,1,1,1,1
42,-0.01040,-0.22706,0.22730,0.98101,0.03868,0.17268,1,1,1,1
42,-0.09468,-0.00719,0.09495,0.39121,0.03900,0.05608,1,1,1,1
42,-0.29206,0.14761,0.32724,0.03409,0.04366,-0.90959,0,1,1,0
42,0.69881,0.96911,1.19479,0.02945,0.97584,-1.11279,0,0,1,1
42,0.91005,0.18289,0.92825,0.09331,0.97822,-1.10337,0,0,1,1
42,-0.71646,-0.85491,1.11543,0.98206,0.87250,-0.57260,0,0,1,1
42,-0.63772,0.92234,1.12133,0.02886,0.96735,-1.11507,0,0,1,1
42,-0.74240,0.28134,0.79392,0.03215,0.51680,-1.27950,0,0,1,1
42,0.33667,-0.41137,0.53158,0.98265,0.07198,0.12846,1,0,0,0
42,-0.38879,-0.83885,0.92457,0.98562,0.86716,-0.56835,0,0,1,1
42,0.53820,0.79180,0.95739,0.03016,0.97472,-1.11304,0,0,1,1
42,0.21622,-0.94892,0.97324,0.98602,0.94816,-0.60726,0,0,1,1
42,-0.57628,0.55215,0.79810,0.03040,0.58851,-1.21366,0,0,1,1
42,0.40065,-0.78926,0.88513,0.98303,0.69044,-0.48588,0,0,1,1
42,-0.65675,0.23518,0.69759,0.03272,0.50883,-1.27694,0,0,1,1
42,-0.77000,-0.58005,0.96403,0.96404,0.92326,-0.60586,0,0,1,1
42,-0.32591,-0.93623,0.99133,0.98586,0.86826,-0.56864,0,0,1,1
42,0.84166,0.27941,0.88683,0.09034,0.97761,-1.10411,0,0,1,1
42,-0.93294,-0.76213,1.20467,0.96546,0.87371,-0.58309,0,0,1,1
42,-0.44966,0.85520,0.96621,0.02865,0.96653,-1.11531,0,0,1,1
42,-0.44234,0.04289,0.44442,0.07999,0.04345,-0.53835,0,0,1,1
42,0.41020,-0.59101,0.71941,0.98338,0.67541,-0.47722,0,0,1,1
42,-0.49862,0.27258,0.56826,0.03113,0.49934,-1.27443,0,0,1,1
42,-0.34347,0.53451,0.63535,0.03030,0.57764,-1.21643,0,0,1,1
42,-0.97872,0.92420,1.34612,0.02990,0.96243,-1.11630,0,0,1,1
42,0.39275,0.47193,0.61398,0.03217,0.10938,-1.13872,0,0,1,1
42,0.72608,-0.69321,1.00386,0.97266,0.72969,-0.51341,0,0,1,1
42,-0.83206,-0.53056,0.98682,0.96352,0.92348,-0.60621,0,0,1,1
42,0.82232,0.60900,1.02328,0.04316,0.97387,-1.11211,0,0,1,1
42,-0.36843,-0.33010,0.49468,0.96162,0.06007,0.14426,1,0,0,0
42,-0.87860,0.46741,0.99519,0.03070,0.53283,-1.28208,0,0,1,1
42,-0.23199,-0.79104,0.82435,0.98555,0.43506,-0.31143,0,0,1,1
42,-0.28604,0.30346,0.41702,0.03266,0.06723,-1.05103,0,0,1,1
42,-0.94357,-0.60486,1.12080,0.96416,0.92537,-0.60682,0,0,1,1
42,-0.89219,0.87512,1.24973,0.02754,0.96177,-1.11664,0,0,1,1
42,0.46821,0.28692,0.54913,0.08828,0.08000,-0.78386,0,0,1,1
42,0.75423,-0.93301,1.19974,0.98356,0.74221,-0.51302,0,0,1,1
42,-0.10323,-0.52493,0.53498,0.98479,0.41399,-0.29464,0,0,1,1
42,0.68657,-0.37500,0.78231,0.98274,0.70736,-0.49530,0,0,1,1
42,0.54539,0.74610,0.92418,0.03045,0.97444,-1.11309,0,0,1,1
42,0.71170,-0.99663,1.22466,0.98368,0.73998,-0.51181,0,0,1,1
42,-0.16328,-0.65820,0.67815,0.98520,0.42469,-0.30321,0,0,1,1
42,-0.41425,-0.05833,0.41834,0.04797,0.04330,-0.76935,0,0,1,1
42,-0.48078,0.33950,0.58857,0.03067,0.50146,-1.27515,0,0,1,1
42,0.93901,-0.52758,1.07707,0.98347,0.75265,-0.51832,0,0,1,1
42,-0.02696,-0.88304,0.88345,0.98582,0.51042,-0.36904,0,0,1,1
42,0.29943,0.74055,0.79880,0.03010,0.12852,-1.16211,0,0,1,1
42,-0.52955,-0.72502,0.89782,0.98527,0.86697,-0.56848,0,0,1,1
42,0.11938,-0.54376,0.55671,0.98493,0.11961,0.04833,1,0,0,0
42,0.98215,0.66537,1.18631,0.04290,0.97444,-1.11199,0,0,1,1
42,-0.40079,-0.55288,0.68287,0.98476,0.42975,-0.30765,0,0,1,1
42,-0.44445,-0.67574,0.80880,0.98515,0.43833,-0.31433,0,0,1,1
42,-0.12258,0.62716,0.63903,0.03016,0.74974,-1.17203,0,0,1,1
42,0.42409,0.91474,1.00827,0.02937,0.97530,-1.11294,0,0,1,1
42,-0.57860,-0.92876,1.09424,0.98577,0.87195,-0.57016,0,0,1,1
42,-0.57606,-0.85746,1.03299,0.98560,0.87054,-0.56970,0,0,1,1
42,0.50600,0.19904,0.54374,0.09058,0.04644,-0.51258,0,0,1,1
42,0.88090,-0.46026,0.99389,0.98320,0.74250,-0.51339,0,0,1,1
42,-0.35165,0.40767,0.53838,0.03171,0.12542,-1.15635,0,0,1,1
42,-0.49980,0.42212,0.65421,0.03129,0.57129,-1.21794,0,0,1,1
42,-0.48622,0.99395,1.10651,0.02816,0.96926,-1.11462,0,0,1,1
42,-0.27063,-0.48250,0.55322,0.98456,0.06089,0.14537,1,0,0,0
42,0.90500,-0.80319,1.21002,0.97321,0.75495,-0.52584,0,0,1,1
42,-0.97200,0.67033,1.18073,0.02964,0.64449,-1.19939,0,0,1,1
42,-0.85971,0.72524,1.12476,0.02805,0.64605,-1.19920,0,0,1,1
42,-0.82518,0.63176,1.03925,0.02845,0.60459,-1.20980,0,0,1,1
42,-0.32937,0.73457,0.80503,0.02929,0.76399,-1.16842,0,0,1,1
42,0.60035,0.34436,0.69210,0.08212,0.08999,-0.86964,0,0,1,1
42,0.09667,-0.46488,0.47483,0.98465,0.02736,0.18381,1,0,0,0
42,0.90114,0.62239,1.09518,0.04316,0.97406,-1.11206,0,0,1,1
42,-0.74117,0.85554,1.13194,0.02894,0.96098,-1.11675,0,0,1,1
42,0.16572,0.69494,0.71442,0.03211,0.11582,-1.14611,0,0,1,1
42,0.07737,0.52053,0.52625,0.03122,0.09775,-1.12626,0,0,1,1
42,0.32177,-0.54511,0.63299,0.98317,0.65535,-0.46578,0,0,1,1
42,0.56550,-0.32354,0.65151,0.98243,0.07731,0.11982,1,0,0,0
42,0.92634,-0.80901,1.22988,0.97324,0.75742,-0.52704,0,0,1,1
42,-0.85696,0.31770,0.91396,0.03164,0.52582,-1.28220,0,0,1,1
42,-0.53884,-0.97247,1.11177,0.98588,0.87220,-0.57019,0,0,1,1
42,0.81004,-0.23776,0.84421,0.97731,0.10887,0.06202,1,0,0,0
42,-0.59869,-0.33860,0.68781,0.96153,0.91814,-0.60459,0,0,1,1
42,0.42966,-0.44368,0.61763,0.98285,0.66563,-0.47195,0,0,1,1
42,-0.18400,0.84413,0.86395,0.02902,0.78957,-1.16176,0,0,1,1
42,-0.99676,-0.63277,1.18065,0.96438,0.92612,-0.60708,0,0,1,1
42,0.04835,-0.60221,0.60415,0.98510,0.47238,-0.34111,0,0,1,1
42,0.95996,0.39245,1.03708,0.08239,0.98153,-1.10462,0,0,1,1
42,-0.13341,0.44560,0.46514,0.03130,0.10375,-1.13420,0,0,1,1
42,-0.77674,-0.48059,0.91339,0.96305,0.92230,-0.60588,0,0,1,1
42,0.97052,-0.66874,1.17861,0.97273,0.75974,-0.52850,0,0,1,1
42,0.42583,0.24750,0.49253,0.08898,0.07550,-0.75225,0,0,1,1
42,0.55219,-0.50548,0.74862,0.98317,0.69272,-0.48705,0,0,1,1
42,0.77018,0.81375,1.12043,0.04151,0.97509,-1.11195,0,0,1,1
42,0.80141,-0.58357,0.99137,0.97221,0.73547,-0.51666,0,0,1,1
42,0.75269,-0.13183,0.76414,0.97631,0.10546,0.06753,1,0,0,0
42,0.22992,0.49155,0.54267,0.03166,0.10202,-1.13082,0,0,1,1
42,0.87270,-0.51770,1.01470,0.98340,0.74318,-0.51361,0,0,1,1
42,0.58713,-0.79974,0.99212,0.98316,0.71673,-0.50005,0,0,1,1
42,-0.34845,-0.95801,1.01941,0.98590,0.86908,-0.56894,0,0,1,1
42,0.70028,0.45613,0.83573,0.04449,0.97256,-1.11231,0,0,1,1
42,0.37826,0.66914,0.76866,0.03066,0.12696,-1.15977,0,0,1,1
42,-0.92191,0.17833,0.93900,0.03252,0.52471,-1.28191,0,0,1,1
42,-0.02539,0.79614,0.79654,0.02945,0.78749,-1.16226,0,0,1,1
42,-0.12852,-0.96998,0.97846,0.98598,0.90592,-0.58687,0,0,1,1
42,-0.29424,0.95417,0.99851,0.02848,0.96916,-1.11463,0,0,1,1
42,-0.59209,-0.42476,0.72869,0.96257,0.06280,0.13988,1,0,0,0
42,-0.69723,-0.08108,0.70193,0.08133,0.43312,-1.21277,0,0,1,1
42,0.91391,0.61375,1.10087,0.04326,0.97402,-1.11206,0,0,1,1
42,0.07240,0.90825,0.91113,0.03086,0.81133,-1.15588,0,0,1,1
42,0.02554,-0.50856,0.50920,0.98478,0.03960,0.17176,1,0,0,0
42,-0.69966,0.89483,1.13589,0.02887,0.96660,-1.11527,0,0,1,1
42,-0.96474,-0.71502,1.20083,0.96508,0.92647,-0.60691,0,0,1,1
42,-0.85435,0.81317,1.17947,0.02776,0.96116,-1.11679,0,0,1,1
42,0.05261,-0.54883,0.55135,0.98493,0.03977,0.17157,1,0,0,0
42,0.68710,0.54113,0.87460,0.04358,0.97321,-1.11224,0,0,1,1
42,-0.77943,0.29092,0.83195,0.03200,0.51969,-1.28039,0,0,1,1
42,0.65191,-0.03760,0.65300,0.96562,0.08020,0.10909,1,0,0,0
42,0.85675,-0.73310,1.12758,0.97291,0.74761,-0.52237,0,0,1,1
42,-0.43111,-0.58692,0.72823,0.98487,0.43302,-0.31023,0,0,1,1
42,0.86409,0.21943,0.89152,0.09203,0.97790,-1.10370,0,0,1,1
42,-0.17500,-0.91861,0.93513,0.98586,0.43910,-0.31447,0,0,1,1
42,-0.58110,0.04843,0.58311,0.03669,0.49457,-1.27102,0,0,1,1
42,-0.93226,-0.62123,1.12028,0.96432,0.92539,-0.60676,0,0,1,1
42,0.81169,0.42683,0.91708,0.08126,0.97250,-1.10708,0,0,1,1
42,-0.82817,0.30628,0.88299,0.03178,0.52352,-1.28154,0,0,1,1
42,0.16844,0.83142,0.84831,0.03137,0.12837,-1.15958,0,0,1,1
42,-0.68618,-0.85852,1.09905,0.98208,0.87215,-0.57245,0,0,1,1
42,0.37229,0.19239,0.41906,0.09004,0.03623,-0.41127,0,0,1,1
42,0.56660,-0.38898,0.68727,0.98272,0.68669,-0.48399,0,0,1,1
42,0.96776,0.61780,1.14814,0.04331,0.97411,-1.11203,0,0,1,1
42,-0.62190,-0.82429,1.03258,0.98550,0.87057,-0.56977,0,0,1,1
42,0.75895,0.38138,0.84939,0.08193,0.10172,-0.92370,0,0,1,1
42,-0.37921,0.89330,0.97046,0.02859,0.96760,-1.11503,0,0,1,1
42,0.63841,0.64099,0.90467,0.04261,0.97386,-1.11217,0,0,1,1
42,0.83837,-0.77158,1.13939,0.97305,0.74654,-0.52175,0,0,1,1
42,-0.49614,-0.09082,0.50438,0.59692,0.04330,-0.04129,0,0,1,1
42,-0.64219,0.15479,0.66058,0.03346,0.50411,-1.27528,0,0,1,1
42,0.44342,-0.10348,0.45533,0.97574,0.07390,0.12380,1,0,0,0
42,0.01159,0.43045,0.43060,0.03174,0.09175,-1.11500,0,0,1,1
42,-0.84748,0.19003,0.86852,0.03261,0.52016,-1.28047,0,0,1,1
42,-0.75624,0.78097,1.08711,0.02798,0.64754,-1.19882,0,0,1,1
42,0.22137,0.68835,0.72307,0.03029,0.11859,-1.15311,0,0,1,1
42,-0.38948,-0.26572,0.47149,0.96075,0.05956,0.14499,1,0,0,0
42,0.90539,-0.58755,1.07933,0.97231,0.74971,-0.52380,0,0,1,1
42,0.10967,-0.44044,0.45389,0.98456,0.02741,0.18376,1,0,0,0
42,-0.77864,0.48467,0.91716,0.02920,0.52759,-1.28078,0,0,1,1
42,-0.80617,0.14258,0.81869,0.03312,0.51537,-1.27887,0,0,1,1
42,0.74203,-0.75563,1.05905,0.97293,0.73434,-0.51564,0,0,1,1
42,0.93613,0.51338,1.06766,0.08014,0.97335,-1.10707,0,0,1,1
42,-0.68639,0.09091,0.69239,0.03583,0.50447,-1.27448,0,0,1,1
42,-0.61209,0.42299,0.74403,0.02984,0.51444,-1.27889,0,0,1,1
42,-0.31880,-0.54045,0.62747,0.98475,0.42523,-0.30395,0,0,1,1
42,0.04250,0.69290,0.69420,0.03008,0.10872,-1.14354,0,0,1,1
42,0.18770,-0.61781,0.64569,0.98519,0.12165,0.04502,1,0,0,0
42,0.45076,-0.54842,0.70989,0.98326,0.67870,-0.47916,0,0,1,1
42,0.73214,-0.35722,0.81464,0.97818,0.71430,-0.50188,0,0,1,1
42,0.88600,0.14599,0.89794,0.09423,0.97822,-1.10318,0,0,1,1
42,-0.17133,-0.97691,0.99182,0.98599,0.86656,-0.56788,0,0,1,1
42,-0.78680,-0.48059,0.92196,0.96304,0.92242,-0.60594,0,0,1,1
42,0.97188,-0.97202,1.37455,0.97379,0.76475,-0.53028,0,0,1,1
42,-0.64311,-0.14556,0.65938,0.59980,0.43401,-0.56873,0,0,1,1
42,0.95426,-0.04637,0.95539,0.96627,0.65422,-0.47585,0,0,1,1
42,0.22019,0.41094,0.46621,0.03232,0.09633,-1.12041,0,0,1,1
42,-0.36308,-0.79765,0.87640,0.98552,0.44103,-0.31625,0,0,1,1
42,-0.54398,0.90476,1.05570,0.02837,0.96730,-1.11512,0,0,1,1
42,-0.14946,-0.52957,0.55026,0.98478,0.41651,-0.29673,0,0,1,1
42,0.11455,-0.69593,0.70530,0.98540,0.72973,-0.50547,0,0,1,1
42,0.68244,0.10062,0.68982,0.09431,0.08711,-0.79529,0,0,1,1
42,-0.70861,-0.63879,0.95404,0.96461,0.86802,-0.58137,0,0,1,1
42,-0.68268,-0.93812,1.16022,0.98576,0.87352,-0.57079,0,0,1,1
42,-0.36900,-0.35153,0.50964,0.96189,0.06030,0.14393,1,0,0,0
42,0.47763,0.41473,0.63256,0.04452,0.10926,-1.10036,0,0,1,1
42,-0.80471,-0.69645,1.06423,0.96503,0.87072,-0.58218,0,0,1,1
42,-0.20142,-0.45113,0.49406,0.98447,0.06005,0.14655,1,0,0,0
42,-0.56611,0.97481,1.12727,0.02813,0.96862,-1.11479,0,0,1,1
42,0.60092,-0.66543,0.89660,0.98278,0.71090,-0.49718,0,0,1,1
42,0.51888,0.98990,1.11764,0.02914,0.97579,-1.11283,0,0,1,1
42,0.60733,0.03787,0.60851,0.09573,0.07890,-0.73998,0,0,1,1
42,-0.26672,-0.60478,0.66098,0.98499,0.42647,-0.30481,0,0,1,1
42,0.93167,0.44284,1.03156,0.08134,0.97281,-1.10699,0,0,1,1
42,-0.77617,0.18110,0.79702,0.03287,0.51487,-1.27877,0,0,1,1
42,0.41894,0.50486,0.65604,0.03195,0.11396,-1.14453,0,0,1,1
42,-0.43973,-0.87329,0.97775,0.98569,0.86876,-0.56894,0,0,1,1
42,-0.86696,-0.58611,1.04649,0.96404,0.92440,-0.60641,0,0,1,1
42,-0.97692,0.83926,1.28792,0.02755,0.96187,-1.11662,0,0,1,1
42,-0.13674,-0.43638,0.45730,0.98444,0.05943,0.14742,1,0,0,0
42,-0.06007,0.94141,0.94332,0.02880,0.81098,-1.15618,0,0,1,1
42,-0.85450,-0.99033,1.30802,0.98250,0.87642,-0.57388,0,0,1,1
42,0.55524,0.75802,0.93962,0.03039,0.97453,-1.11307,0,0,1,1
42,0.97919,-0.52425,1.11070,0.98348,0.75796,-0.52095,0,0,1,1
43,0.25296,0.11421,0.27755,0.72657,0.10425,-0.01699,0,1,0,0
43,0.24024,0.15032,0.28339,0.08279,0.10427,-0.86706,0,1,1,0
43,0.14305,-0.16946,0.22176,0.88896,0.04938,0.12803,1,1,1,1
43,0.36335,0.15926,0.39672,0.73593,0.10439,-0.00950,0,1,0,0
43,-0.06120,0.19345,0.20290,0.04809,0.06517,-0.87998,0,1,1,0
43,-0.01572,0.14165,0.14252,0.04829,0.07687,-0.93765,0,1,1,0
43,0.08298,0.19695,0.21372,0.08279,0.07697,-0.72883,0,1,1,0
43,-0.23025,0.03169,0.23242,0.17617,0.06599,-0.31140,0,1,1,0
43,-0.03709,0.13631,0.14126,0.17436,0.06513,-0.31050,0,1,1,0
43,0.00913,-0.15262,0.15290,0.81941,0.06524,0.09731,1,1,1,1
43,0.08754,0.08271,0.12043,0.11375,0.07686,-0.57733,0,1,1,0
43,0.14560,-0.04979,0.15388,0.88577,0.07678,0.08909,1,1,1,1
43,-0.33017,0.17483,0.37360,0.17471,0.08272,-0.40927,0,1,1,0
43,-0.11050,0.06747,0.12947,0.17541,0.06548,-0.31013,0,1,1,0
43,-0.34439,0.03776,0.34646,0.17640,0.03199,-0.09927,0,1,1,0
43,-0.01979,-0.20735,0.20829,0.82097,0.03115,0.15159,1,1,1,1
43,0.12439,0.35144,0.37280,0.04811,0.07715,-0.94001,0,1,1,0
43,0.36897,0.14270,0.39560,0.73732,0.10438,-0.00840,0,1,0,0
43,0.27844,0.19504,0.33995,0.08271,0.10435,-0.86775,0,1,1,0
43,-0.18889,-0.06703,0.20043,0.17726,0.03158,-0.09548,0,1,1,0
43,0.01674,-0.00140,0.01680,0.87614,0.06506,0.10479,1,1,1,1
43,0.03206,-0.12172,0.12588,0.81860,0.06512,0.09738,1,1,1,1
43,0.12985,0.25370,0.28500,0.08268,0.07705,-0.72986,0,1,1,0
43,-0.05904,0.19099,0.19991,0.04810,0.06516,-0.87987,0,1,1,0
43,-0.02090,0.01323,0.02473,0.17583,0.06519,-0.30747,0,1,1,0
43,-0.37269,0.11266,0.38934,0.17558,0.08304,-0.40874,0,1,1,0
43,-0.06380,0.01301,0.06511,0.17595,0.06535,-0.30815,0,1,1,0
43,-0.22923,0.15903,0.27899,0.17462,0.06586,-0.31421,0,1,1,0
43,-0.37752,-0.06551,0.38316,0.17772,0.03200,-0.09765,0,1,1,0
43,-0.31262,-0.11669,0.33369,0.17816,0.03182,-0.09592,0,1,1,0
43,0.02531,-0.15378,0.15585,0.81967,0.06518,0.09745,1,1,1,1
43,-0.04091,-0.37617,0.37839,0.89172,0.03854,0.14301,1,1,1,1
43,0.19490,-0.14709,0.24418,0.88906,0.04948,0.12789,1,1,1,1
43,-0.12598,-0.03657,0.13118,0.17673,0.06564,-0.30811,0,1,1,0
43,0.11408,-0.29321,0.31462,0.88426,0.03156,0.15230,1,1,1,1
43,-0.05419,0.08748,0.10290,0.17501,0.06524,-0.30966,0,1,1,0
43,0.05902,0.34976,0.35471,0.04798,0.07713,-0.94071,0,1,1,0
43,-0.09918,-0.24599,0.26523,0.88174,0.03129,0.15262,1,1,1,1
43,-0.28658,-0.14140,0.31956,0.79241,0.03175,0.14998,1,1,1,1
43,-0.33162,-0.13833,0.35931,0.17846,0.03185,-0.09574,0,1,1,0
43,-0.24620,0.14303,0.28473,0.17486,0.06595,-0.31415,0,1,1,0
43,-0.28130,0.15911,0.32318,0.17476,0.06608,-0.31514,0,1,1,0
43,0.34023,-0.19180,0.39057,0.88433,0.04951,0.12756,1,1,1,1
43,0.30164,-0.23248,0.38084,0.88485,0.04937,0.12778,1,1,1,1
43,-0.30665,0.15821,0.34506,0.17484,0.08240,-0.40721,0,1,1,0
43,-0.05047,-0.25632,0.26125,0.82226,0.03118,0.15156,1,1,1,1
43,0.15934,0.01125,0.15974,0.86867,0.07684,0.08659,1,1,1,1
43,-0.13896,0.14719,0.20242,0.17451,0.06551,-0.31240,0,1,1,0
43,0.12371,-0.20398,0.23857,0.88959,0.06488,0.10644,1,1,1,1
43,0.14001,0.13182,0.19230,0.08285,0.07693,-0.72821,0,1,1,0
43,-0.00511,-0.26355,0.26360,0.88944,0.03109,0.15303,1,1,1,1
43,0.26096,-0.27971,0.38254,0.88549,0.04922,0.12804,1,1,1,1
43,0.36221,-0.09623,0.37478,0.88228,0.10420,0.04862,1,1,1,1
43,0.38845,-0.08715,0.39811,0.82115,0.10423,0.03258,1,1,1,1
43,-0.14541,-0.07140,0.16199,0.87647,0.06575,0.10382,1,1,1,1
43,0.01125,-0.14401,0.14445,0.81912,0.06523,0.09730,1,1,1,1
43,-0.23552,0.18746,0.30102,0.17429,0.06586,-0.31497,0,1,1,0
43,0.01634,-0.12661,0.12766,0.81856,0.06519,0.09727,1,1,1,1
43,-0.23144,-0.21407,0.31526,0.79624,0.03159,0.15034,1,1,1,1
43,0.37545,0.07073,0.38205,0.83162,0.10433,0.03561,1,1,1,1
43,-0.18129,-0.33683,0.38252,0.86470,0.03939,0.14082,1,1,1,1
43,-0.22806,0.27324,0.35591,0.04759,0.08184,-0.96217,0,1,1,0
43,-0.17925,0.06813,0.19176,0.17559,0.06575,-0.31130,0,1,1,0
43,0.38360,-0.04720,0.38649,0.81958,0.10425,0.03204,1,1,1,1
43,-0.00023,0.24175,0.24175,0.04810,0.07698,-0.93934,0,1,1,0
43,-0.22969,0.05022,0.23512,0.17595,0.06597,-0.31179,0,1,1,0
43,0.23283,0.21712,0.31835,0.08269,0.10433,-0.86773,0,1,1,0
43,0.25896,0.10448,0.27924,0.72752,0.10425,-0.01614,0,1,0,0
43,0.14240,0.10420,0.17645,0.04801,0.07691,-0.93958,0,1,1,0
43,0.22185,-0.32123,0.39040,0.88599,0.03144,0.15249,1,1,1,1
43,0.07725,0.01248,0.07825,0.81413,0.07679,0.07713,1,1,1,1
43,0.30120,0.14931,0.33618,0.72544,0.10433,-0.01818,0,1,0,0
43,-0.17037,0.23589,0.29098,0.04778,0.06556,-0.88449,0,1,1,0
43,0.04844,0.22208,0.22730,0.04824,0.07698,-0.93845,0,1,1,0
43,0.28211,0.28342,0.39989,0.08258,0.10445,-0.86872,0,1,1,0
43,0.15687,-0.19262,0.24842,0.88973,0.04933,0.12814,1,1,1,1
43,0.25606,0.13791,0.29084,0.72482,0.10428,-0.01862,0,1,0,0
43,-0.03636,0.38717,0.38888,0.04771,0.07714,-0.94245,0,1,1,0
43,0.10648,0.02214,0.10875,0.88314,0.07682,0.08867,1,1,1,1
43,0.11025,-0.23731,0.26167,0.89026,0.06496,0.10639,1,1,1,1
43,-0.10398,0.16092,0.19159,0.04807,0.06536,-0.88120,0,1,1,0
43,-0.37050,-0.09564,0.38264,0.17806,0.03197,-0.09700,0,1,1,0
43,-0.28560,0.13277,0.31495,0.17509,0.06612,-0.31462,0,1,1,0
43,0.24568,0.29725,0.38564,0.08257,0.10443,-0.86868,0,1,1,0
43,-0.02039,0.20838,0.20938,0.04814,0.07694,-0.93894,0,1,1,0
43,0.11541,0.10729,0.15757,0.04801,0.07690,-0.93954,0,1,1,0
43,0.12765,-0.26793,0.29679,0.88382,0.03153,0.15234,1,1,1,1
43,-0.36953,0.05588,0.37373,0.17625,0.03206,-0.09992,0,1,1,0
43,-0.32797,0.09473,0.34137,0.17567,0.06633,-0.31456,0,1,1,0
43,-0.29934,-0.04410,0.30257,0.17727,0.03183,-0.09715,0,1,1,0
43,0.09610,0.17976,0.20383,0.08280,0.07696,-0.72866,0,1,1,0
43,-0.00993,0.21558,0.21581,0.04814,0.07695,-0.93896,0,1,1,0
43,-0.06917,-0.39110,0.39717,0.82642,0.03886,0.13995,1,1,1,1
43,-0.22531,0.21584,0.31202,0.04772,0.06579,-0.88632,0,1,1,0
43,0.17142,-0.28234,0.33031,0.88462,0.03148,0.15241,1,1,1,1
43,0.01579,-0.30681,0.30722,0.89077,0.03103,0.15313,1,1,1,1
43,-0.08290,-0.15510,0.17586,0.87948,0.03130,0.15256,1,1,1,1
43,0.16780,-0.30762,0.35041,0.88515,0.03150,0.15239,1,1,1,1
43,0.18790,-0.14393,0.23669,0.88888,0.04948,0.12788,1,1,1,1
43,0.07568,0.33530,0.34373,0.04805,0.07712,-0.94025,0,1,1,0
43,0.02506,0.12620,0.12866,0.04801,0.07688,-0.93942,0,1,1,0
43,-0.09744,-0.26903,0.28613,0.82207,0.03127,0.15142,1,1,1,1
43,0.36980,-0.06493,0.37546,0.82003,0.10423,0.03223,1,1,1,1
43,-0.00988,-0.12040,0.12080,0.81796,0.06528,0.09703,1,1,1,1
43,-0.04671,-0.17358,0.17976,0.81939,0.03122,0.15145,1,1,1,1
43,0.17324,0.23755,0.29401,0.08269,0.07705,-0.72984,0,1,1,0
43,-0.16681,-0.08102,0.18544,0.17737,0.03152,-0.09498,0,1,1,0
43,-0.12885,0.18873,0.22852,0.04796,0.06543,-0.88243,0,1,1,0
43,-0.31791,-0.02019,0.31855,0.17703,0.03189,-0.09783,0,1,1,0
43,0.30232,-0.22823,0.37879,0.88477,0.04938,0.12776,1,1,1,1
43,-0.22015,0.06797,0.23040,0.17571,0.06591,-0.31201,0,1,1,0
43,-0.30646,-0.17118,0.35103,0.79341,0.03178,0.14996,1,1,1,1
43,0.24247,-0.03797,0.24542,0.87099,0.07684,0.08692,1,1,1,1
43,0.31147,0.17285,0.35622,0.08273,0.10436,-0.86769,0,1,1,0
43,0.22462,-0.16283,0.27743,0.88238,0.04947,0.12749,1,1,1,1
43,0.22604,-0.20827,0.30736,0.88349,0.04936,0.12772,1,1,1,1
43,0.00284,-0.02793,0.02807,0.87677,0.06514,0.10474,1,1,1,1
43,-0.00168,0.26271,0.26272,0.04805,0.07701,-0.93975,0,1,1,0
43,-0.21487,-0.20018,0.29367,0.79589,0.03156,0.15038,1,1,1,1
43,-0.26027,-0.28158,0.38345,0.79858,0.03967,0.13726,1,1,1,1
43,-0.12569,0.35413,0.37578,0.04761,0.08095,-0.95861,0,1,1,0
43,0.06406,-0.05197,0.08250,0.81644,0.06494,0.09737,1,1,1,1
43,0.12683,0.18972,0.22821,0.08278,0.07698,-0.72895,0,1,1,0
43,0.13644,-0.33301,0.35988,0.88538,0.03156,0.15232,1,1,1,1
43,-0.11612,-0.24414,0.27035,0.88153,0.03132,0.15257,1,1,1,1
43,0.20131,0.03337,0.20406,0.82278,0.07687,0.07874,1,1,1,1
43,0.13392,-0.21976,0.25736,0.89012,0.03354,0.14973,1,1,1,1
43,-0.11745,-0.34457,0.36404,0.82434,0.03893,0.13974,1,1,1,1
43,0.13223,-0.33652,0.36156,0.88542,0.03157,0.15231,1,1,1,1
43,-0.31408,-0.02664,0.31521,0.17710,0.03188,-0.09766,0,1,1,0
43,0.37732,-0.00756,0.37740,0.81796,0.10427,0.03148,1,1,1,1
43,0.08898,0.11080,0.14211,0.04801,0.07689,-0.93949,0,1,1,0
43,-0.10679,-0.11522,0.15710,0.87813,0.06565,0.10416,1,1,1,1
43,-0.34043,-0.19796,0.39380,0.79407,0.03977,0.13683,1,1,1,1
43,0.02379,0.06926,0.07323,0.11438,0.06497,-0.49302,0,1,1,0
43,-0.19244,-0.09955,0.21667,0.79194,0.03156,0.15027,1,1,1,1
43,-0.05574,-0.26085,0.26674,0.82234,0.03119,0.15155,1,1,1,1
43,0.29857,0.17558,0.34637,0.08273,0.10435,-0.86765,0,1,1,0
43,0.07357,0.39052,0.39739,0.04792,0.07718,-0.94130,0,1,1,0
43,-0.05139,-0.10110,0.11341,0.87830,0.06542,0.10450,1,1,1,1
43,0.08021,-0.04294,0.09099,0.88465,0.06487,0.10596,1,1,1,1
43,-0.25166,0.02838,0.25326,0.17627,0.06608,-0.31171,0,1,1,0
43,0.03338,0.10730,0.11237,0.04802,0.07686,-0.93935,0,1,1,0
43,0.10553,-0.18296,0.21121,0.88882,0.06492,0.10631,1,1,1,1
43,-0.07529,0.38595,0.39322,0.04764,0.07712,-0.94285,0,1,1,0
43,0.11360,0.20466,0.23407,0.08276,0.07699,-0.72909,0,1,1,0
43,0.03182,-0.39674,0.39801,0.90801,0.03174,0.15248,1,1,1,1
43,-0.23376,-0.02504,0.23510,0.17687,0.03170,-0.09678,0,1,1,0
43,0.37190,0.10380,0.38611,0.82447,0.10436,0.03341,1,1,1,1
43,-0.03727,-0.27620,0.27871,0.82311,0.03115,0.15164,1,1,1,1
43,-0.05119,-0.31145,0.31563,0.82410,0.03116,0.15164,1,1,1,1
43,-0.17684,0.05592,0.18547,0.17573,0.06575,-0.31099,0,1,1,0
43,0.20744,0.29589,0.36136,0.08259,0.10440,-0.86846,0,1,1,0
43,0.23998,0.05590,0.24640,0.82262,0.07691,0.07865,1,1,1,1
43,0.26635,0.14541,0.30346,0.08278,0.10430,-0.86715,0,1,1,0
43,0.04752,0.23741,0.24212,0.04821,0.07700,-0.93874,0,1,1,0
43,0.22813,-0.23467,0.32728,0.88413,0.04929,0.12785,1,1,1,1
43,-0.10334,-0.15409,0.18553,0.87925,0.03135,0.15250,1,1,1,1
43,0.09492,-0.36118,0.37344,0.88557,0.03163,0.15223,1,1,1,1
43,0.32702,0.12014,0.34838,0.72856,0.10433,-0.01541,0,1,0,0
43,0.03838,-0.17703,0.18114,0.88778,0.06516,0.10586,1,1,1,1
43,-0.26648,0.08011,0.27826,0.17568,0.06609,-0.31311,0,1,1,0
43,-0.28728,0.08643,0.30000,0.17566,0.06617,-0.31362,0,1,1,0
43,0.02092,-0.18909,0.19025,0.88787,0.06524,0.10576,1,1,1,1
43,-0.07291,0.17116,0.18605,0.04811,0.06523,-0.88016,0,1,1,0
43,0.20799,-0.16081,0.26291,0.88214,0.04946,0.12749,1,1,1,1
43,0.22482,0.18056,0.28835,0.08275,0.07701,-0.72928,0,1,1,0
43,0.15663,-0.08467,0.17805,0.88689,0.07676,0.08927,1,1,1,1
43,-0.17623,0.03557,0.17978,0.17598,0.06577,-0.31053,0,1,1,0
43,0.27289,0.00707,0.27299,0.87016,0.10418,0.04592,1,1,1,1
43,0.19519,-0.15101,0.24679,0.88916,0.04947,0.12791,1,1,1,1
43,0.11426,-0.37982,0.39663,0.88617,0.03162,0.15226,1,1,1,1
43,0.24124,-0.28511,0.37347,0.88540,0.03139,0.15254,1,1,1,1
43,0.30009,-0.23766,0.38280,0.88495,0.04936,0.12781,1,1,1,1
43,-0.08387,0.07751,0.11420,0.17521,0.06536,-0.30991,0,1,1,0
43,-0.14831,0.33628,0.36754,0.04761,0.08114,-0.95939,0,1,1,0
43,-0.13667,0.17019,0.21828,0.04799,0.06548,-0.88251,0,1,1,0
43,-0.00070,-0.06922,0.06923,0.87792,0.06519,0.10479,1,1,1,1
43,-0.15694,0.26051,0.30413,0.04775,0.06548,-0.88426,0,1,1,0
43,0.04117,-0.24889,0.25227,0.88967,0.03101,0.15314,1,1,1,1
43,-0.07329,0.11841,0.13926,0.17468,0.06528,-0.31067,0,1,1,0
43,0.14645,-0.06785,0.16140,0.88629,0.07676,0.08918,1,1,1,1
43,-0.05091,-0.37079,0.37427,0.82601,0.03858,0.14036,1,1,1,1
43,0.30205,-0.22610,0.37730,0.88471,0.04939,0.12775,1,1,1,1
43,-0.25497,0.00790,0.25509,0.17653,0.06611,-0.31133,0,1,1,0
43,0.95154,0.51388,1.08143,0.07938,0.87440,-1.27879,0,0,1,1
43,-0.65309,-0.63453,0.91058,0.81248,0.85475,-0.73217,0,0,1,1
43,0.75694,0.31588,0.82021,0.08015,0.84614,-1.32726,0,0,1,1
43,0.33591,-0.72362,0.79779,0.89393,0.46834,-0.40655,0,0,1,1
43,-0.68029,-0.15453,0.69762,0.17945,0.56860,-1.22327,0,0,1,1
43,-0.69360,-0.63125,0.93784,0.81197,0.85602,-0.73307,0,0,1,1
43,0.38139,0.62482,0.73202,0.08375,0.85237,-1.31849,0,0,1,1
43,0.16917,0.83301,0.85001,0.04381,0.27885,-1.19983,0,0,1,1
43,-0.48635,-0.04983,0.48889,0.17781,0.03227,-0.09929,0,0,1,1
43,-0.37465,-0.45806,0.59176,0.80962,0.57234,-0.56372,0,0,1,1
43,0.14571,-0.58884,0.60660,0.89043,0.03172,0.15219,1,0,0,0
43,-0.58903,0.71685,0.92781,0.04735,0.84671,-1.32312,0,0,1,1
43,0.65894,-0.48166,0.81621,0.89275,0.81597,-0.65822,0,0,1,1
43,-0.35999,-0.65067,0.74362,0.87124,0.60753,-0.54403,0,0,1,1
43,0.37296,0.77090,0.85638,0.08348,0.90488,-1.24051,0,0,1,1
43,0.20910,0.49637,0.53862,0.15768,0.24624,-1.01787,0,0,1,1
43,-0.22791,0.54503,0.59076,0.04702,0.08258,-0.96829,0,0,1,1
43,-0.19162,-0.41769,0.45954,0.86689,0.04002,0.14001,1,0,0,0
43,-0.40309,-0.32802,0.51969,0.79853,0.55001,-0.55402,0,0,1,1
43,-0.40993,0.29073,0.50256,0.04721,0.08397,-0.97226,0,0,1,1
43,0.86799,-0.06099,0.87013,0.82366,0.81855,-0.70800,0,0,1,1
43,-0.34683,-0.99842,1.05694,0.90885,0.96960,-0.71236,0,0,1,1
43,-0.34131,-0.45740,0.57071,0.80994,0.56571,-0.55802,0,0,1,1
43,-0.89818,-0.30218,0.94765,0.19814,0.85122,-1.20777,0,0,1,1
43,0.53435,0.14474,0.55360,0.72886,0.10449,-0.01552,0,0,1,1
43,-0.09343,0.80085,0.80628,0.04354,0.87130,-1.25775,0,0,1,1
43,-0.00202,0.50660,0.50660,0.04753,0.15742,-1.11425,0,0,1,1
43,0.44373,-0.58344,0.73300,0.89270,0.46645,-0.40555,0,0,1,1
43,-0.24891,-0.80598,0.84354,0.90660,0.61654,-0.52519,0,0,1,1
43,0.88171,-0.05061,0.88316,0.82349,0.81890,-0.70828,0,0,1,1
43,-0.77333,0.32028,0.83703,0.05770,0.52801,-1.24251,0,0,1,1
43,0.79114,0.46842,0.91941,0.07980,0.86975,-1.29068,0,0,1,1
43,0.06194,-0.74690,0.74946,0.91352,0.47081,-0.39548,0,0,1,1
43,-0.56869,0.91174,1.07456,0.04698,0.98471,-1.20967,0,0,1,1
43,-0.30648,-0.74873,0.80903,0.90549,0.61604,-0.52561,0,0,1,1
43,0.49772,0.98930,1.10745,0.08289,0.90885,-1.23778,0,0,1,1
43,-0.81371,-0.73856,1.09891,0.81404,0.86284,-0.73449,0,0,1,1
43,0.51025,-0.67469,0.84591,0.89446,0.81729,-0.65770,0,0,1,1
43,-0.45839,0.53587,0.70519,0.04662,0.41465,-1.23384,0,0,1,1
43,0.70331,0.32533,0.77491,0.08026,0.84410,-1.32776,0,0,1,1
43,0.24973,0.98411,1.01530,0.12471,0.90655,-1.23770,0,0,1,1
43,-0.33866,-0.81758,0.88495,0.90642,0.63271,-0.53727,0,0,1,1
43,-0.83718,0.12580,0.84658,0.17664,0.51155,-1.23728,0,0,1,1
43,-0.06379,-0.44641,0.45095,0.89304,0.03918,0.14218,1,0,0,0
43,0.47960,0.51001,0.70009,0.08384,0.84803,-1.32167,0,0,1,1
43,0.52490,0.10796,0.53589,0.73108,0.10447,-0.01357,0,0,1,1
43,0.56445,0.89292,1.05636,0.08296,0.90843,-1.23806,0,0,1,1
43,0.51731,0.55680,0.76002,0.08369,0.85363,-1.31734,0,0,1,1
43,-0.48959,0.65214,0.81546,0.04767,0.51243,-1.24267,0,0,1,1
43,0.49081,-0.40910,0.63895,0.89021,0.45190,-0.39285,0,0,1,1
43,0.56720,0.85828,1.02877,0.08302,0.90808,-1.23828,0,0,1,1
43,-0.55937,0.84107,1.01009,0.04714,0.89914,-1.23066,0,0,1,1
43,-0.64023,0.37426,0.74159,0.05790,0.50348,-1.23980,0,0,1,1
43,0.91429,0.47309,1.02943,0.07953,0.87237,-1.28390,0,0,1,1
43,-0.21203,0.40593,0.45797,0.04734,0.08202,-0.96436,0,0,1,1
43,-0.63093,0.33386,0.71381,0.05797,0.42384,-1.23409,0,0,1,1
43,0.43439,0.00580,0.43443,0.81838,0.10434,0.03151,1,0,0,0
43,-0.95561,0.54748,1.10133,0.05704,0.85956,-1.33314,0,0,1,1
43,0.42964,0.98748,1.07690,0.12502,0.90828,-1.23654,0,0,1,1
43,0.88312,0.86809,1.23833,0.07893,0.91039,-1.23577,0,0,1,1
43,0.25433,-0.65712,0.70462,0.89239,0.44792,-0.38733,0,0,1,1
43,-0.64546,0.92406,1.12716,0.04682,0.90218,-1.22996,0,0,1,1
43,0.86705,-0.42730,0.96662,0.88937,0.83667,-0.67056,0,0,1,1
43,-0.77726,0.58797,0.97460,0.04728,0.85221,-1.31687,0,0,1,1
43,0.63332,0.99858,1.18248,0.08266,0.90987,-1.23711,0,0,1,1
43,-0.21223,0.58476,0.62209,0.04697,0.08251,-0.96835,0,0,1,1
43,0.66985,0.65791,0.93891,0.07975,0.87448,-1.27870,0,0,1,1
43,-0.70624,0.12785,0.71772,0.17628,0.40779,-1.20365,0,0,1,1
43,0.84539,0.32211,0.90468,0.46875,0.85104,-0.98753,0,0,1,1
43,0.59732,-0.37519,0.70538,0.88630,0.46275,-0.40640,0,0,1,1
43,-0.63588,0.29081,0.69922,0.05802,0.41781,-1.23343,0,0,1,1
43,0.12476,-0.78779,0.79761,0.91440,0.47294,-0.39694,0,0,1,1
43,-0.68712,0.71337,0.99047,0.04718,0.85207,-1.31687,0,0,1,1
43,-0.56454,-0.76260,0.94882,0.81702,0.81188,-0.70964,0,0,1,1
43,-0.95549,0.85327,1.28103,0.04644,0.97307,-1.21277,0,0,1,1
43,-0.69153,-0.45928,0.83015,0.80622,0.63017,-0.61080,0,0,1,1
43,-0.49911,0.65425,0.82289,0.04765,0.51512,-1.24301,0,0,1,1
43,0.35736,-0.28720,0.45846,0.88661,0.06065,0.11211,1,0,0,0
43,0.59389,0.76178,0.96593,0.08316,0.90720,-1.23888,0,0,1,1
43,-0.61276,0.66066,0.90108,0.04742,0.84574,-1.32395,0,0,1,1
43,-0.65400,0.00089,0.65400,0.17763,0.37160,-1.17578,0,0,1,1
43,-0.07282,0.40421,0.41071,0.04761,0.07715,-0.94316,0,0,1,1
43,0.88855,-0.11875,0.89645,0.82937,0.82075,-0.70494,0,0,1,1
43,-0.92597,-0.21685,0.95102,0.19733,0.98689,-1.17847,0,0,1,1
43,-0.42440,0.05234,0.42761,0.17644,0.10766,-0.53045,0,0,1,1
43,-0.43789,0.09719,0.44855,0.17594,0.09194,-0.45461,0,0,1,1
43,0.52079,0.64469,0.82876,0.08350,0.87108,-1.28650,0,0,1,1
43,-0.09241,0.70472,0.71075,0.05795,0.25883,-1.18021,0,0,1,1
43,-0.73723,0.83529,1.11410,0.04684,0.90321,-1.22974,0,0,1,1
43,0.11802,0.96436,0.97156,0.12457,0.90476,-1.23886,0,0,1,1
43,0.94642,-0.16920,0.96142,0.83158,0.82395,-0.70486,0,0,1,1
43,-0.62808,-0.24725,0.67500,0.19726,0.57787,-1.24236,0,0,1,1
43,-0.94696,0.87892,1.29199,0.04641,0.97310,-1.21276,0,0,1,1
43,0.96471,0.36580,1.03173,0.46785,0.86929,-0.99210,0,0,1,1
43,-0.90853,0.05565,0.91023,0.17762,0.51798,-1.23771,0,0,1,1
43,-0.74111,0.44129,0.86255,0.05760,0.84403,-1.33737,0,0,1,1
43,-0.94478,0.14631,0.95604,0.17668,0.84365,-1.22863,0,0,1,1
43,0.97924,0.67867,1.19143,0.07903,0.92789,-1.22789,0,0,1,1
43,-0.60818,-0.84216,1.03881,0.81872,0.81645,-0.71056,0,0,1,1
43,-0.96020,-0.94587,1.34784,0.81836,0.78783,-0.69690,0,0,1,1
43,0.60453,0.68296,0.91208,0.07986,0.87419,-1.27943,0,0,1,1
43,0.31695,-0.67883,0.74917,0.89317,0.46014,-0.39901,0,0,1,1
43,0.84962,-0.17439,0.86733,0.83053,0.82040,-0.70394,0,0,1,1
43,-0.88285,0.15817,0.89690,0.17639,0.52867,-1.23766,0,0,1,1
43,0.96430,0.56874,1.11953,0.07925,0.87630,-1.27426,0,0,1,1
43,-0.85854,0.80087,1.17409,0.04671,0.86270,-1.28744,0,0,1,1
43,-0.44758,0.79002,0.90800,0.04745,0.52447,-1.24436,0,0,1,1
43,0.55104,-0.61144,0.82311,0.89388,0.81630,-0.65760,0,0,1,1
43,-0.69692,-0.87501,1.11863,0.81881,0.86316,-0.73127,0,0,1,1
43,-0.17688,-0.83458,0.85312,0.90728,0.60969,-0.51954,0,0,1,1
43,0.91197,-0.12409,0.92037,0.82983,0.82179,-0.70510,0,0,1,1
43,-0.85600,-0.63014,1.06293,0.81025,0.86111,-0.73644,0,0,1,1
43,-0.93001,-0.60458,1.10925,0.80860,0.86255,-0.73820,0,0,1,1
43,-0.75661,0.59555,0.96288,0.04730,0.85138,-1.31811,0,0,1,1
43,-0.04176,-0.90547,0.90643,0.90866,0.94375,-0.70307,0,0,1,1
43,-0.26722,-0.55190,0.61319,0.86969,0.57123,-0.51648,0,0,1,1
43,-0.51520,-0.92687,1.06044,0.90732,0.81602,-0.64829,0,0,1,1
43,0.25185,0.80768,0.84604,0.04398,0.90392,-1.22933,0,0,1,1
43,-0.77325,-0.91751,1.19989,0.81923,0.86600,-0.73216,0,0,1,1
43,0.93783,0.44428,1.03774,0.07953,0.87176,-1.28547,0,0,1,1
43,0.65598,0.15183,0.67332,0.73111,0.10454,-0.01371,0,0,1,1
43,0.90126,-0.99521,1.34265,0.89979,0.94665,-0.70984,0,0,1,1
43,-0.12816,0.40183,0.42177,0.04751,0.08111,-0.95986,0,0,1,1
43,-0.52360,0.63069,0.81971,0.04765,0.51728,-1.24330,0,0,1,1
43,-0.91138,-0.35716,0.97887,0.31455,0.85392,-1.10737,0,0,1,1
43,-0.76932,0.30629,0.82805,0.05772,0.52474,-1.24207,0,0,1,1
43,0.94665,-0.05803,0.94843,0.82458,0.82173,-0.70882,0,0,1,1
43,0.06638,-0.65729,0.66063,0.91238,0.45810,-0.38385,0,0,1,1
43,-0.54180,-0.20835,0.58048,0.17975,0.55195,-1.23515,0,0,1,1
43,-0.96342,0.48319,1.07779,0.05710,0.85789,-1.33544,0,0,1,1
43,0.09021,0.54011,0.54759,0.15720,0.24679,-1.01988,0,0,1,1
43,-0.92852,0.04545,0.92963,0.17778,0.52140,-1.23786,0,0,1,1
43,-0.84280,0.40494,0.93503,0.05744,0.84868,-1.33797,0,0,1,1
43,0.45833,-0.47244,0.65823,0.89104,0.45503,-0.39541,0,0,1,1
43,0.05491,-0.66206,0.66433,0.91237,0.45940,-0.38514,0,0,1,1
43,0.07831,0.75984,0.76387,0.04386,0.26984,-1.19592,0,0,1,1
43,0.70985,0.56332,0.90621,0.07982,0.87180,-1.28536,0,0,1,1
43,0.74936,0.11132,0.75759,0.73571,0.10453,-0.00997,0,0,1,1
43,0.24818,-0.60181,0.65097,0.89148,0.43964,-0.37953,0,0,1,1
43,-0.44929,0.39749,0.59988,0.04691,0.38865,-1.23029,0,0,1,1
43,0.73889,-0.27183,0.78731,0.83196,0.48009,-0.46350,0,0,1,1
43,0.61538,0.73047,0.95513,0.07975,0.87599,-1.27518,0,0,1,1
43,-0.10186,0.45240,0.46372,0.04745,0.08097,-0.95967,0,0,1,1
43,0.66128,0.23427,0.70155,0.47189,0.10458,-0.15962,0,0,1,1
43,0.50462,-0.43894,0.66881,0.89084,0.45755,-0.39806,0,0,1,1
43,0.40064,-0.20718,0.45104,0.88531,0.06074,0.11187,1,0,0,0
43,-0.74607,-0.90056,1.16945,0.81904,0.86499,-0.73188,0,0,1,1
43,-0.35587,-0.35097,0.49983,0.80609,0.54548,-0.54402,0,0,1,1
43,-0.49752,-0.47298,0.68646,0.80883,0.59854,-0.58515,0,0,1,1
43,0.57755,-0.01270,0.57769,0.82137,0.10443,0.03231,1,0,0,0
43,-0.16922,0.41806,0.45101,0.04739,0.08159,-0.96239,0,0,1,1
43,0.97676,0.17242,0.99186,0.73665,0.81762,-0.77167,0,0,1,1
43,-0.25853,0.85644,0.89461,0.04766,0.87390,-1.24791,0,0,1,1
43,0.52736,0.30183,0.60762,0.08070,0.10460,-0.87808,0,0,1,1
43,0.56919,0.15245,0.58925,0.72913,0.10451,-0.01533,0,0,1,1
43,0.91179,-0.21480,0.93675,0.83244,0.82361,-0.70409,0,0,1,1
43,-0.54845,-0.57448,0.79425,0.81165,0.62600,-0.60348,0,0,1,1
43,-0.70071,-0.36427,0.78974,0.19854,0.61483,-1.15481,0,0,1,1
43,0.23071,-0.54101,0.58815,0.89032,0.03158,0.15239,1,0,0,0
43,0.61505,-0.00416,0.61506,0.82164,0.10445,0.03236,1,0,0,0
43,-0.59022,-0.21526,0.62825,0.17993,0.56341,-1.22905,0,0,1,1
43,-0.54012,0.17212,0.56689,0.17532,0.37238,-1.17807,0,0,1,1
43,0.75895,0.61561,0.97723,0.07962,0.87458,-1.27843,0,0,1,1
43,0.68165,-0.14746,0.69741,0.82751,0.46150,-0.44849,0,0,1,1
43,0.96203,-0.70098,1.19032,0.89353,0.94566,-0.71351,0,0,1,1
43,-0.58096,-0.42439,0.71945,0.80622,0.60446,-0.59177,0,0,1,1
43,0.72009,-0.63042,0.95706,0.89526,0.83769,-0.66704,0,0,1,1
43,0.69033,0.76399,1.02967,0.07953,0.90810,-1.23722,0,0,1,1
43,-0.40382,0.80527,0.90085,0.04750,0.89411,-1.23184,0,0,1,1
43,-0.58228,-0.96649,1.12834,0.90762,0.81951,-0.64983,0,0,1,1
43,-0.44251,-0.32579,0.54950,0.79791,0.55751,-0.56088,0,0,1,1
43,0.95695,-0.15480,0.96939,0.83130,0.82404,-0.70511,0,0,1,1
43,0.17799,0.68261,0.70543,0.04419,0.26484,-1.19348,0,0,1,1
43,0.72653,0.32259,0.79493,0.08021,0.84511,-1.32754,0,0,1,1
43,0.01553,0.46408,0.46434,0.04765,0.07725,-0.94332,0,0,1,1
43,-0.66903,0.87033,1.09776,0.04689,0.90211,-1.22998,0,0,1,1
43,0.52894,0.63700,0.82797,0.08351,0.87095,-1.28680,0,0,1,1
43,0.03018,-0.93979,0.94027,0.91550,0.94364,-0.69866,0,0,1,1
43,0.52425,-0.52353,0.74089,0.89239,0.80861,-0.65478,0,0,1,1
43,0.58852,0.65102,0.87760,0.07995,0.87272,-1.28304,0,0,1,1
43,0.97787,-0.51586,1.10559,0.89142,0.84070,-0.67106,0,0,1,1
43,0.46500,0.32799,0.56904,0.08424,0.10460,-0.86161,0,0,1,1
43,0.36474,0.69477,0.78469,0.08364,0.85685,-1.31354,0,0,1,1
43,-0.50077,-0.76810,0.91692,0.81771,0.80948,-0.70799,0,0,1,1
43,0.43557,0.62458,0.76146,0.08367,0.85492,-1.31593,0,0,1,1
44,0.25551,0.16977,0.30677,0.02347,0.04301,1.95298,1,1,1,1
44,0.20563,-0.22371,0.30386,0.96222,0.05061,1.38745,1,1,1,1
44,-0.04174,0.08960,0.09884,0.13526,0.02748,1.80690,1,1,1,1
44,-0.16647,-0.19174,0.25393,0.97866,0.06251,1.37802,1,1,1,1
44,0.17967,-0.07689,0.19543,0.93644,0.05014,1.43609,1,1,1,1
44,0.25749,0.11809,0.28328,0.12583,0.04312,1.95145,1,1,1,1
44,-0.20470,0.03956,0.20848,0.13894,0.05990,2.01363,1,1,1,1
44,-0.27878,0.16545,0.32418,0.01354,0.12500,1.65070,1,1,1,1
44,-0.16224,-0.03983,0.16705,0.93136,0.05288,1.45295,1,1,1,1
44,0.31380,0.00646,0.31386,0.92722,0.08331,1.43337,1,1,1,1
44,0.00446,0.34844,0.34847,0.02304,0.02746,1.96363,1,1,1,1
44,-0.11728,0.01960,0.11891,0.14258,0.02744,1.79250,1,1,1,1
44,0.07442,0.32228,0.33076,0.02306,0.02751,1.96355,1,1,1,1
44,-0.16037,-0.04570,0.16675,0.93171,0.05290,1.45183,1,1,1,1
44,-0.07627,0.03941,0.08585,0.14074,0.02747,1.79615,1,1,1,1
44,0.06645,0.12996,0.14597,0.02390,0.02755,1.96627,1,1,1,1
44,0.03876,0.31959,0.32194,0.02311,0.02749,1.96381,1,1,1,1
44,0.21558,0.11940,0.24644,0.12522,0.04299,1.95220,1,1,1,1
44,0.19704,-0.01755,0.19782,0.93360,0.04322,1.43800,1,1,1,1
44,0.07474,0.16530,0.18141,0.02373,0.02754,1.96571,1,1,1,1
44,0.27554,-0.19156,0.33559,0.96212,0.05086,1.38767,1,1,1,1
44,0.28154,0.11912,0.30571,0.12598,0.04319,1.95153,1,1,1,1
44,0.10153,-0.18723,0.21298,0.96121,0.08684,1.40492,1,1,1,1
44,-0.29365,-0.06789,0.30139,0.93163,0.11900,1.53585,1,1,1,1
44,0.30094,0.25013,0.39131,0.02308,0.12862,1.74168,1,1,1,1
44,0.11243,0.36462,0.38156,0.02285,0.02753,1.96276,1,1,1,1
44,-0.05484,-0.05887,0.08046,0.93346,0.03506,1.42903,1,1,1,1
44,0.19791,-0.19155,0.27543,0.96175,0.05050,1.38798,1,1,1,1
44,0.07702,-0.34392,0.35244,0.96316,0.07168,1.39366,1,1,1,1
44,0.08688,0.16979,0.19072,0.02369,0.02755,1.96557,1,1,1,1
44,-0.05140,0.38280,0.38623,0.01311,0.12634,1.64393,1,1,1,1
44,-0.18312,0.20637,0.27590,0.01339,0.12421,1.65046,1,1,1,1
44,0.08823,0.09269,0.12797,0.13670,0.04267,1.92078,1,1,1,1
44,-0.29631,-0.13100,0.32397,0.97766,0.06267,1.37879,1,1,1,1
44,-0.00042,0.32067,0.32067,0.02316,0.02746,1.96403,1,1,1,1
44,-0.38433,-0.02588,0.38520,0.16418,0.12249,2.12160,1,1,1,1
44,0.08108,-0.25408,0.26670,0.96204,0.08699,1.40472,1,1,1,1
44,-0.13196,0.35029,0.37432,0.01299,0.12706,1.64144,1,1,1,1
44,-0.30448,-0.01441,0.30482,0.14418,0.11956,2.14107,1,1,1,1
44,-0.27061,-0.24709,0.36645,0.97877,0.07436,1.38597,1,1,1,1
44,-0.18956,-0.10726,0.21781,0.93480,0.06209,1.44387,1,1,1,1
44,-0.09326,0.21067,0.23039,0.02374,0.02742,1.96610,1,1,1,1
44,-0.35526,0.13683,0.38070,0.01365,0.27052,1.60978,1,1,1,1
44,-0.16146,-0.24900,0.29676,0.97913,0.07384,1.38538,1,1,1,1
44,-0.21141,0.14783,0.25797,0.01356,0.12321,1.65406,1,1,1,1
44,-0.01538,0.38161,0.38192,0.02293,0.02744,1.96331,1,1,1,1
44,0.13486,-0.22370,0.26121,0.96188,0.05029,1.38772,1,1,1,1
44,0.33837,0.08793,0.34961,0.13008,0.12801,2.15175,1,1,1,1
44,0.04892,-0.33026,0.33386,0.96287,0.07136,1.39375,1,1,1,1
44,-0.17673,-0.23358,0.29290,0.97897,0.07378,1.38543,1,1,1,1
44,0.16307,-0.23736,0.28798,0.96220,0.05045,1.38740,1,1,1,1
44,0.37425,-0.12977,0.39611,0.96175,0.05116,1.38825,1,1,1,1
44,-0.03999,0.37772,0.37983,0.02298,0.02742,1.96351,1,1,1,1
44,-0.10036,0.10981,0.14876,0.02423,0.02743,1.96760,1,1,1,1
44,0.23450,0.12614,0.26627,0.12468,0.04303,1.95392,1,1,1,1
44,-0.06634,-0.16373,0.17666,0.95995,0.06238,1.39384,1,1,1,1
44,-0.01471,-0.31414,0.31449,0.98002,0.08094,1.39091,1,1,1,1
44,0.23906,0.17344,0.29535,0.02348,0.04295,1.95293,1,1,1,1
44,0.08495,0.07635,0.11422,0.13856,0.03503,1.86153,1,1,1,1
44,0.08778,-0.02915,0.09250,0.93320,0.03524,1.42983,1,1,1,1
44,-0.22095,-0.05720,0.22823,0.93175,0.05312,1.45184,1,1,1,1
44,0.20595,0.02931,0.20803,0.67686,0.04315,1.56653,1,1,1,1
44,-0.28244,0.12036,0.30701,0.01367,0.12388,1.65407,1,1,1,1
44,-0.12863,-0.06477,0.14402,0.93308,0.05291,1.44750,1,1,1,1
44,0.25819,0.26905,0.37290,0.02305,0.16036,1.67091,1,1,1,1
44,0.05900,0.21346,0.22146,0.02353,0.02752,1.96513,1,1,1,1
44,-0.00893,-0.19137,0.19158,0.96070,0.06244,1.39304,1,1,1,1
44,-0.02669,0.19789,0.19968,0.02371,0.02747,1.96588,1,1,1,1
44,-0.18365,0.29190,0.34487,0.01316,0.12651,1.64410,1,1,1,1
44,-0.20265,-0.33164,0.38865,0.96094,0.08197,1.40066,1,1,1,1
44,-0.00189,-0.21057,0.21057,0.96102,0.06255,1.39273,1,1,1,1
44,-0.03589,-0.29331,0.29550,0.97983,0.06313,1.37763,1,1,1,1
44,-0.01588,-0.26161,0.26209,0.96168,0.06289,1.39213,1,1,1,1
44,-0.01070,-0.13907,0.13948,0.93792,0.08573,1.41470,1,1,1,1
44,0.06728,-0.33296,0.33969,0.96299,0.07149,1.39371,1,1,1,1
44,0.11487,-0.09953,0.15199,0.93701,0.08654,1.41554,1,1,1,1
44,-0.30946,-0.23895,0.39098,0.95882,0.07448,1.39788,1,1,1,1
44,-0.10843,0.12254,0.16362,0.02418,0.02743,1.96746,1,1,1,1
44,-0.21056,0.18445,0.27992,0.01346,0.12417,1.65129,1,1,1,1
44,0.21604,-0.00204,0.21605,0.92674,0.04324,1.45648,1,1,1,1
44,0.14736,-0.12871,0.19566,0.93865,0.05012,1.43026,1,1,1,1
44,-0.27254,-0.18139,0.32738,0.97821,0.06287,1.37855,1,1,1,1
44,-0.24835,-0.03835,0.25129,0.14799,0.06504,2.01537,1,1,1,1
44,-0.05354,-0.27102,0.27626,0.97962,0.06302,1.37770,1,1,1,1
44,0.13239,0.20699,0.24570,0.02347,0.02758,1.96476,1,1,1,1
44,-0.04559,-0.30926,0.31260,0.97991,0.08097,1.39098,1,1,1,1
44,0.20241,0.00708,0.20253,0.92605,0.04318,1.45835,1,1,1,1
44,0.11847,-0.35629,0.37548,0.96347,0.07205,1.39359,1,1,1,1
44,0.00256,-0.02547,0.02560,0.93219,0.03509,1.43189,1,1,1,1
44,-0.07397,0.34943,0.35717,0.01298,0.12589,1.64327,1,1,1,1
44,0.06808,0.31023,0.31761,0.02311,0.02751,1.96375,1,1,1,1
44,0.29978,-0.24670,0.38824,0.96292,0.05111,1.38679,1,1,1,1
44,0.12719,-0.37222,0.39335,0.96369,0.07229,1.39354,1,1,1,1
44,-0.19633,-0.25298,0.32023,0.97906,0.07404,1.38558,1,1,1,1
44,-0.15696,0.09716,0.18460,0.02437,0.02740,1.96813,1,1,1,1
44,-0.35785,0.01063,0.35801,0.10614,0.12161,2.15268,1,1,1,1
44,-0.29519,-0.11681,0.31746,0.97753,0.06258,1.37883,1,1,1,1
44,0.04748,-0.16716,0.17378,0.96063,0.08632,1.40463,1,1,1,1
44,-0.12724,0.12065,0.17535,0.02421,0.02741,1.96760,1,1,1,1
44,-0.34816,-0.00307,0.34817,0.16220,0.12121,2.12275,1,1,1,1
44,-0.29485,0.22232,0.36927,0.01338,0.12683,1.64592,1,1,1,1
44,-0.22263,0.04320,0.22678,0.13824,0.06466,2.03657,1,1,1,1
44,0.05725,-0.23906,0.24582,0.96172,0.08673,1.40458,1,1,1,1
44,0.06561,-0.38286,0.38845,0.96305,0.09296,1.41168,1,1,1,1
44,0.17439,0.10844,0.20535,0.12598,0.04289,1.94948,1,1,1,1
44,0.03471,0.19661,0.19965,0.02364,0.02751,1.96552,1,1,1,1
44,0.23363,0.01741,0.23427,0.92574,0.04326,1.45932,1,1,1,1
44,0.10230,-0.01935,0.10411,0.93281,0.03525,1.43070,1,1,1,1
44,0.09161,0.11672,0.14837,0.02393,0.04263,1.95724,1,1,1,1
44,0.10702,-0.29105,0.31010,0.96264,0.07120,1.39386,1,1,1,1
44,-0.17441,0.11811,0.21064,0.01364,0.12168,1.65745,1,1,1,1
44,0.14700,-0.01634,0.14791,0.93308,0.03532,1.43021,1,1,1,1
44,-0.08888,-0.35781,0.36869,0.96194,0.08204,1.40022,1,1,1,1
44,0.19421,0.07420,0.20791,0.13008,0.04302,1.93968,1,1,1,1
44,-0.02598,0.21888,0.22042,0.02362,0.02746,1.96558,1,1,1,1
44,-0.14146,0.26697,0.30213,0.01321,0.12501,1.64720,1,1,1,1
44,0.05709,0.21558,0.22301,0.02353,0.02752,1.96511,1,1,1,1
44,-0.10794,-0.10126,0.14801,0.93521,0.06208,1.44246,1,1,1,1
44,-0.24862,0.25064,0.35303,0.01329,0.12668,1.64519,1,1,1,1
44,-0.16299,0.21872,0.27277,0.01335,0.12414,1.65014,1,1,1,1
44,-0.12535,-0.13833,0.18668,0.93695,0.06233,1.43684,1,1,1,1
44,-0.13874,-0.16429,0.21504,0.97852,0.06223,1.37794,1,1,1,1
44,-0.36546,0.04617,0.36837,0.01393,0.12200,1.66009,1,1,1,1
44,-0.12805,-0.11031,0.16902,0.93550,0.05314,1.44030,1,1,1,1
44,0.08656,0.37685,0.38666,0.02283,0.02751,1.96276,1,1,1,1
44,-0.26402,0.20695,0.33547,0.01341,0.12582,1.64799,1,1,1,1
44,-0.10722,0.22034,0.24504,0.02372,0.02741,1.96605,1,1,1,1
44,-0.28692,-0.10032,0.30395,0.93352,0.06245,1.44828,1,1,1,1
44,-0.34829,-0.01988,0.34886,0.16431,0.12117,2.12013,1,1,1,1
44,0.04813,-0.07198,0.08659,0.93508,0.03526,1.42572,1,1,1,1
44,-0.00959,0.32387,0.32402,0.02315,0.02745,1.96404,1,1,1,1
44,-0.03723,-0.09130,0.09860,0.93532,0.03515,1.42507,1,1,1,1
44,0.12063,-0.23284,0.26224,0.96194,0.08721,1.40500,1,1,1,1
44,-0.09448,-0.36710,0.37906,0.96203,0.08224,1.40033,1,1,1,1
44,0.14108,-0.01791,0.14221,0.93310,0.03532,1.43014,1,1,1,1
44,0.29947,-0.12257,0.32358,0.93418,0.05080,1.44285,1,1,1,1
44,0.15147,-0.16159,0.22148,0.96109,0.05021,1.38870,1,1,1,1
44,0.36594,-0.15352,0.39684,0.96203,0.05118,1.38791,1,1,1,1
44,-0.13493,0.23279,0.26907,0.01330,0.12396,1.64993,1,1,1,1
44,0.27494,0.00916,0.27509,0.92667,0.08304,1.43726,1,1,1,1
44,0.15832,0.17680,0.23733,0.02357,0.04270,1.95347,1,1,1,1
44,-0.31836,0.06277,0.32449,0.01386,0.12030,1.66221,1,1,1,1
44,-0.18986,0.28590,0.34320,0.01317,0.12647,1.64435,1,1,1,1
44,-0.27423,0.00460,0.27427,0.14224,0.11850,2.14230,1,1,1,1
44,-0.24227,0.04548,0.24650,0.13769,0.11745,2.14587,1,1,1,1
44,-0.10908,-0.18149,0.21175,0.97876,0.06256,1.37798,1,1,1,1
44,-0.07925,-0.23663,0.24954,0.97929,0.06285,1.37781,1,1,1,1
44,0.11115,-0.25643,0.27948,0.96221,0.08725,1.40492,1,1,1,1
44,0.35861,-0.08129,0.36770,0.93252,0.05097,1.44789,1,1,1,1
44,0.09115,0.16592,0.18931,0.02370,0.02756,1.96560,1,1,1,1
44,-0.30102,-0.13191,0.32866,0.97765,0.06269,1.37881,1,1,1,1
44,0.22050,0.07845,0.23404,0.12988,0.04309,1.94066,1,1,1,1
44,-0.07162,0.02101,0.07464,0.14304,0.02748,1.79191,1,1,1,1
44,-0.06369,0.16208,0.17414,0.02393,0.02745,1.96661,1,1,1,1
44,0.16845,-0.15267,0.22734,0.96105,0.05027,1.38878,1,1,1,1
44,-0.13984,0.13686,0.19567,0.02415,0.02740,1.96744,1,1,1,1
44,-0.10088,0.27599,0.29385,0.01317,0.12445,1.64776,1,1,1,1
44,-0.10605,-0.10556,0.14963,0.93545,0.06210,1.44167,1,1,1,1
44,-0.14161,-0.12272,0.18738,0.93602,0.05324,1.43884,1,1,1,1
44,-0.17499,0.20015,0.26586,0.01340,0.12388,1.65117,1,1,1,1
44,0.16430,-0.21078,0.26725,0.96185,0.05039,1.38781,1,1,1,1
44,0.07807,-0.08075,0.11232,0.93578,0.03533,1.42428,1,1,1,1
44,-0.05333,-0.34163,0.34577,0.96193,0.08160,1.39990,1,1,1,1
44,0.10837,-0.00891,0.10873,0.93231,0.03524,1.43182,1,1,1,1
44,0.01473,-0.05511,0.05704,0.93390,0.03517,1.42819,1,1,1,1
44,0.11058,-0.07416,0.13314,0.93573,0.08640,1.41611,1,1,1,1
44,-0.00802,0.05882,0.05937,0.13936,0.02751,1.79915,1,1,1,1
44,0.39802,0.01898,0.39848,0.92733,0.13024,1.57339,1,1,1,1
44,0.30245,-0.21082,0.36868,0.96249,0.05103,1.38728,1,1,1,1
44,-0.05206,0.05677,0.07703,0.13899,0.02748,1.79959,1,1,1,1
44,-0.14708,-0.01994,0.14843,0.14707,0.05274,1.95742,1,1,1,1
44,-0.00750,0.14762,0.14781,0.02392,0.02749,1.96647,1,1,1,1
44,-0.06262,0.38734,0.39236,0.01311,0.12668,1.64327,1,1,1,1
44,0.02652,0.36011,0.36108,0.02297,0.02747,1.96334,1,1,1,1
44,-0.22346,-0.23720,0.32588,0.97884,0.07404,1.38569,1,1,1,1
44,-0.23942,-0.22393,0.32782,0.97868,0.07401,1.38575,1,1,1,1
44,-0.02870,-0.22103,0.22289,0.96104,0.06266,1.39274,1,1,1,1
44,-0.29631,0.25304,0.38965,0.01330,0.12768,1.64358,1,1,1,1
44,-0.35220,-0.11981,0.37202,0.97734,0.12102,1.44942,1,1,1,1
44,-0.04572,0.22336,0.22799,0.02363,0.02745,1.96563,1,1,1,1
44,0.09803,-0.12099,0.15572,0.93791,0.08651,1.41508,1,1,1,1
44,0.20618,0.04757,0.21159,0.13328,0.04311,1.93218,1,1,1,1
44,-0.06059,-0.37196,0.37686,0.96227,0.08220,1.40019,1,1,1,1
44,-0.18944,-0.33709,0.38668,0.96109,0.08202,1.40062,1,1,1,1
44,0.14424,-0.36055,0.38833,0.96362,0.07224,1.39357,1,1,1,1
44,-0.31570,-0.78776,0.84866,0.97166,0.97435,1.66857,1,0,1,0
44,0.08068,-0.72589,0.73036,0.97814,0.20314,1.56795,1,0,0,0
44,0.17832,0.42974,0.46526,0.02253,0.02756,1.96152,1,0,1,0
44,0.41288,0.30496,0.51329,0.02273,0.13577,1.72317,1,0,1,0
44,-0.84516,-0.98540,1.29820,0.97670,0.97609,1.66809,1,0,1,0
44,-0.88517,-0.22173,0.91252,0.71778,0.72845,1.76154,1,0,1,0
44,-0.86956,0.44616,0.97734,0.01595,0.95812,1.28441,1,0,0,0
44,-0.91277,0.99219,1.34818,0.01459,0.95777,1.28289,1,0,0,0
44,-0.30913,0.60995,0.68382,0.01245,0.13728,1.61804,1,0,1,0
44,0.67924,0.93450,1.15527,0.01206,0.98411,1.27089,1,0,0,0
44,-0.90857,-0.34434,0.97163,0.74030,0.73224,1.75496,1,0,1,0
44,0.16203,0.99794,1.01101,0.01188,0.98206,1.27138,1,0,0,0
44,0.82520,-0.32243,0.88595,0.96557,0.15128,1.51814,1,0,0,0
44,-0.32433,0.61744,0.69744,0.01244,0.13775,1.61709,1,0,1,0
44,-0.86824,-0.23092,0.89842,0.73461,0.72683,1.75832,1,0,1,0
44,-0.94516,0.47163,1.05630,0.01591,0.95920,1.28400,1,0,0,0
44,-0.63057,-0.88111,1.08350,0.97671,0.97530,1.66818,1,0,1,0
44,0.37747,-0.80283,0.88714,0.97900,0.97404,1.66818,1,0,1,0
44,-0.96470,0.54867,1.10981,0.01569,0.95970,1.28355,1,0,0,0
44,0.72912,-0.22384,0.76271,0.96434,0.14649,1.51213,1,0,0,0
44,0.59280,-0.56985,0.82228,0.96395,0.97230,1.66921,1,0,1,0
44,0.77325,-0.15534,0.78870,0.93884,0.15040,1.56971,1,0,0,0
44,0.94381,0.57394,1.10462,0.02134,0.98497,1.28140,1,0,0,0
44,0.84196,-0.02234,0.84226,0.93335,0.15666,1.59087,1,0,0,0
44,-0.47656,0.38235,0.61098,0.01593,0.13443,1.65807,1,0,1,0
44,-0.47515,-0.24227,0.53335,0.96506,0.27812,1.64310,1,0,0,0
44,-0.27648,-0.93478,0.97481,0.97833,0.97537,1.66807,1,0,1,0
44,0.97360,-0.70224,1.20043,0.96553,0.97397,1.66894,1,0,1,0
44,-0.21853,0.62675,0.66376,0.01261,0.13607,1.62175,1,0,1,0
44,0.54198,0.15805,0.56456,0.12461,0.14089,2.14646,1,0,1,0
44,0.58862,-0.58923,0.83286,0.96408,0.97248,1.66918,1,0,1,0
44,-0.68332,0.88207,1.11579,0.01472,0.95511,1.28396,1,0,0,0
44,0.41523,-0.62959,0.75418,0.98132,0.97263,1.66819,1,0,1,0
44,0.58308,-0.84416,1.02596,0.97944,0.97458,1.66809,1,0,1,0
44,-0.33606,0.60164,0.68913,0.01248,0.13755,1.61779,1,0,1,0
44,0.50602,0.97472,1.09824,0.01208,0.98361,1.27108,1,0,0,0
44,-0.01878,-0.45497,0.45536,0.96346,0.09554,1.41527,1,0,0,0
44,0.73300,-0.52451,0.90133,0.96397,0.97205,1.66924,1,0,1,0
44,-0.95553,0.28285,0.99651,0.02462,0.98190,1.28629,1,0,0,0
44,-0.66537,0.51423,0.84092,0.01563,0.51874,1.44456,1,0,0,0
44,-0.87222,-0.85147,1.21892,0.97575,0.97968,1.66775,1,0,1,0
44,-0.44035,0.22094,0.49267,0.01343,0.27994,1.60586,1,0,1,0
44,0.80636,-0.46381,0.93024,0.96370,0.95864,1.67074,1,0,1,0
44,0.63761,-0.05827,0.64027,0.93356,0.14329,1.57310,1,0,0,0
44,0.56445,0.54132,0.78207,0.02177,0.43276,1.49902,1,0,1,0
44,-0.37438,-0.76632,0.85288,0.97130,0.97424,1.66860,1,0,1,0
44,0.87987,0.65128,1.09469,0.02119,0.98493,1.28124,1,0,0,0
44,-0.97603,0.72265,1.21444,0.01522,0.95711,1.28387,1,0,0,0
44,0.24946,0.48902,0.54897,0.02225,0.35630,1.54095,1,0,1,0
44,-0.39018,-0.23080,0.45333,0.96544,0.06364,1.38877,1,0,0,0
44,0.43473,-0.14549,0.45843,0.96224,0.05149,1.38778,1,0,0,0
44,0.66822,-0.74155,0.99821,0.98199,0.97391,1.66801,1,0,1,0
44,-0.54542,0.37856,0.66392,0.01598,0.47626,1.46289,1,0,1,0
44,0.90783,0.67924,1.13381,0.02109,0.98511,1.28107,1,0,0,0
44,0.35840,0.30000,0.46739,0.02281,0.13262,1.73068,1,0,1,0
44,0.75604,-0.75064,1.06539,0.96542,0.97408,1.66893,1,0,1,0
44,-0.59697,-0.05146,0.59918,0.78218,0.30072,1.81714,1,0,0,0
44,-0.89217,0.13651,0.90255,0.02529,0.98142,1.28723,1,0,0,0
44,-0.39046,-0.78402,0.87587,0.97138,0.97439,1.66858,1,0,1,0
44,-0.87113,-0.95859,1.29529,0.97646,0.97995,1.66768,1,0,1,0
44,-0.80531,-0.21459,0.83341,0.71924,0.71946,1.76467,1,0,1,0
44,-0.15540,0.94069,0.95344,0.01203,0.14295,1.60381,1,0,1,0
44,-0.16340,0.55470,0.57827,0.01275,0.13314,1.62837,1,0,1,0
44,-0.90933,0.15915,0.92315,0.02518,0.98155,1.28706,1,0,0,0
44,0.58921,0.12465,0.60225,0.12870,0.14318,2.14606,1,0,1,0
44,-0.83791,0.63940,1.05401,0.01537,0.95847,1.28359,1,0,0,0
44,0.92892,-0.18481,0.94712,0.96464,0.16015,1.53349,1,0,0,0
44,-0.41136,-0.27919,0.49716,0.96601,0.07530,1.39358,1,0,0,0
44,0.45353,-0.43409,0.62779,0.96544,0.07500,1.39375,1,0,0,0
44,-0.41645,0.21265,0.46760,0.01345,0.27760,1.60690,1,0,1,0
44,-0.90143,-0.48153,1.02198,0.95224,0.73319,1.69880,1,0,1,0
44,-0.95458,0.40503,1.03695,0.02411,0.98196,1.28568,1,0,0,0
44,-0.05214,0.96098,0.96240,0.01197,0.97090,1.27527,1,0,0,0
44,0.61813,0.24317,0.66424,0.02273,0.40189,1.51757,1,0,1,0
44,-0.41141,0.47565,0.62889,0.01277,0.13566,1.62411,1,0,1,0
44,0.21342,0.50638,0.54952,0.02223,0.13425,1.72146,1,0,1,0
44,-0.83617,-0.92489,1.24684,0.97636,0.97971,1.66771,1,0,1,0
44,-0.84518,0.89864,1.23364,0.01475,0.95682,1.28341,1,0,0,0
44,0.82423,0.85482,1.18746,0.01212,0.98433,1.27088,1,0,0,0
44,0.34576,0.87017,0.93635,0.01230,0.98243,1.27175,1,0,0,0
44,-0.64457,0.96309,1.15888,0.01454,0.95510,1.28375,1,0,0,0
44,0.86372,0.07204,0.86671,0.92878,0.15920,1.60446,1,0,0,0
44,-0.48907,-0.94413,1.06329,0.97892,0.97561,1.66801,1,0,1,0
44,0.34903,0.41361,0.54120,0.02240,0.36696,1.53540,1,0,1,0
44,-0.07965,0.74363,0.74788,0.01234,0.13654,1.61828,1,0,1,0
44,-0.29197,0.34048,0.44853,0.01306,0.12992,1.63729,1,0,1,0
44,0.49853,-0.47675,0.68980,0.96593,0.10181,1.42421,1,0,0,0
44,-0.90700,0.67130,1.12840,0.01532,0.95629,1.28428,1,0,0,0
44,0.58708,-0.67533,0.89484,0.98171,0.97326,1.66810,1,0,1,0
44,-0.68062,-0.97736,1.19100,0.97711,0.97595,1.66808,1,0,1,0
44,0.95486,0.71199,1.19109,0.01228,0.98535,1.27073,1,0,0,0
44,0.36626,0.20636,0.42039,0.02318,0.13152,1.73661,1,0,1,0
44,0.93406,0.55200,1.08498,0.02141,0.98487,1.28152,1,0,0,0
44,0.86039,0.29216,0.90864,0.02229,0.87529,1.32175,1,0,0,0
44,-0.52332,0.10982,0.53472,0.01380,0.28550,1.60458,1,0,1,0
44,-0.65941,-0.22387,0.69637,0.73891,0.31834,1.83701,1,0,0,0
44,0.17584,0.47245,0.50411,0.02238,0.13195,1.72785,1,0,1,0
44,-0.92268,0.31846,0.97609,0.02446,0.98173,1.28617,1,0,0,0
44,-0.76624,0.11369,0.77462,0.02537,0.52249,1.46674,1,0,0,0
44,0.29893,-0.28005,0.40962,0.96332,0.05119,1.38635,1,0,0,0
44,0.14130,0.98725,0.99731,0.01190,0.98188,1.27146,1,0,0,0
44,-0.69758,-0.82430,1.07985,0.97614,0.97494,1.66825,1,0,1,0
44,0.29219,0.90106,0.94725,0.01200,0.98229,1.27144,1,0,0,0
44,0.67735,0.65331,0.94107,0.02135,0.87855,1.31932,1,0,0,0
44,0.05088,0.88770,0.88916,0.01207,0.14499,1.60069,1,0,1,0
44,-0.32620,-0.45101,0.55661,0.96864,0.08467,1.39948,1,0,0,0
44,0.49123,-0.62230,0.79282,0.98140,0.97266,1.66818,1,0,1,0
44,-0.40050,-0.83363,0.92485,0.97709,0.97478,1.66821,1,0,1,0
44,-0.56020,0.64532,0.85455,0.01522,0.14233,1.63472,1,0,1,0
44,-0.88886,0.42180,0.98386,0.01604,0.95828,1.28446,1,0,0,0
44,-0.52257,-0.49107,0.71710,0.96810,0.29438,1.64872,1,0,0,0
44,-0.82816,-0.31352,0.88552,0.74031,0.72356,1.75816,1,0,1,0
44,-0.50636,-0.56555,0.75911,0.96900,0.08747,1.40222,1,0,0,0
44,0.25010,-0.88055,0.91538,0.97906,0.22585,1.58896,1,0,0,0
44,0.68723,0.89097,1.12521,0.01212,0.98399,1.27100,1,0,0,0
44,0.74197,-0.82043,1.10617,0.96575,0.97459,1.66886,1,0,1,0
44,-0.77629,-0.40873,0.87732,0.96560,0.34800,1.67390,1,0,0,0
44,0.51576,0.38848,0.64569,0.02232,0.40044,1.51695,1,0,1,0
44,-0.67055,-0.36267,0.76235,0.96559,0.32423,1.66500,1,0,0,0
44,-0.33350,0.40146,0.52191,0.01293,0.13231,1.63166,1,0,1,0
44,0.98666,0.92120,1.34986,0.01196,0.98586,1.27018,1,0,0,0
44,0.32804,-0.66824,0.74441,0.97839,0.20163,1.56601,1,0,0,0
44,-0.59843,0.05266,0.60075,0.01655,0.29874,1.55781,1,0,1,0
44,-0.63380,-0.01293,0.63393,0.01767,0.30783,1.54645,1,0,1,0
44,0.08655,0.84869,0.85309,0.01212,0.14438,1.60220,1,0,1,0
44,-0.43448,0.49023,0.65506,0.01558,0.13644,1.65053,1,0,1,0
44,0.36515,-0.71337,0.80139,0.97864,0.97330,1.66828,1,0,1,0
44,-0.84935,0.02913,0.84985,0.03012,0.98105,1.29294,1,0,0,0
44,-0.31001,0.58314,0.66043,0.01251,0.13661,1.61980,1,0,1,0
44,0.31762,0.27317,0.41893,0.02297,0.12992,1.73786,1,0,1,0
44,0.78651,0.18305,0.80753,0.12463,0.43088,1.76698,1,0,1,0
44,-0.75835,-0.34788,0.83433,0.96480,0.34262,1.67274,1,0,0,0
44,-0.05144,-0.81861,0.82023,0.97828,0.97431,1.66819,1,0,1,0
44,0.62124,-0.20495,0.65418,0.96374,0.13993,1.50151,1,0,0,0
44,-0.42656,-0.32717,0.53758,0.96658,0.26926,1.63614,1,0,0,0
44,0.42920,0.57327,0.71613,0.02180,0.40833,1.51122,1,0,1,0
44,-0.75023,0.70830,1.03176,0.01515,0.95490,1.28455,1,0,0,0
44,0.97580,0.82820,1.27988,0.01209,0.98566,1.27040,1,0,0,0
44,-0.00094,-0.61296,0.61296,0.97738,0.18805,1.55197,1,0,0,0
44,0.86884,-0.09575,0.87410,0.93687,0.15741,1.58360,1,0,0,0
44,-0.66698,0.69850,0.96580,0.01513,0.95385,1.28490,1,0,0,0
44,0.54210,-0.55884,0.77857,0.98125,0.97213,1.66824,1,0,1,0
44,0.72836,0.07630,0.73235,0.92728,0.15092,1.59944,1,0,0,0
44,0.74736,-0.84480,1.12793,0.98233,0.97477,1.66790,1,0,1,0
44,-0.39665,-0.20504,0.44651,0.96501,0.06351,1.38912,1,0,0,0
44,-0.07982,0.79474,0.79874,0.01225,0.13788,1.61498,1,0,1,0
44,-0.58386,-0.64719,0.87163,0.96947,0.21647,1.59255,1,0,0,0
44,-0.80353,0.14146,0.81589,0.02524,0.95565,1.29644,1,0,0,0
44,0.88241,0.40126,0.96935,0.02190,0.98660,1.28148,1,0,0,0
44,-0.61250,0.47536,0.77532,0.01572,0.50188,1.45161,1,0,0,0
44,0.91718,-0.59876,1.09532,0.96486,0.97301,1.66908,1,0,1,0
44,0.62627,0.23674,0.66952,0.02275,0.40277,1.51716,1,0,1,0
44,0.67213,0.62937,0.92080,0.02142,0.87734,1.31985,1,0,0,0
44,-0.33950,-0.79517,0.86462,0.97163,0.97443,1.66856,1,0,1,0
44,0.04976,0.52116,0.52353,0.01276,0.02157,1.92143,1,0,1,0
44,0.69847,0.11055,0.70716,0.92502,0.14958,1.60402,1,0,0,0
44,0.80051,-0.69712,1.06150,0.96521,0.97371,1.66899,1,0,1,0
44,0.67720,0.70864,0.98019,0.02121,0.88056,1.31840,1,0,0,0
44,-0.47052,0.88972,1.00647,0.01462,0.14670,1.62024,1,0,1,0
44,0.44003,0.76858,0.88563,0.02125,0.98243,1.28220,1,0,0,0
44,0.22160,-0.82622,0.85542,0.97882,0.21853,1.58250,1,0,0,0
44,-0.92893,-0.35540,0.99460,0.74048,0.73434,1.75413,1,0,1,0
44,0.99523,-0.87184,1.32310,0.96631,0.97524,1.66875,1,0,1,0
44,-0.21610,-0.64442,0.67969,0.97093,0.18757,1.56030,1,0,0,0
44,-0.47544,0.33134,0.57951,0.01315,0.13310,1.63250,1,0,1,0
44,0.97932,0.81997,1.27727,0.01210,0.98565,1.27042,1,0,0,0
44,-0.28064,0.89265,0.93572,0.01455,0.14387,1.62525,1,0,1,0
44,-0.32995,-0.48223,0.58431,0.96895,0.08529,1.39995,1,0,0,0
44,-0.41375,-0.76846,0.87277,0.97118,0.97429,1.66860,1,0,1,0
44,0.00386,-0.78305,0.78306,0.97824,0.20833,1.57322,1,0,0,0
44,-0.35895,0.67534,0.76481,0.01505,0.13981,1.63843,1,0,1,0
44,-0.98694,-0.65365,1.18377,0.97364,0.96947,1.66899,1,0,1,0
44,-0.52310,-0.63256,0.82083,0.96959,0.21419,1.59026,1,0,0,0
44,0.37617,-0.29834,0.48011,0.96383,0.05161,1.38592,1,0,0,0
44,-0.17721,-0.42971,0.46482,0.96912,0.08374,1.39837,1,0,0,0
44,-0.07477,0.56632,0.57124,0.01269,0.13174,1.63030,1,0,1,0
44,-0.70093,-0.54121,0.88556,0.96777,0.33550,1.66743,1,0,0,0
44,-0.73691,0.01121,0.73699,0.03021,0.32904,1.59611,1,0,1,0
44,-0.39774,-0.12804,0.41784,0.97724,0.12268,1.45246,1,0,0,0
44,-0.40193,-0.64197,0.75741,0.97019,0.21359,1.58890,1,0,0,0
44,0.65680,0.18488,0.68232,0.12304,0.14813,2.14063,1,0,1,0
44,-0.35531,0.44082,0.56619,0.01284,0.13375,1.62821,1,0,1,0
44,0.17497,0.49405,0.52411,0.02231,0.13278,1.72537,1,0,1,0
44,0.55404,0.78243,0.95872,0.01235,0.98305,1.27159,1,0,0,0
44,-0.54200,0.37934,0.66156,0.01598,0.47529,1.46329,1,0,1,0
45,-0.02957,0.20399,0.20612,0.03293,0.00732,0.39807,1,1,1,1
45,0.32121,-0.22101,0.38990,0.97548,0.07964,0.30956,1,1,1,1
45,0.15116,-0.14091,0.20665,0.98447,0.03548,0.30126,1,1,1,1
45,0.15893,-0.07843,0.17723,0.90735,0.03544,0.30791,1,1,1,1
45,0.05112,-0.20469,0.21098,0.98554,0.03539,0.30115,1,1,1,1
45,0.06152,-0.38527,0.39015,0.98649,0.03558,0.30111,1,1,1,1
45,0.22560,0.09738,0.24573,0.03921,0.03538,0.50691,1,1,1,1
45,0.02536,0.02141,0.03319,0.09179,0.03513,0.45230,1,1,1,1
45,0.03207,0.37639,0.37775,0.03255,0.00736,0.39929,1,1,1,1
45,0.38699,0.09907,0.39947,0.27162,0.03565,0.37617,1,1,1,1
45,-0.35139,0.02236,0.35210,0.08939,0.00803,0.35450,1,1,1,1
45,0.13324,0.05886,0.14567,0.03470,0.03527,0.50912,1,1,1,1
45,0.05053,-0.37329,0.37669,0.98644,0.03555,0.30111,1,1,1,1
45,-0.18536,-0.27717,0.33344,0.98617,0.00834,0.29605,1,1,1,1
45,0.17079,0.17182,0.24227,0.03465,0.03659,0.50968,1,1,1,1
45,0.29808,0.00365,0.29810,0.29288,0.03559,0.37299,1,1,1,1
45,-0.20286,0.11562,0.23350,0.08856,0.00803,0.35480,1,1,1,1
45,-0.04794,-0.10525,0.11565,0.90132,0.03513,0.30838,1,1,1,1
45,-0.22174,0.01342,0.22215,0.09035,0.00798,0.35392,1,1,1,1
45,0.38471,-0.08177,0.39330,0.97417,0.07940,0.30965,1,1,1,1
45,0.16405,-0.32968,0.36824,0.98612,0.03568,0.30116,1,1,1,1
45,-0.08108,-0.03062,0.08667,0.66598,0.03635,0.32787,1,1,1,1
45,0.00401,0.00357,0.00537,0.66129,0.03511,0.32798,1,1,1,1
45,0.09812,0.02301,0.10078,0.27489,0.03524,0.37511,1,1,1,1
45,-0.04604,-0.11626,0.12505,0.90232,0.03515,0.30829,1,1,1,1
45,0.00431,-0.25418,0.25421,0.98587,0.03536,0.30112,1,1,1,1
45,0.12452,-0.37810,0.39808,0.98640,0.03567,0.30113,1,1,1,1
45,0.16449,-0.21580,0.27134,0.98487,0.03558,0.30125,1,1,1,1
45,0.09998,0.19701,0.22093,0.03419,0.03657,0.50974,1,1,1,1
45,0.08451,-0.01103,0.08523,0.66932,0.03525,0.32748,1,1,1,1
45,-0.17706,-0.22260,0.28443,0.98587,0.00828,0.29606,1,1,1,1
45,-0.10594,-0.30610,0.32392,0.98625,0.00839,0.29605,1,1,1,1
45,0.16492,-0.25363,0.30254,0.98571,0.03561,0.30118,1,1,1,1
45,-0.05952,-0.02059,0.06298,0.66458,0.03636,0.32796,1,1,1,1
45,0.01392,0.15684,0.15746,0.03344,0.03650,0.50979,1,1,1,1
45,-0.03551,0.34427,0.34610,0.03260,0.00735,0.39903,1,1,1,1
45,-0.22542,0.23163,0.32321,0.03599,0.00811,0.39951,1,1,1,1
45,0.00540,0.19660,0.19667,0.03311,0.00732,0.39774,1,1,1,1
45,0.27798,-0.13939,0.31097,0.97474,0.03568,0.30213,1,1,1,1
45,0.13192,-0.14223,0.19399,0.98449,0.03545,0.30126,1,1,1,1
45,0.14779,-0.34367,0.37410,0.98620,0.03567,0.30115,1,1,1,1
45,-0.08990,0.27418,0.28854,0.03019,0.00809,0.41201,1,1,1,1
45,-0.13273,0.00064,0.13274,0.17783,0.03634,0.40194,1,1,1,1
45,-0.03766,-0.23406,0.23707,0.98580,0.03528,0.30111,1,1,1,1
45,0.10009,-0.07877,0.12737,0.89995,0.03534,0.30854,1,1,1,1
45,0.15176,-0.21105,0.25995,0.98485,0.03555,0.30124,1,1,1,1
45,0.20805,-0.25504,0.32913,0.98505,0.03568,0.30125,1,1,1,1
45,-0.08525,-0.34454,0.35493,0.98642,0.00843,0.29604,1,1,1,1
45,-0.21385,-0.24240,0.32325,0.98601,0.00830,0.29605,1,1,1,1
45,-0.14995,-0.00865,0.15020,0.17812,0.03632,0.40180,1,1,1,1
45,0.18036,0.33445,0.37998,0.03330,0.00737,0.39784,1,1,1,1
45,0.17348,-0.20798,0.27083,0.98482,0.03558,0.30125,1,1,1,1
45,0.06783,-0.18812,0.19998,0.98268,0.03540,0.30140,1,1,1,1
45,-0.26425,0.12703,0.29320,0.08801,0.00806,0.35514,1,1,1,1
45,-0.11777,0.30606,0.32793,0.02991,0.00812,0.41302,1,1,1,1
45,-0.06167,0.03195,0.06945,0.09101,0.03639,0.45631,1,1,1,1
45,-0.19705,-0.32900,0.38350,0.98644,0.00840,0.29604,1,1,1,1
45,-0.06825,-0.35722,0.36368,0.98647,0.00845,0.29604,1,1,1,1
45,0.21723,0.30588,0.37517,0.03364,0.00737,0.39713,1,1,1,1
45,-0.20765,-0.08645,0.22493,0.89847,0.03626,0.30885,1,1,1,1
45,-0.20358,-0.08088,0.21905,0.89799,0.03626,0.30889,1,1,1,1
45,0.06306,0.22450,0.23319,0.03384,0.00734,0.39638,1,1,1,1
45,0.32567,-0.21982,0.39291,0.97547,0.07980,0.30959,1,1,1,1
45,-0.30881,0.14965,0.34316,0.03646,0.00809,0.39844,1,1,1,1
45,-0.26540,-0.08894,0.27990,0.89830,0.04495,0.31055,1,1,1,1
45,-0.07014,-0.33717,0.34439,0.98637,0.00842,0.29605,1,1,1,1
45,-0.36764,-0.12811,0.38932,0.90113,0.04591,0.31048,1,1,1,1
45,-0.20062,0.02703,0.20243,0.09023,0.03632,0.45685,1,1,1,1
45,0.10078,0.20958,0.23255,0.03409,0.03658,0.50976,1,1,1,1
45,0.31752,-0.08764,0.32940,0.97423,0.03570,0.30218,1,1,1,1
45,-0.11873,-0.27406,0.29868,0.98609,0.00835,0.29605,1,1,1,1
45,-0.15643,-0.25174,0.29639,0.98601,0.00832,0.29606,1,1,1,1
45,0.31042,0.21520,0.37772,0.03775,0.03542,0.50785,1,1,1,1
45,0.12436,0.02924,0.12775,0.27486,0.03528,0.37516,1,1,1,1
45,-0.19966,-0.07788,0.21431,0.89774,0.03626,0.30891,1,1,1,1
45,0.13186,0.00215,0.13188,0.66821,0.03532,0.32756,1,1,1,1
45,-0.01766,0.39410,0.39449,0.03229,0.00736,0.39982,1,1,1,1
45,0.29857,-0.16213,0.33975,0.97495,0.03574,0.30213,1,1,1,1
45,0.17453,-0.18908,0.25732,0.98472,0.03557,0.30126,1,1,1,1
45,-0.07061,-0.20879,0.22040,0.98569,0.03520,0.30111,1,1,1,1
45,0.04199,-0.12502,0.13188,0.90372,0.03529,0.30820,1,1,1,1
45,-0.24971,-0.11954,0.27685,0.90118,0.04490,0.31028,1,1,1,1
45,-0.12291,-0.00442,0.12299,0.17816,0.03634,0.40181,1,1,1,1
45,0.06219,-0.28860,0.29523,0.98600,0.03548,0.30113,1,1,1,1
45,0.16504,-0.28012,0.32513,0.98585,0.03564,0.30117,1,1,1,1
45,0.32153,-0.00386,0.32155,0.29353,0.03563,0.37296,1,1,1,1
45,0.17692,-0.25946,0.31404,0.98508,0.03564,0.30124,1,1,1,1
45,0.17814,0.10002,0.20430,0.03451,0.03530,0.50920,1,1,1,1
45,0.17158,0.04326,0.17695,0.03499,0.03534,0.50906,1,1,1,1
45,0.00390,-0.02904,0.02930,0.66656,0.03514,0.32764,1,1,1,1
45,-0.02399,0.07529,0.07902,0.09040,0.03643,0.45698,1,1,1,1
45,0.27250,-0.07632,0.28298,0.90850,0.03562,0.30785,1,1,1,1
45,-0.01655,0.08614,0.08772,0.09024,0.03644,0.45715,1,1,1,1
45,-0.15651,0.15593,0.22093,0.03688,0.00804,0.39722,1,1,1,1
45,-0.21542,0.27899,0.35248,0.03562,0.00813,0.40046,1,1,1,1
45,0.24698,0.21708,0.32882,0.03450,0.03531,0.50920,1,1,1,1
45,-0.32342,-0.20044,0.38050,0.98589,0.04573,0.30296,1,1,1,1
45,0.17957,0.24788,0.30608,0.03401,0.00736,0.39623,1,1,1,1
45,-0.14716,-0.16398,0.22033,0.98551,0.00822,0.29608,1,1,1,1
45,0.12616,-0.06618,0.14247,0.90595,0.03537,0.30802,1,1,1,1
45,-0.24338,-0.03530,0.24592,0.60646,0.00795,0.33058,1,1,1,1
45,-0.34061,0.09936,0.35480,0.08806,0.00807,0.35517,1,1,1,1
45,-0.30162,-0.14024,0.33263,0.90265,0.04539,0.31025,1,1,1,1
45,0.17442,0.23702,0.29428,0.03409,0.00735,0.39605,1,1,1,1
45,-0.31582,-0.10562,0.33301,0.89947,0.04541,0.31053,1,1,1,1
45,0.16755,0.05201,0.17544,0.03489,0.03533,0.50909,1,1,1,1
45,-0.21239,0.24792,0.32645,0.03589,0.00811,0.39975,1,1,1,1
45,-0.11406,0.32081,0.34049,0.02983,0.00812,0.41331,1,1,1,1
45,-0.17974,0.06645,0.19163,0.08961,0.03635,0.45750,1,1,1,1
45,0.21880,-0.19413,0.29250,0.98473,0.03564,0.30127,1,1,1,1
45,0.22956,-0.07500,0.24150,0.90789,0.03555,0.30789,1,1,1,1
45,-0.13560,0.37455,0.39834,0.02944,0.00817,0.41472,1,1,1,1
45,-0.01727,-0.36794,0.36835,0.98647,0.00847,0.29605,1,1,1,1
45,-0.16733,-0.24263,0.29474,0.98597,0.00831,0.29606,1,1,1,1
45,0.22708,0.10388,0.24972,0.03915,0.03538,0.50695,1,1,1,1
45,0.05275,-0.26661,0.27178,0.98589,0.03545,0.30114,1,1,1,1
45,-0.30835,0.12416,0.33241,0.08781,0.00807,0.35528,1,1,1,1
45,0.11702,0.29808,0.32022,0.03340,0.00736,0.39747,1,1,1,1
45,0.34926,-0.12559,0.37115,0.97460,0.07884,0.30952,1,1,1,1
45,0.31033,0.19496,0.36649,0.03794,0.03544,0.50775,1,1,1,1
45,-0.24597,-0.06389,0.25413,0.66963,0.03625,0.32762,1,1,1,1
45,0.04387,0.15986,0.16577,0.03353,0.03652,0.50979,1,1,1,1
45,0.26425,0.20967,0.33733,0.03462,0.03535,0.50918,1,1,1,1
45,-0.07464,-0.26012,0.27061,0.98598,0.00834,0.29606,1,1,1,1
45,0.07686,0.29903,0.30875,0.03327,0.00735,0.39769,1,1,1,1
45,0.02362,0.24310,0.24424,0.03356,0.00734,0.39692,1,1,1,1
45,0.23967,-0.04541,0.24393,0.90556,0.03554,0.30809,1,1,1,1
45,-0.03942,0.00892,0.04041,0.60532,0.03639,0.33079,1,1,1,1
45,0.04196,0.17252,0.17754,0.03342,0.03652,0.50980,1,1,1,1
45,-0.17332,0.28759,0.33578,0.02988,0.00813,0.41319,1,1,1,1
45,0.07869,-0.09819,0.12583,0.90158,0.03533,0.30839,1,1,1,1
45,0.06808,0.36095,0.36731,0.03277,0.00736,0.39885,1,1,1,1
45,0.09172,-0.30409,0.31762,0.98605,0.03555,0.30114,1,1,1,1
45,-0.03951,0.14145,0.14686,0.03740,0.03646,0.50877,1,1,1,1
45,0.14512,-0.01930,0.14640,0.67173,0.03536,0.32734,1,1,1,1
45,0.11882,-0.08311,0.14500,0.90726,0.03538,0.30791,1,1,1,1
45,0.33644,0.20022,0.39151,0.03800,0.03548,0.50775,1,1,1,1
45,-0.12348,0.13948,0.18628,0.03714,0.00730,0.38996,1,1,1,1
45,0.15922,0.02411,0.16104,0.60330,0.03534,0.33092,1,1,1,1
45,-0.28914,-0.18746,0.34459,0.98578,0.04541,0.30291,1,1,1,1
45,-0.29651,-0.05713,0.30196,0.66809,0.00796,0.32258,1,1,1,1
45,-0.29664,-0.00338,0.29666,0.17657,0.00799,0.33911,1,1,1,1
45,0.03572,-0.04347,0.05626,0.66919,0.03521,0.32748,1,1,1,1
45,-0.16851,0.25037,0.30180,0.03599,0.00810,0.39942,1,1,1,1
45,-0.00562,-0.24898,0.24904,0.98585,0.03534,0.30112,1,1,1,1
45,0.29096,-0.11423,0.31258,0.97449,0.03568,0.30215,1,1,1,1
45,0.04438,-0.16713,0.17292,0.98256,0.03534,0.30140,1,1,1,1
45,-0.00402,0.36043,0.36046,0.03257,0.00736,0.39917,1,1,1,1
45,-0.00246,0.13462,0.13464,0.03356,0.03648,0.50978,1,1,1,1
45,0.15377,-0.03289,0.15724,0.67395,0.03539,0.32719,1,1,1,1
45,-0.08283,0.25548,0.26857,0.03033,0.00732,0.40387,1,1,1,1
45,0.06937,0.16633,0.18022,0.03357,0.03653,0.50979,1,1,1,1
45,-0.23076,-0.02771,0.23242,0.60622,0.00795,0.33062,1,1,1,1
45,0.18737,0.34235,0.39027,0.03326,0.00738,0.39795,1,1,1,1
45,-0.02387,0.00665,0.02478,0.60545,0.03639,0.33079,1,1,1,1
45,-0.32801,0.13070,0.35309,0.08758,0.00808,0.35542,1,1,1,1
45,-0.18187,0.07731,0.19762,0.08939,0.00800,0.35436,1,1,1,1
45,-0.20060,-0.03537,0.20370,0.66557,0.03629,0.32789,1,1,1,1
45,-0.19352,0.27522,0.33644,0.03571,0.00812,0.40019,1,1,1,1
45,-0.09507,-0.35686,0.36931,0.98649,0.00844,0.29604,1,1,1,1
45,-0.12947,0.06861,0.14652,0.08987,0.03638,0.45732,1,1,1,1
45,-0.29433,0.05069,0.29866,0.08921,0.00802,0.35455,1,1,1,1
45,0.35578,-0.01831,0.35625,0.29467,0.03570,0.37289,1,1,1,1
45,-0.04741,0.07949,0.09256,0.09018,0.03642,0.45716,1,1,1,1
45,-0.08734,0.32286,0.33446,0.03262,0.00812,0.40654,1,1,1,1
45,0.35231,0.02830,0.35344,0.04731,0.03565,0.50031,1,1,1,1
45,-0.24197,-0.25227,0.34956,0.98609,0.00831,0.29605,1,1,1,1
45,-0.18228,-0.27768,0.33217,0.98617,0.00835,0.29605,1,1,1,1
45,-0.01118,-0.22766,0.22793,0.98574,0.03531,0.30112,1,1,1,1
45,0.14702,0.30802,0.34131,0.03341,0.00736,0.39751,1,1,1,1
45,-0.27108,-0.12195,0.29725,0.90125,0.04509,0.31031,1,1,1,1
45,-0.22067,-0.32722,0.39467,0.98645,0.00840,0.29604,1,1,1,1
45,0.37512,0.10066,0.38839,0.27141,0.03563,0.37617,1,1,1,1
45,-0.32324,-0.09071,0.33573,0.89806,0.04544,0.31066,1,1,1,1
45,0.15382,-0.09192,0.17920,0.90838,0.03544,0.30782,1,1,1,1
45,-0.25646,-0.02095,0.25732,0.17774,0.00797,0.33896,1,1,1,1
45,-0.01326,0.37007,0.37031,0.03248,0.00736,0.39938,1,1,1,1
45,0.33867,-0.00245,0.33868,0.29365,0.03566,0.37298,1,1,1,1
45,-0.10872,-0.29277,0.31231,0.98618,0.00837,0.29605,1,1,1,1
45,-0.23070,-0.09317,0.24881,0.89893,0.03624,0.30880,1,1,1,1
45,0.12674,0.13539,0.18546,0.03402,0.03655,0.50975,1,1,1,1
45,0.04653,0.26596,0.27000,0.03345,0.00734,0.39723,1,1,1,1
45,0.25663,-0.10263,0.27640,0.97438,0.03562,0.30215,1,1,1,1
45,-0.25184,0.28142,0.37765,0.03550,0.00815,0.40082,1,1,1,1
45,-0.15292,0.31446,0.34967,0.02976,0.00813,0.41357,1,1,1,1
45,-0.05059,0.54061,0.54297,0.03123,0.04910,0.50378,1,0,1,0
45,-0.22933,-0.42571,0.48355,0.98692,0.00851,0.29602,1,0,0,0
45,0.50285,0.37551,0.62759,0.04573,0.64367,0.33596,1,0,0,0
45,-0.39630,-0.09854,0.40836,0.67353,0.04607,0.32897,1,0,0,0
45,0.64658,-0.71468,0.96377,0.97886,0.99123,0.34877,1,0,1,0
45,-0.05639,0.45065,0.45417,0.03180,0.04837,0.50500,1,0,1,0
45,-0.34048,0.40474,0.52891,0.02877,0.04934,0.49999,1,0,1,0
45,0.29124,0.82920,0.87886,0.02851,0.67867,0.32684,1,0,0,0
45,-0.28912,-0.77438,0.82659,0.97027,0.63677,0.33817,1,0,1,0
45,0.54621,0.01369,0.54638,0.52200,0.08437,0.33144,1,0,0,0
45,-0.30631,-0.91362,0.96360,0.97120,0.66149,0.33853,1,0,1,0
45,-0.42102,0.26927,0.49977,0.03513,0.00820,0.40200,1,0,1,0
45,0.80323,0.63183,1.02196,0.04425,0.94336,0.30232,1,0,0,0
45,-0.94333,-0.13274,0.95262,0.17683,0.77726,0.34580,1,0,0,0
45,-0.17037,-0.64694,0.66900,0.96914,0.60683,0.33774,1,0,1,0
45,0.22856,-0.70328,0.73949,0.96912,0.06537,0.30782,1,0,0,0
45,-0.24592,-0.86376,0.89808,0.97083,0.65151,0.33839,1,0,1,0
45,0.12226,-0.60403,0.61628,0.96838,0.06403,0.30766,1,0,0,0
45,-0.66934,0.59996,0.89887,0.02719,0.70732,0.32339,1,0,0,0
45,-0.24185,-0.84545,0.87936,0.97071,0.64821,0.33834,1,0,1,0
45,0.48582,0.22338,0.53471,0.04707,0.07110,0.50694,1,0,1,0
45,-0.79682,-0.26605,0.84006,0.98665,0.75336,0.34037,1,0,1,0
45,0.76799,0.46810,0.89940,0.04550,0.70266,0.32897,1,0,0,0
45,0.10950,-0.50655,0.51825,0.96744,0.06279,0.30754,1,0,0,0
45,-0.32265,-0.25556,0.41160,0.98618,0.04588,0.30296,1,0,0,0
45,-0.47309,-0.26263,0.54110,0.98635,0.04714,0.30316,1,0,0,0
45,-0.58134,-0.95126,1.11483,0.97166,0.99692,0.34890,1,0,1,0
45,-0.56183,0.21282,0.60079,0.03520,0.66399,0.33045,1,0,0,0
45,-0.39624,-0.34720,0.52683,0.98670,0.04674,0.30306,1,0,0,0
45,-0.58745,0.86756,1.04774,0.02847,0.99067,0.29559,1,0,0,0
45,0.91238,0.79281,1.20871,0.04329,0.94909,0.30167,1,0,0,0
45,0.93900,-0.59342,1.11080,0.97821,0.68538,0.33905,1,0,1,0
45,0.57270,0.63067,0.85190,0.04385,0.69512,0.32939,1,0,0,0
45,-0.57314,-0.49902,0.75994,0.98748,0.09852,0.31133,1,0,0,0
45,0.18168,0.60667,0.63329,0.02956,0.05938,0.49244,1,0,1,0
45,-0.68244,0.38743,0.78475,0.03365,0.69740,0.32629,1,0,0,0
45,-0.72478,0.92708,1.17677,0.02807,0.99110,0.29548,1,0,0,0
45,-0.66041,-0.51712,0.83878,0.98761,0.72469,0.33991,1,0,1,0
45,-0.40749,-0.92009,1.00629,0.97133,0.66518,0.33859,1,0,1,0
45,-0.57804,0.96090,1.12136,0.02814,0.99075,0.29552,1,0,0,0
45,0.70314,0.39434,0.80617,0.04600,0.68242,0.33147,1,0,0,0
45,0.74518,-0.29539,0.80159,0.97611,0.65054,0.33849,1,0,1,0
45,-0.01088,-0.82647,0.82654,0.97034,0.63751,0.33818,1,0,1,0
45,-0.99888,0.18903,1.01661,0.03428,0.99825,0.29598,1,0,0,0
45,-0.52124,0.92253,1.05960,0.02836,0.95676,0.29838,1,0,0,0
45,-0.83235,-0.82761,1.17377,0.97115,0.99705,0.34887,1,0,1,0
45,0.83078,-0.26547,0.87217,0.97585,0.65901,0.33860,1,0,1,0
45,-0.55457,0.00855,0.55464,0.08844,0.70353,0.33980,1,0,0,0
45,0.51522,0.01260,0.51537,0.52194,0.08305,0.33104,1,0,0,0
45,-0.63000,-0.56635,0.84714,0.98777,0.59576,0.33787,1,0,1,0
45,0.67091,0.91125,1.13159,0.02923,0.94628,0.29941,1,0,0,0
45,0.23643,-0.33243,0.40793,0.98541,0.03580,0.30124,1,0,0,0
45,-0.89462,-0.41380,0.98568,0.98737,0.76894,0.34067,1,0,1,0
45,0.99655,-0.36014,1.05963,0.97662,0.68078,0.33894,1,0,1,0
45,-0.05526,0.84009,0.84191,0.02793,0.05163,0.49644,1,0,1,0
45,-0.72099,0.66654,0.98189,0.02910,0.71864,0.32270,1,0,0,0
45,-0.40760,0.41373,0.58078,0.03409,0.04972,0.50663,1,0,1,0
45,-0.64956,-0.07216,0.65356,0.17665,0.72514,0.35398,1,0,0,0
45,-0.74719,0.39916,0.84712,0.03344,0.70841,0.32501,1,0,0,0
45,0.04359,-0.44797,0.45008,0.96691,0.06199,0.30745,1,0,0,0
45,0.85195,-0.56914,1.02457,0.97806,0.67654,0.33891,1,0,1,0
45,0.46073,0.71546,0.85098,0.02993,0.68953,0.32608,1,0,0,0
45,-0.93874,-0.37125,1.00948,0.98723,0.77569,0.34078,1,0,1,0
45,0.69144,0.33672,0.76907,0.04650,0.67183,0.33286,1,0,0,0
45,-0.31762,-0.67230,0.74356,0.96952,0.61765,0.33789,1,0,1,0
45,0.08361,0.66500,0.67024,0.02904,0.04952,0.50028,1,0,1,0
45,0.12259,0.97385,0.98153,0.02758,0.98898,0.29557,1,0,0,0
45,0.83570,-0.83120,1.17868,0.97386,0.99163,0.34834,1,0,1,0
45,-0.86750,0.21767,0.89439,0.03439,0.99817,0.29601,1,0,0,0
45,-0.58365,-0.76227,0.96005,0.97049,0.99679,0.34877,1,0,1,0
45,-0.54846,-0.78501,0.95763,0.97061,0.99677,0.34877,1,0,1,0
45,-0.84442,-0.28182,0.89021,0.98676,0.76150,0.34052,1,0,1,0
45,-0.06901,0.98789,0.99030,0.02728,0.95512,0.29832,1,0,0,0
45,0.10942,-0.71495,0.72328,0.96936,0.97120,0.34491,1,0,1,0
45,0.82576,-0.40622,0.92027,0.97697,0.66602,0.33873,1,0,1,0
45,0.87470,-0.06439,0.87707,0.95583,0.65263,0.33805,1,0,1,0
45,0.70747,-0.77371,1.04840,0.97353,0.99140,0.34828,1,0,1,0
45,-0.74636,-0.77974,1.07938,0.97076,0.99695,0.34882,1,0,1,0
45,0.86634,0.94890,1.28490,0.04224,0.95077,0.30134,1,0,0,0
45,-0.83451,0.52322,0.98497,0.03254,0.72707,0.32273,1,0,0,0
45,0.80843,-0.22854,0.84011,0.97553,0.65427,0.33853,1,0,1,0
45,0.08715,0.55153,0.55837,0.03149,0.05912,0.49613,1,0,1,0
45,0.29180,-0.99197,1.03399,0.97109,0.99612,0.34873,1,0,1,0
45,-0.19000,0.91037,0.92998,0.02890,0.95509,0.29861,1,0,0,0
45,0.73918,0.84097,1.11965,0.04271,0.94639,0.30179,1,0,0,0
45,0.67419,0.73373,0.99644,0.04330,0.94235,0.30225,1,0,0,0
45,-0.23990,0.69963,0.73962,0.02979,0.05129,0.49996,1,0,1,0
45,0.90130,-0.82994,1.22521,0.97944,0.99171,0.34890,1,0,1,0
45,-0.34389,-0.78078,0.85316,0.97037,0.63972,0.33821,1,0,1,0
45,0.17509,-0.78318,0.80251,0.96982,0.99588,0.34857,1,0,1,0
45,-0.83595,-0.49696,0.97251,0.98765,0.75900,0.34050,1,0,1,0
45,0.62193,-0.40764,0.74362,0.97697,0.64191,0.33838,1,0,1,0
45,0.96889,-0.86343,1.29779,0.97959,0.99181,0.34893,1,0,1,0
45,0.03799,-0.97752,0.97825,0.97126,0.99604,0.34873,1,0,1,0
45,0.45458,0.03862,0.45622,0.04753,0.07986,0.50254,1,0,1,0
45,0.99765,-0.32398,1.04894,0.97633,0.67930,0.33891,1,0,1,0
45,0.28401,0.32311,0.43019,0.03371,0.00739,0.39712,1,0,1,0
45,-0.33120,0.31211,0.45509,0.03504,0.00819,0.40215,1,0,1,0
45,-0.13422,-0.57247,0.58800,0.96843,0.58887,0.33748,1,0,1,0
45,-0.14934,-0.58662,0.60534,0.96858,0.59269,0.33753,1,0,1,0
45,-0.14535,0.59123,0.60884,0.03057,0.04997,0.50223,1,0,1,0
45,0.80027,0.43921,0.91287,0.04582,0.70363,0.32894,1,0,0,0
45,-0.74037,-0.84682,1.12483,0.97119,0.99699,0.34886,1,0,1,0
45,-0.47940,-0.00847,0.47947,0.17525,0.00954,0.34299,1,0,1,0
45,-0.16465,-0.86717,0.88266,0.97078,0.64970,0.33836,1,0,1,0
45,-0.23696,-0.79664,0.83113,0.97037,0.63924,0.33821,1,0,1,0
45,-0.92768,-0.67196,1.14548,0.97017,0.99831,0.34896,1,0,1,0
45,-0.42025,-0.07405,0.42672,0.66954,0.04620,0.32920,1,0,0,0
45,0.51325,0.54888,0.75146,0.04434,0.67369,0.33202,1,0,0,0
45,-0.13468,-0.63978,0.65380,0.96903,0.60391,0.33769,1,0,1,0
45,0.92621,0.70881,1.16631,0.04391,0.94788,0.30188,1,0,0,0
45,0.81950,-0.81214,1.15376,0.97935,0.99160,0.34887,1,0,1,0
45,-0.65912,0.78385,1.02414,0.02870,0.99078,0.29562,1,0,0,0
45,0.96317,-0.03408,0.96377,0.52282,0.98497,0.33367,1,0,1,0
45,0.67137,-0.33814,0.75171,0.97645,0.64387,0.33840,1,0,1,0
45,0.18690,-0.91556,0.93444,0.97073,0.99602,0.34868,1,0,1,0
45,0.11370,-0.55765,0.56912,0.96795,0.06344,0.30760,1,0,0,0
45,0.94353,0.55549,1.09490,0.04514,0.99762,0.29789,1,0,0,0
45,-0.14928,0.60013,0.61842,0.03051,0.05006,0.50207,1,0,1,0
45,-0.83569,-0.56428,1.00836,0.98789,0.99821,0.35068,1,0,1,0
45,0.81822,0.83035,1.16575,0.04289,0.94790,0.30170,1,0,0,0
45,0.06812,0.88780,0.89041,0.02789,0.05148,0.49650,1,0,1,0
45,0.08142,0.83661,0.84056,0.02815,0.05099,0.49743,1,0,1,0
45,-0.45228,0.89283,1.00085,0.02857,0.95624,0.29846,1,0,0,0
45,0.71314,0.84817,1.10813,0.04262,0.94594,0.30182,1,0,0,0
45,-0.05796,-0.50273,0.50606,0.96764,0.06257,0.30748,1,0,0,0
45,-0.74560,0.41606,0.85384,0.03334,0.70909,0.32491,1,0,0,0
45,0.26037,-0.84739,0.88649,0.97019,0.99597,0.34862,1,0,1,0
45,0.70752,0.36946,0.79817,0.04623,0.67949,0.33188,1,0,0,0
45,-0.43220,-0.40014,0.58899,0.98697,0.09267,0.31050,1,0,0,0
45,-0.37369,0.74115,0.83003,0.02935,0.38224,0.35649,1,0,1,0
45,-0.70435,0.00106,0.70435,0.17301,0.73711,0.35148,1,0,0,0
45,-0.24067,-0.88669,0.91877,0.97098,0.65526,0.33844,1,0,1,0
45,-0.78396,-0.91133,1.20213,0.97161,0.99706,0.34891,1,0,1,0
45,0.66000,0.16205,0.67960,0.27377,0.08620,0.43695,1,0,1,0
45,-0.68076,0.82066,1.06626,0.02852,0.99088,0.29558,1,0,0,0
45,-0.76065,-0.22299,0.79266,0.90645,0.74694,0.33755,1,0,1,0
45,-0.99496,-0.10444,1.00043,0.17519,0.78431,0.34449,1,0,0,0
45,-0.78641,-0.70372,1.05530,0.97027,0.99822,0.34895,1,0,1,0
45,-0.00999,-0.75466,0.75472,0.96982,0.62345,0.33798,1,0,1,0
45,0.67578,-0.10723,0.68423,0.96195,0.62889,0.33789,1,0,1,0
45,0.13389,0.53013,0.54678,0.03174,0.05897,0.49668,1,0,1,0
45,0.65817,0.57178,0.87184,0.04444,0.70008,0.32898,1,0,0,0
45,-0.89548,0.63605,1.09839,0.03186,0.99786,0.29559,1,0,0,0
45,0.90016,-0.11976,0.90809,0.95654,0.65888,0.33814,1,0,1,0
45,-0.40554,0.89986,0.98702,0.02861,0.95609,0.29848,1,0,0,0
45,-0.02731,0.73754,0.73804,0.02847,0.05065,0.49832,1,0,1,0
45,0.55715,0.97816,1.12571,0.02868,0.99088,0.29561,1,0,0,0
45,0.63146,-0.60378,0.87367,0.97825,0.65504,0.33860,1,0,1,0
45,0.51211,-0.06417,0.51612,0.96130,0.08454,0.31168,1,0,0,0
45,-0.45370,0.80861,0.92720,0.02891,0.38577,0.35600,1,0,1,0
45,-0.45442,0.77595,0.89922,0.02905,0.38468,0.35615,1,0,1,0
45,0.42640,0.93996,1.03216,0.02865,0.99051,0.29563,1,0,0,0
45,0.39971,0.02578,0.40054,0.04748,0.03573,0.50027,1,0,1,0
45,0.03159,-0.71596,0.71666,0.96947,0.61397,0.33784,1,0,1,0
45,-0.73459,-0.76362,1.05960,0.97064,0.99693,0.34880,1,0,1,0
45,0.87242,-0.52530,1.01836,0.97779,0.67650,0.33891,1,0,1,0
45,0.45816,-0.99504,1.09545,0.97094,0.99259,0.34820,1,0,1,0
45,-0.12263,0.92649,0.93457,0.02747,0.95485,0.29837,1,0,0,0
45,-0.29365,-0.93450,0.97955,0.97132,0.66445,0.33858,1,0,1,0
45,0.86652,-0.56641,1.03522,0.97804,0.67779,0.33893,1,0,1,0
45,0.64037,-0.84522,1.06041,0.96705,0.99138,0.34764,1,0,1,0
45,0.71771,0.69258,0.99738,0.04365,0.94253,0.30230,1,0,0,0
45,-0.74334,-0.84916,1.12855,0.97121,0.99699,0.34886,1,0,1,0
45,-0.07732,0.43087,0.43775,0.03188,0.00818,0.40884,1,0,1,0
45,-0.79674,-0.09290,0.80214,0.17633,0.75418,0.34930,1,0,0,0
45,0.71580,-0.58907,0.92702,0.97817,0.66371,0.33873,1,0,1,0
45,0.54671,-0.47653,0.72524,0.97745,0.63646,0.33831,1,0,1,0
45,-0.13235,0.52234,0.53884,0.03102,0.04933,0.50333,1,0,1,0
45,-0.89766,-0.12956,0.90696,0.17708,0.77060,0.34686,1,0,0,0
45,-0.88536,-0.49259,1.01317,0.98767,0.76712,0.34064,1,0,1,0
45,0.68441,0.18253,0.70833,0.04797,0.08684,0.49879,1,0,1,0
45,0.41020,0.32086,0.52078,0.04601,0.00875,0.38900,1,0,1,0
45,0.13524,0.68426,0.69749,0.02902,0.05983,0.49098,1,0,1,0
45,0.41753,0.49282,0.64591,0.03286,0.64738,0.33159,1,0,0,0
45,0.89862,-0.17835,0.91614,0.96293,0.66194,0.33834,1,0,1,0
45,0.76872,-0.40043,0.86676,0.97692,0.65941,0.33863,1,0,1,0
45,-0.69996,-0.86904,1.11587,0.97129,0.99697,0.34887,1,0,1,0
45,-0.95858,-0.56291,1.11164,0.98797,0.99830,0.35070,1,0,1,0
45,-0.01290,0.88882,0.88891,0.02777,0.95382,0.29851,1,0,0,0
45,0.11913,-0.84076,0.84916,0.97030,0.99593,0.34862,1,0,1,0
45,-0.62491,-0.61239,0.87495,0.96938,0.60335,0.33769,1,0,1,0
45,0.66398,0.93564,1.14730,0.02909,0.94662,0.29936,1,0,0,0
45,0.28519,0.30971,0.42102,0.03382,0.00738,0.39687,1,0,1,0
45,0.48179,-0.82176,0.95258,0.96975,0.99108,0.34786,1,0,1,0
46,0.19176,0.21305,0.28664,0.02124,0.14161,1.65814,1,1,1,1
46,-0.36813,0.08953,0.37886,0.03141,0.16860,1.70695,1,1,1,1
46,0.02293,-0.11709,0.11931,0.98291,0.03343,1.46139,1,1,1,1
46,0.17430,-0.02697,0.17638,0.85443,0.03015,1.54474,1,1,1,1
46,-0.06867,0.32737,0.33449,0.01748,0.16517,1.61496,1,1,1,1
46,-0.04021,-0.11315,0.12008,0.98275,0.03347,1.46161,1,1,1,1
46,0.10677,-0.23564,0.25870,0.98369,0.03356,1.46092,1,1,1,1
46,-0.18242,-0.27281,0.32818,0.98395,0.55462,1.79078,1,1,1,1
46,-0.02732,0.03670,0.04575,0.56361,0.11258,1.75010,1,1,1,1
46,0.20677,0.30345,0.36720,0.01675,0.14215,1.62153,1,1,1,1
46,0.31823,0.10867,0.33628,0.84384,0.14156,1.83670,1,1,1,1
46,-0.34101,0.10570,0.35702,0.03122,0.16824,1.70600,1,1,1,1
46,0.34889,-0.14572,0.37810,0.98373,0.03018,1.45555,1,1,1,1
46,-0.26952,0.27540,0.38533,0.01765,0.15500,1.62057,1,1,1,1
46,0.18677,0.17400,0.25526,0.02144,0.14137,1.65995,1,1,1,1
46,0.19047,0.22419,0.29418,0.02118,0.14166,1.65765,1,1,1,1
46,0.05598,-0.21653,0.22365,0.98349,0.03356,1.46110,1,1,1,1
46,-0.05313,0.16397,0.17237,0.01741,0.03152,1.92416,1,1,1,1
46,-0.03248,-0.03187,0.04550,0.57366,0.11271,1.75309,1,1,1,1
46,0.28644,-0.04918,0.29063,0.85747,0.03015,1.54359,1,1,1,1
46,-0.12877,0.00018,0.12877,0.70530,0.16605,1.88930,1,1,1,1
46,-0.09524,0.32900,0.34251,0.01747,0.16503,1.61493,1,1,1,1
46,-0.20964,-0.00921,0.20984,0.70546,0.16704,1.89113,1,1,1,1
46,0.26838,0.10490,0.28815,0.84356,0.14133,1.83619,1,1,1,1
46,0.08059,-0.26687,0.27877,0.98378,0.03363,1.46095,1,1,1,1
46,0.03613,-0.25174,0.25432,0.98362,0.03364,1.46110,1,1,1,1
46,0.13101,0.23680,0.27062,0.01702,0.14149,1.62420,1,1,1,1
46,-0.20763,0.15787,0.26083,0.01813,0.16652,1.61919,1,1,1,1
46,0.27982,0.04190,0.28294,0.84944,0.03011,1.54642,1,1,1,1
46,0.36677,0.01943,0.36729,0.85236,0.03011,1.54541,1,1,1,1
46,0.02059,0.04330,0.04795,0.56195,0.03215,1.54093,1,1,1,1
46,-0.04241,0.38143,0.38378,0.01729,0.16611,1.61326,1,1,1,1
46,-0.01775,0.22761,0.22830,0.01717,0.03154,1.92110,1,1,1,1
46,-0.10538,-0.17100,0.20086,0.98291,0.54884,1.79183,1,1,1,1
46,-0.01116,0.36498,0.36515,0.01674,0.16607,1.60923,1,1,1,1
46,0.19834,-0.07003,0.21034,0.98305,0.03016,1.45610,1,1,1,1
46,-0.13024,0.25209,0.28375,0.01776,0.03157,1.92791,1,1,1,1
46,-0.22397,-0.29887,0.37348,0.98398,0.55679,1.79061,1,1,1,1
46,-0.16033,-0.06248,0.17207,0.71005,0.16661,1.89020,1,1,1,1
46,-0.34933,-0.09235,0.36133,0.90827,0.16892,1.89353,1,1,1,1
46,-0.05834,-0.13181,0.14414,0.98281,0.03352,1.46162,1,1,1,1
46,0.18579,0.02733,0.18779,0.84969,0.03012,1.54636,1,1,1,1
46,0.11893,0.28507,0.30888,0.01688,0.14170,1.62288,1,1,1,1
46,0.18648,-0.22171,0.28971,0.98378,0.03022,1.45558,1,1,1,1
46,-0.32316,0.09521,0.33689,0.03135,0.16806,1.70688,1,1,1,1
46,-0.16133,0.26246,0.30808,0.01771,0.03158,1.92734,1,1,1,1
46,0.13663,-0.21581,0.25542,0.98365,0.03022,1.45569,1,1,1,1
46,0.32906,-0.19052,0.38024,0.98390,0.03020,1.45544,1,1,1,1
46,0.33453,-0.14881,0.36613,0.98372,0.03018,1.45557,1,1,1,1
46,0.35592,-0.09892,0.36941,0.98352,0.03016,1.45570,1,1,1,1
46,-0.34506,-0.03394,0.34672,0.90679,0.16870,1.89329,1,1,1,1
46,0.18957,0.10074,0.21468,0.84295,0.03222,1.55377,1,1,1,1
46,0.24573,0.10948,0.26902,0.84285,0.14127,1.83611,1,1,1,1
46,0.22607,0.25863,0.34350,0.02100,0.14199,1.65593,1,1,1,1
46,-0.26913,-0.23325,0.35614,0.98356,0.55621,1.79091,1,1,1,1
46,0.16487,-0.34737,0.38451,0.98429,0.14193,1.58203,1,1,1,1
46,-0.00488,0.24481,0.24486,0.01710,0.03155,1.92024,1,1,1,1
46,0.08136,-0.11821,0.14350,0.98305,0.03019,1.45615,1,1,1,1
46,-0.20272,0.33882,0.39483,0.01742,0.16450,1.61471,1,1,1,1
46,0.14561,-0.28001,0.31560,0.98396,0.03025,1.45546,1,1,1,1
46,0.15863,0.20513,0.25931,0.02129,0.14143,1.65869,1,1,1,1
46,0.25361,-0.03575,0.25612,0.85600,0.03014,1.54415,1,1,1,1
46,0.04962,0.16856,0.17571,0.01730,0.03224,1.91837,1,1,1,1
46,0.08478,0.29500,0.30694,0.01687,0.14161,1.62292,1,1,1,1
46,0.24159,0.25829,0.35366,0.02100,0.14206,1.65586,1,1,1,1
46,0.37149,-0.10863,0.38705,0.98360,0.03016,1.45564,1,1,1,1
46,-0.02865,0.23664,0.23837,0.01715,0.03155,1.92082,1,1,1,1
46,-0.07216,-0.13697,0.15482,0.98281,0.03353,1.46166,1,1,1,1
46,0.15045,0.15683,0.21732,0.02154,0.14113,1.66097,1,1,1,1
46,-0.26170,0.23874,0.35423,0.01779,0.16692,1.61666,1,1,1,1
46,0.13216,-0.30209,0.32974,0.98404,0.03364,1.46075,1,1,1,1
46,0.18767,0.03418,0.19076,0.84909,0.03012,1.54656,1,1,1,1
46,0.24426,0.17902,0.30284,0.02140,0.14164,1.65938,1,1,1,1
46,-0.29947,-0.21932,0.37119,0.98342,0.16872,1.57191,1,1,1,1
46,0.01547,0.00089,0.01550,0.56820,0.03129,1.53875,1,1,1,1
46,0.02227,-0.02905,0.03661,0.57242,0.03130,1.53903,1,1,1,1
46,-0.00539,-0.36441,0.36445,0.98470,0.15195,1.57962,1,1,1,1
46,0.07631,-0.36907,0.37688,0.98487,0.14197,1.58074,1,1,1,1
46,0.16125,-0.26917,0.31377,0.98394,0.03024,1.45547,1,1,1,1
46,0.32292,0.08566,0.33409,0.84599,0.14145,1.83619,1,1,1,1
46,-0.16273,0.12083,0.20268,0.01743,0.16609,1.61429,1,1,1,1
46,-0.01508,-0.32465,0.32500,0.98452,0.15142,1.58019,1,1,1,1
46,-0.27712,0.04117,0.28016,0.03200,0.16769,1.71111,1,1,1,1
46,0.19554,-0.25450,0.32094,0.98394,0.03023,1.45546,1,1,1,1
46,0.16613,-0.35792,0.39460,0.98434,0.14208,1.58193,1,1,1,1
46,-0.01026,0.28224,0.28243,0.01699,0.03156,1.91872,1,1,1,1
46,-0.26532,0.26068,0.37196,0.01771,0.16690,1.61604,1,1,1,1
46,0.05777,-0.14981,0.16056,0.98316,0.03345,1.46122,1,1,1,1
46,0.39377,0.03636,0.39544,0.85118,0.03011,1.54580,1,1,1,1
46,-0.26491,0.02226,0.26584,0.03224,0.16760,1.71259,1,1,1,1
46,-0.11952,0.04733,0.12855,0.53557,0.11313,1.75411,1,1,1,1
46,-0.37689,-0.12529,0.39717,0.94514,0.16933,1.81456,1,1,1,1
46,-0.20142,0.20184,0.28515,0.01795,0.16631,1.61797,1,1,1,1
46,-0.37531,-0.08982,0.38591,0.90799,0.16921,1.89437,1,1,1,1
46,0.37028,-0.04225,0.37268,0.85767,0.03014,1.54350,1,1,1,1
46,0.02085,0.39595,0.39650,0.01662,0.16671,1.60820,1,1,1,1
46,-0.22997,0.19627,0.30233,0.01797,0.16667,1.61799,1,1,1,1
46,-0.10415,0.31108,0.32805,0.01754,0.16472,1.61551,1,1,1,1
46,-0.14778,0.21847,0.26376,0.01789,0.03156,1.92945,1,1,1,1
46,0.18919,0.23529,0.30191,0.02113,0.14172,1.65716,1,1,1,1
46,-0.08191,0.01508,0.08329,0.70445,0.11295,1.77180,1,1,1,1
46,-0.22508,0.00964,0.22529,0.70383,0.16717,1.89142,1,1,1,1
46,-0.09275,0.25626,0.27253,0.01694,0.03156,1.91809,1,1,1,1
46,0.22724,-0.14573,0.26995,0.98349,0.03019,1.45577,1,1,1,1
46,-0.16250,0.30883,0.34897,0.01754,0.16432,1.61564,1,1,1,1
46,0.33356,0.07421,0.34171,0.84715,0.14144,1.83600,1,1,1,1
46,-0.14973,-0.27589,0.31390,0.98403,0.55365,1.79079,1,1,1,1
46,-0.25141,-0.11291,0.27560,0.94016,0.16784,1.83900,1,1,1,1
46,0.03551,-0.02046,0.04098,0.57099,0.03129,1.53890,1,1,1,1
46,-0.05389,-0.35374,0.35782,0.98457,0.15208,1.57986,1,1,1,1
46,-0.10366,0.13068,0.16680,0.01737,0.11291,1.65610,1,1,1,1
46,-0.17939,0.26256,0.31799,0.01771,0.15487,1.62111,1,1,1,1
46,-0.20670,-0.20798,0.29322,0.98358,0.55338,1.79110,1,1,1,1
46,0.13867,0.22929,0.26796,0.01703,0.14148,1.62435,1,1,1,1
46,-0.01774,-0.21678,0.21750,0.98334,0.03362,1.46133,1,1,1,1
46,0.10042,-0.03591,0.10664,0.95380,0.03016,1.48110,1,1,1,1
46,-0.32783,-0.07458,0.33621,0.90799,0.16862,1.89279,1,1,1,1
46,-0.13619,-0.01759,0.13732,0.70667,0.16619,1.88952,1,1,1,1
46,0.35416,-0.16017,0.38869,0.98381,0.03018,1.45550,1,1,1,1
46,-0.34146,-0.05325,0.34559,0.90733,0.16871,1.89321,1,1,1,1
46,-0.14455,0.01597,0.14543,0.70391,0.16619,1.88961,1,1,1,1
46,0.12427,0.10303,0.16143,0.84190,0.03221,1.55407,1,1,1,1
46,-0.21030,0.30328,0.36906,0.01755,0.15517,1.61973,1,1,1,1
46,0.26279,0.20687,0.33444,0.02125,0.14187,1.65802,1,1,1,1
46,-0.35314,-0.08708,0.36372,0.90810,0.16895,1.89364,1,1,1,1
46,0.22871,0.28144,0.36265,0.01680,0.14213,1.62196,1,1,1,1
46,0.03510,0.28361,0.28578,0.01695,0.14135,1.62374,1,1,1,1
46,-0.16877,0.17975,0.24657,0.01804,0.16599,1.61875,1,1,1,1
46,0.30384,-0.21369,0.37146,0.98396,0.03021,1.45541,1,1,1,1
46,-0.19254,-0.26647,0.32875,0.98389,0.55476,1.79080,1,1,1,1
46,-0.33695,0.14574,0.36712,0.01816,0.16808,1.61898,1,1,1,1
46,0.22196,-0.10760,0.24667,0.98329,0.03017,1.45592,1,1,1,1
46,-0.26151,-0.07607,0.27235,0.90856,0.16785,1.89051,1,1,1,1
46,0.18275,0.32608,0.37380,0.01670,0.14218,1.62112,1,1,1,1
46,0.31110,0.07188,0.31930,0.84710,0.14133,1.83574,1,1,1,1
46,-0.18578,0.08780,0.20548,0.03146,0.16647,1.70852,1,1,1,1
46,-0.26211,-0.09703,0.27950,0.94519,0.16792,1.80579,1,1,1,1
46,-0.20606,-0.00477,0.20611,0.70513,0.16698,1.89104,1,1,1,1
46,-0.16511,0.10400,0.19514,0.03127,0.16617,1.70755,1,1,1,1
46,-0.14649,0.02514,0.14863,0.70315,0.16618,1.88963,1,1,1,1
46,0.18799,0.34856,0.39603,0.01663,0.14232,1.62044,1,1,1,1
46,-0.24758,0.10539,0.26908,0.03124,0.16715,1.70675,1,1,1,1
46,-0.11739,-0.19084,0.22405,0.98370,0.54988,1.79125,1,1,1,1
46,-0.26337,0.25841,0.36897,0.01772,0.16688,1.61611,1,1,1,1
46,-0.19636,-0.21858,0.29382,0.98366,0.55337,1.79105,1,1,1,1
46,0.12885,0.37502,0.39653,0.01660,0.16708,1.60795,1,1,1,1
46,0.03153,-0.10375,0.10844,0.98286,0.03340,1.46139,1,1,1,1
46,-0.15106,-0.07887,0.17041,0.71139,0.16655,1.89005,1,1,1,1
46,0.06414,-0.21095,0.22048,0.98348,0.03355,1.46109,1,1,1,1
46,-0.27337,0.12062,0.29880,0.01827,0.16741,1.61998,1,1,1,1
46,-0.26750,-0.29237,0.39628,0.98385,0.55800,1.79060,1,1,1,1
46,-0.38483,-0.09447,0.39626,0.90803,0.16933,1.89469,1,1,1,1
46,-0.37989,0.07024,0.38633,0.03164,0.16880,1.70825,1,1,1,1
46,0.25843,0.18276,0.31652,0.02138,0.14172,1.65913,1,1,1,1
46,0.31120,0.25016,0.39928,0.02103,0.14229,1.65585,1,1,1,1
46,-0.22609,0.25060,0.33751,0.01775,0.15481,1.62145,1,1,1,1
46,-0.13656,0.32869,0.35593,0.01747,0.16477,1.61497,1,1,1,1
46,-0.17170,-0.01210,0.17213,0.70597,0.16660,1.89030,1,1,1,1
46,-0.23926,0.26912,0.36010,0.01768,0.15495,1.62081,1,1,1,1
46,-0.27098,-0.06696,0.27913,0.90825,0.16793,1.89084,1,1,1,1
46,0.08258,-0.17155,0.19039,0.98332,0.03347,1.46110,1,1,1,1
46,-0.16411,-0.31141,0.35201,0.98416,0.55523,1.79060,1,1,1,1
46,-0.16508,-0.13086,0.21065,0.98180,0.16687,1.57577,1,1,1,1
46,-0.03279,-0.24264,0.24484,0.98413,0.03368,1.46072,1,1,1,1
46,-0.31691,0.13260,0.34353,0.01822,0.16788,1.61945,1,1,1,1
46,-0.27544,0.00116,0.27544,0.03250,0.16778,1.71405,1,1,1,1
46,-0.24867,0.28495,0.37820,0.01761,0.15506,1.62028,1,1,1,1
46,-0.39399,-0.00203,0.39400,0.03253,0.16917,1.71341,1,1,1,1
46,0.20874,0.29754,0.36346,0.01677,0.14213,1.62168,1,1,1,1
46,0.18267,0.02691,0.18465,0.84969,0.03012,1.54636,1,1,1,1
46,0.22670,-0.01601,0.22727,0.85401,0.03014,1.54487,1,1,1,1
46,0.14913,-0.21577,0.26229,0.98367,0.03022,1.45567,1,1,1,1
46,0.04600,-0.32299,0.32624,0.98463,0.03375,1.46039,1,1,1,1
46,-0.05030,-0.08499,0.09876,0.98257,0.12250,1.57777,1,1,1,1
46,-0.28838,0.26713,0.39309,0.01768,0.16715,1.61577,1,1,1,1
46,0.01916,-0.23808,0.23885,0.98352,0.03363,1.46118,1,1,1,1
46,-0.14297,0.06023,0.15514,0.02748,0.16604,1.68365,1,1,1,1
46,0.21953,0.05239,0.22569,0.84780,0.03219,1.55214,1,1,1,1
46,-0.17380,0.04263,0.17895,0.53538,0.16646,1.85410,1,1,1,1
46,-0.15401,0.08434,0.17559,0.02728,0.16610,1.68230,1,1,1,1
46,0.05999,0.24220,0.24952,0.01706,0.14122,1.62473,1,1,1,1
46,-0.18624,-0.18920,0.26548,0.98354,0.55211,1.79121,1,1,1,1
46,0.03065,0.35060,0.35193,0.01675,0.16613,1.60928,1,1,1,1
46,-0.04790,-0.36104,0.36420,0.98461,0.15215,1.57975,1,1,1,1
46,0.20185,-0.01208,0.20221,0.85340,0.03014,1.54509,1,1,1,1
46,0.72236,-0.94730,1.19130,0.98730,0.96312,1.72670,1,0,1,0
46,0.79958,0.95057,1.24214,0.01495,0.96379,1.29586,1,0,0,0
46,-0.63522,0.83719,1.05090,0.01578,0.87720,1.32711,1,0,0,0
46,-0.82280,0.37656,0.90488,0.01722,0.17280,1.61119,1,0,1,0
46,0.69276,-0.56551,0.89427,0.98581,0.51490,1.79122,1,0,1,0
46,-0.28858,-0.92541,0.96936,0.98615,0.97728,1.72487,1,0,1,0
46,-0.30372,-0.49875,0.58395,0.98468,0.15557,1.57814,1,0,0,0
46,0.95319,0.16101,0.96669,0.84683,0.99680,1.72129,1,0,1,0
46,0.31928,-0.54044,0.62771,0.98587,0.14518,1.57854,1,0,0,0
46,0.36833,-0.61509,0.71694,0.98616,0.14640,1.57781,1,0,0,0
46,-0.39441,-0.21712,0.45022,0.97706,0.16980,1.58103,1,0,0,0
46,0.47596,0.14883,0.49868,0.84217,0.14243,1.83895,1,0,0,0
46,-0.33678,0.81336,0.88032,0.01590,0.87831,1.32689,1,0,0,0
46,-0.65143,0.81048,1.03983,0.01585,0.94841,1.30236,1,0,0,0
46,0.40523,0.18476,0.44536,0.45488,0.14233,1.88657,1,0,1,0
46,-0.98994,-0.67724,1.19943,0.96012,0.99382,1.72317,1,0,1,0
46,-0.24813,0.73784,0.77845,0.01612,0.87716,1.32762,1,0,0,0
46,-0.67354,-0.66542,0.94680,0.96085,0.99356,1.72320,1,0,1,0
46,-0.48455,-0.23031,0.53650,0.94598,0.17085,1.81666,1,0,0,0
46,-0.93066,0.61578,1.11593,0.01640,0.84260,1.34025,1,0,0,0
46,0.51892,-0.59353,0.78839,0.98629,0.13445,1.57626,1,0,0,0
46,-0.96409,-0.09667,0.96893,0.36446,0.85256,1.71055,1,0,0,0
46,0.75599,-0.23797,0.79256,0.98480,0.51088,1.79199,1,0,1,0
46,-0.15015,-0.96248,0.97412,0.98643,0.57643,1.78749,1,0,1,0
46,-0.11016,-0.71263,0.72110,0.98578,0.56436,1.78891,1,0,1,0
46,0.94731,0.88714,1.29785,0.01607,0.96371,1.29734,1,0,0,0
46,0.54548,-0.42637,0.69234,0.98519,0.50813,1.79174,1,0,1,0
46,-0.96313,-0.31941,1.01472,0.40707,0.99357,1.63801,1,0,0,0
46,0.29260,-0.93872,0.98326,0.98688,0.15070,1.57549,1,0,0,0
46,-0.08193,-0.54912,0.55520,0.98527,0.15507,1.57718,1,0,0,0
46,-0.46753,-0.49690,0.68227,0.98434,0.97791,1.72485,1,0,1,0
46,-0.12295,0.56193,0.57522,0.01667,0.16815,1.60817,1,0,1,0
46,-0.94362,0.00380,0.94363,0.35889,0.85162,1.70788,1,0,0,0
46,-0.97606,0.53628,1.11368,0.01666,0.17393,1.60698,1,0,1,0
46,0.20105,-0.36145,0.41360,0.98441,0.14224,1.58177,1,0,0,0
46,-0.86164,-0.86631,1.22185,0.96189,0.99384,1.72314,1,0,1,0
46,-0.73965,0.33260,0.81099,0.01739,0.17204,1.61252,1,0,1,0
46,0.91587,-0.79852,1.21509,0.98661,0.99709,1.72209,1,0,1,0
46,-0.39865,-0.84048,0.93023,0.98574,0.97744,1.72486,1,0,1,0
46,-0.65958,0.78627,1.02629,0.01592,0.94825,1.30250,1,0,0,0
46,0.35486,-0.58145,0.68118,0.98604,0.14587,1.57811,1,0,0,0
46,-0.06843,-0.67195,0.67542,0.98571,0.56145,1.78918,1,0,1,0
46,0.53948,-0.41765,0.68226,0.98515,0.50779,1.79177,1,0,1,0
46,-0.94867,-0.83905,1.26648,0.96149,0.99389,1.72314,1,0,1,0
46,0.67046,0.13459,0.68383,0.84580,0.18385,1.92011,1,0,0,0
46,0.23757,0.68017,0.72046,0.01574,0.20992,1.60418,1,0,1,0
46,0.49002,0.51066,0.70774,0.01600,0.20870,1.60571,1,0,1,0
46,0.94763,-0.96489,1.35242,0.98750,0.99707,1.72207,1,0,1,0
46,-0.56200,-0.31387,0.64371,0.94886,0.84748,1.74989,1,0,1,0
46,-0.86679,-0.43471,0.96969,0.94799,0.99357,1.72335,1,0,1,0
46,0.28883,0.59383,0.66035,0.01592,0.20893,1.60517,1,0,1,0
46,0.48354,-0.82021,0.95214,0.98682,0.71591,1.76476,1,0,1,0
46,0.06409,-0.60377,0.60716,0.98569,0.14531,1.57890,1,0,0,0
46,0.77128,-0.58079,0.96550,0.98594,0.51734,1.79109,1,0,1,0
46,0.38515,0.80806,0.89516,0.01539,0.21233,1.60226,1,0,1,0
46,0.72278,-0.24710,0.76385,0.98479,0.51008,1.79201,1,0,1,0
46,-0.48389,-0.53383,0.72050,0.98447,0.99328,1.72270,1,0,1,0
46,-0.13961,0.38336,0.40799,0.01727,0.16554,1.61327,1,0,1,0
46,-0.17085,0.81114,0.82893,0.01594,0.87913,1.32666,1,0,0,0
46,0.02804,0.40066,0.40164,0.01660,0.16682,1.60803,1,0,1,0
46,-0.47374,-0.64107,0.79712,0.98492,0.99336,1.72267,1,0,1,0
46,0.47188,-0.23748,0.52827,0.98436,0.03021,1.45506,1,0,0,0
46,-0.71278,0.10539,0.72052,0.02347,0.17239,1.65446,1,0,1,0
46,-0.35591,-0.84282,0.91489,0.98581,0.97726,1.72488,1,0,1,0
46,0.55392,-0.59515,0.81303,0.98574,0.13489,1.57756,1,0,0,0
46,-0.71275,0.42905,0.83192,0.01704,0.17148,1.61011,1,0,1,0
46,-0.92663,-0.77686,1.20920,0.96108,0.99384,1.72315,1,0,1,0
46,-0.87803,-0.22379,0.90610,0.37273,0.85205,1.71572,1,0,0,0
46,-0.93041,0.08879,0.93463,0.10205,0.85087,1.45933,1,0,0,0
46,0.31760,-0.86328,0.91985,0.98674,0.14974,1.57602,1,0,0,0
46,-0.56178,-0.34414,0.65881,0.95833,0.84769,1.74803,1,0,1,0
46,0.07810,-0.92592,0.92921,0.98662,0.56974,1.78796,1,0,1,0
46,-0.49707,-0.52773,0.72497,0.98442,0.99329,1.72270,1,0,1,0
46,-0.31066,-0.45703,0.55262,0.98449,0.15502,1.57879,1,0,0,0
46,-0.98407,0.30278,1.02959,0.02259,0.17463,1.64802,1,0,1,0
46,0.29339,0.50394,0.58312,0.01614,0.20763,1.60642,1,0,1,0
46,0.92812,0.16064,0.94192,0.84658,0.99679,1.72130,1,0,1,0
46,0.02687,0.57212,0.57275,0.01667,0.16919,1.60793,1,0,1,0
46,-0.25650,-0.99845,1.03087,0.98639,0.97743,1.72484,1,0,1,0
46,0.34232,0.67212,0.75428,0.01571,0.21030,1.60399,1,0,1,0
46,-0.01485,0.79025,0.79039,0.01603,0.87949,1.32667,1,0,0,0
46,-0.73579,-0.73229,1.03809,0.96121,0.99366,1.72318,1,0,1,0
46,0.70812,0.22450,0.74285,0.45731,0.18451,1.95173,1,0,1,0
46,0.60028,-0.28246,0.66342,0.98474,0.50711,1.79207,1,0,1,0
46,0.91049,-0.83284,1.23394,0.98667,0.99709,1.72209,1,0,1,0
46,0.93073,0.49426,1.05383,0.08373,0.98555,1.37207,1,0,0,0
46,0.39536,0.99160,1.06751,0.01503,0.96752,1.29468,1,0,0,0
46,-0.60561,0.76950,0.97923,0.01597,0.94802,1.30265,1,0,0,0
46,0.59641,-0.44618,0.74484,0.98532,0.51000,1.79163,1,0,1,0
46,-0.04650,-0.99279,0.99388,0.98663,0.57550,1.78746,1,0,1,0
46,0.48452,0.44326,0.65669,0.02013,0.20768,1.63381,1,0,1,0
46,-0.95758,0.64604,1.15513,0.01631,0.84295,1.33998,1,0,0,0
46,0.66627,-0.68805,0.95777,0.98670,0.51631,1.79057,1,0,1,0
46,-0.44522,-0.01501,0.44547,0.54180,0.16979,1.85389,1,0,0,0
46,0.96330,-0.04981,0.96459,0.86293,0.99703,1.72098,1,0,1,0
46,-0.68457,-0.71792,0.99199,0.96123,0.99361,1.72319,1,0,1,0
46,0.50707,-0.02450,0.50766,0.85744,0.03012,1.54354,1,0,0,0
46,-0.98579,0.60350,1.15585,0.01644,0.84348,1.33999,1,0,0,0
46,0.74937,0.78953,1.08853,0.01636,0.96315,1.29791,1,0,0,0
46,0.52237,0.82459,0.97612,0.01529,0.77223,1.36355,1,0,0,0
46,0.72392,-0.41437,0.83412,0.98538,0.51310,1.79155,1,0,1,0
46,0.44625,0.59317,0.74229,0.01583,0.20968,1.60472,1,0,1,0
46,0.67219,-0.40278,0.78363,0.98528,0.51142,1.79164,1,0,1,0
46,0.99503,0.22252,1.01961,0.46404,0.99682,1.66140,1,0,0,0
46,-0.11539,-0.52125,0.53387,0.98511,0.15486,1.57759,1,0,0,0
46,-0.60016,-0.65996,0.89205,0.94658,0.99349,1.72338,1,0,1,0
46,-0.44635,0.35616,0.57103,0.01732,0.16872,1.61278,1,0,1,0
46,-0.70194,0.91815,1.15574,0.01557,0.87856,1.32631,1,0,0,0
46,0.50947,-0.12580,0.52477,0.98394,0.03016,1.45535,1,0,0,0
46,-0.17080,0.96327,0.97829,0.01556,0.88214,1.32505,1,0,0,0
46,-0.44207,0.94722,1.04530,0.01553,0.88051,1.32559,1,0,0,0
46,0.60018,-0.21877,0.63881,0.98449,0.50593,1.79225,1,0,1,0
46,0.53753,0.77832,0.94590,0.01538,0.21261,1.60225,1,0,1,0
46,-0.65662,0.54148,0.85109,0.01666,0.17055,1.60755,1,0,1,0
46,-0.54054,0.89497,1.04554,0.01565,0.87894,1.32630,1,0,0,0
46,-0.51618,-0.56848,0.76786,0.98455,0.99334,1.72269,1,0,1,0
46,-0.96284,-0.26742,0.99929,0.40457,0.99353,1.63677,1,0,0,0
46,0.60649,-0.21436,0.64325,0.98448,0.50604,1.79226,1,0,1,0
46,-0.89087,0.03884,0.89171,0.35743,0.85057,1.70774,1,0,0,0
46,-0.27876,-0.35646,0.45251,0.98412,0.15340,1.58030,1,0,0,0
46,-0.37982,-0.67751,0.77671,0.98522,0.97668,1.72498,1,0,1,0
46,-0.96196,0.02547,0.96229,0.10254,0.85176,1.45951,1,0,0,0
46,-0.27673,-0.58744,0.64936,0.98507,0.56247,1.78950,1,0,1,0
46,-0.37254,-0.48179,0.60902,0.98447,0.15570,1.57850,1,0,0,0
46,-0.65514,-0.75566,1.00012,0.94720,0.99361,1.72335,1,0,1,0
46,0.51791,0.98998,1.11727,0.01499,0.96759,1.29459,1,0,0,0
46,0.45853,0.17445,0.49059,0.83962,0.14249,1.83935,1,0,0,0
46,0.84569,0.13031,0.85567,0.84812,0.99676,1.72126,1,0,1,0
46,-0.43392,0.29706,0.52587,0.01755,0.16875,1.61438,1,0,1,0
46,-0.54848,0.15544,0.57008,0.01810,0.17046,1.61795,1,0,1,0
46,0.08856,0.68455,0.69026,0.01635,0.87781,1.32773,1,0,0,0
46,0.56638,-0.31084,0.64607,0.98480,0.50662,1.79203,1,0,1,0
46,0.70334,-0.94608,1.17888,0.98728,0.96306,1.72671,1,0,1,0
46,0.34184,-0.27139,0.43647,0.98428,0.03023,1.45516,1,0,0,0
46,-0.83624,-0.20179,0.86024,0.37195,0.85127,1.71582,1,0,0,0
46,0.45787,0.16464,0.48657,0.84051,0.14244,1.83914,1,0,0,0
46,0.35489,0.72874,0.81057,0.01557,0.21114,1.60326,1,0,1,0
46,-0.80354,-0.53491,0.96530,0.95940,0.99358,1.72322,1,0,1,0
46,0.43232,0.45495,0.62760,0.01618,0.20759,1.60668,1,0,1,0
46,0.06906,0.62636,0.63016,0.01652,0.17017,1.60660,1,0,1,0
46,-0.93984,-0.01603,0.93998,0.36007,0.85169,1.70855,1,0,0,0
46,-0.60861,0.01270,0.60874,0.53917,0.17153,1.85878,1,0,0,0
46,-0.18739,0.51907,0.55186,0.01680,0.16716,1.60934,1,0,1,0
46,-0.65771,-0.82546,1.05545,0.94770,0.99366,1.72334,1,0,1,0
46,-0.84074,0.93263,1.25564,0.01551,0.94962,1.30149,1,0,0,0
46,-0.49614,-0.95690,1.07787,0.98594,0.99361,1.72261,1,0,1,0
46,0.78199,0.58686,0.97771,0.01956,0.21115,1.63076,1,0,1,0
46,0.70301,0.09234,0.70905,0.84971,0.18383,1.92024,1,0,0,0
46,-0.64390,-0.38605,0.75076,0.95849,0.99332,1.72327,1,0,1,0
46,0.14736,-0.63659,0.65343,0.98592,0.14604,1.57836,1,0,0,0
46,0.05497,-0.44772,0.45109,0.98514,0.14304,1.58019,1,0,0,0
46,-0.96259,0.87473,1.30067,0.01565,0.99754,1.28512,1,0,0,0
46,-0.05747,-0.54170,0.54474,0.98529,0.15483,1.57726,1,0,0,0
46,0.48080,0.95649,1.07053,0.01506,0.96744,1.29474,1,0,0,0
46,-0.90703,-0.26290,0.94436,0.40497,0.99348,1.63701,1,0,0,0
46,0.30299,0.50775,0.59128,0.01612,0.20774,1.60633,1,0,1,0
46,-0.59756,0.95651,1.12783,0.01549,0.87990,1.32573,1,0,0,0
46,0.48325,-0.85972,0.98623,0.98690,0.71731,1.76440,1,0,1,0
46,-0.45768,-0.96161,1.06497,0.98601,0.99358,1.72261,1,0,1,0
46,-0.32357,-0.23943,0.40252,0.98347,0.16905,1.57163,1,0,0,0
46,0.48910,-0.73727,0.88475,0.98663,0.71296,1.76550,1,0,1,0
46,-0.67915,-0.73601,1.00147,0.94700,0.99362,1.72335,1,0,1,0
46,-0.18589,0.62544,0.65248,0.01646,0.87499,1.32888,1,0,0,0
46,-0.83678,0.48807,0.96871,0.01683,0.17263,1.60838,1,0,1,0
46,-0.25572,-0.33777,0.42365,0.98409,0.15300,1.58054,1,0,0,0
46,-0.03999,-0.46009,0.46182,0.98502,0.15355,1.57835,1,0,0,0
46,-0.86549,0.45708,0.97877,0.01693,0.17302,1.60908,1,0,1,0
46,-0.61352,-0.49823,0.79034,0.95961,0.99338,1.72325,1,0,1,0
46,0.66645,-0.66129,0.93886,0.98605,0.51585,1.79104,1,0,1,0
46,0.69358,0.61248,0.92530,0.01946,0.21110,1.63004,1,0,1,0
46,0.09755,-0.49512,0.50464,0.98538,0.14386,1.57966,1,0,0,0
46,0.02381,-0.98833,0.98862,0.98671,0.57375,1.78757,1,0,1,0
46,-0.43207,-0.26464,0.50667,0.97730,0.17036,1.57990,1,0,0,0
46,-0.17728,-0.89713,0.91448,0.98622,0.57420,1.78782,1,0,1,0
46,0.97975,-0.16462,0.99348,0.87104,0.99705,1.72137,1,0,1,0
46,-0.62856,0.17533,0.65256,0.01802,0.17128,1.61714,1,0,1,0
46,-0.99360,0.76532,1.25418,0.01595,0.99754,1.28550,1,0,0,0
46,-0.62754,-0.57762,0.85290,0.96025,0.99346,1.72322,1,0,1,0
46,-0.46797,-0.84625,0.96703,0.98565,0.99351,1.72263,1,0,1,0
46,0.22880,0.53871,0.58529,0.01609,0.20783,1.60613,1,0,1,0
46,0.14573,-0.59369,0.61131,0.98578,0.14542,1.57870,1,0,0,0
46,0.35232,-0.73163,0.81204,0.98645,0.14801,1.57696,1,0,0,0
46,-0.49261,-0.00886,0.49269,0.54111,0.17031,1.85527,1,0,0,0
46,-0.59118,0.64920,0.87804,0.01632,0.94704,1.30346,1,0,0,0
46,-0.40659,-0.38618,0.56076,0.98398,0.15454,1.58009,1,0,0,0
47,0.06689,-0.21324,0.22349,0.97227,0.00410,1.20482,1,1,1,1
47,0.06693,-0.32565,0.33246,0.97259,0.00409,1.20473,1,1,1,1
47,0.00289,-0.30791,0.30792,0.97234,0.00411,1.20480,1,1,1,1
47,-0.04452,0.16694,0.17278,0.15297,0.00601,1.25708,1,1,1,1
47,0.09790,-0.07481,0.12321,0.96063,0.00411,1.20809,1,1,1,1
47,0.15242,-0.13456,0.20332,0.96144,0.00409,1.20787,1,1,1,1
47,-0.29110,0.14963,0.32730,0.06301,0.11815,0.41834,1,1,1,1
47,0.07454,0.09443,0.12031,0.14399,0.00591,1.25275,1,1,1,1
47,-0.35883,-0.15671,0.39156,0.42656,0.11818,1.28088,1,1,1,1
47,-0.32169,0.21090,0.38465,0.06226,0.11998,0.40407,1,1,1,1
47,-0.07334,0.09718,0.12175,0.15460,0.00599,1.25789,1,1,1,1
47,-0.01209,-0.15544,0.15591,0.97183,0.00413,1.20494,1,1,1,1
47,-0.20561,0.01400,0.20608,0.06181,0.11354,0.43042,1,1,1,1
47,0.06699,-0.38082,0.38667,0.97275,0.00409,1.20469,1,1,1,1
47,0.05121,-0.21523,0.22124,0.97223,0.00411,1.20484,1,1,1,1
47,-0.06734,0.34389,0.35043,0.06090,0.00611,1.20313,1,1,1,1
47,-0.16409,0.10804,0.19646,0.15400,0.00604,1.25755,1,1,1,1
47,0.11444,-0.13770,0.17904,0.96117,0.00410,1.20794,1,1,1,1
47,-0.28497,-0.10304,0.30303,0.42593,0.11571,1.28516,1,1,1,1
47,-0.09583,-0.08120,0.12561,0.95571,0.00591,1.20914,1,1,1,1
47,0.03315,0.06425,0.07230,0.15581,0.00591,1.25855,1,1,1,1
47,-0.19438,-0.04202,0.19887,0.95526,0.00598,1.20926,1,1,1,1
47,-0.06776,0.13255,0.14886,0.15373,0.00600,1.25746,1,1,1,1
47,0.26691,-0.28368,0.38951,0.96316,0.00703,1.20685,1,1,1,1
47,-0.33136,0.10542,0.34772,0.06058,0.11939,0.39324,1,1,1,1
47,0.30779,-0.09740,0.32284,0.96233,0.00638,1.20720,1,1,1,1
47,0.07637,0.38567,0.39316,0.10892,0.00605,1.23436,1,1,1,1
47,-0.08862,-0.12260,0.15127,0.95596,0.00589,1.20908,1,1,1,1
47,0.17997,-0.12034,0.21650,0.96156,0.00409,1.20784,1,1,1,1
47,0.05366,-0.22935,0.23554,0.97228,0.00411,1.20482,1,1,1,1
47,-0.11076,0.02476,0.11350,0.15632,0.00597,1.25874,1,1,1,1
47,-0.12532,-0.00177,0.12533,0.15697,0.00597,1.25906,1,1,1,1
47,0.26526,-0.20573,0.33569,0.96269,0.00632,1.20711,1,1,1,1
47,-0.35673,0.13744,0.38229,0.05841,0.12074,0.36980,1,1,1,1
47,0.28359,0.27526,0.39521,0.14122,0.00680,1.25041,1,1,1,1
47,-0.21150,-0.05790,0.21928,0.95531,0.11319,1.17377,1,1,1,1
47,-0.29806,-0.22364,0.37263,0.42749,0.00839,1.30735,1,1,1,1
47,0.12289,0.36074,0.38109,0.10954,0.00601,1.23477,1,1,1,1
47,0.20077,0.07446,0.21413,0.14577,0.00411,1.25530,1,1,1,1
47,-0.10362,-0.36862,0.38291,0.97217,0.00413,1.20485,1,1,1,1
47,-0.07492,0.10515,0.12911,0.15439,0.00599,1.25779,1,1,1,1
47,0.11840,0.14314,0.18576,0.14309,0.00591,1.25230,1,1,1,1
47,-0.05392,0.02147,0.05804,0.15661,0.00594,1.25891,1,1,1,1
47,-0.36182,-0.14206,0.38871,0.42637,0.11843,1.28044,1,1,1,1
47,-0.23555,-0.01599,0.23609,0.06216,0.11448,0.42873,1,1,1,1
47,-0.04368,-0.35589,0.35856,0.97233,0.00411,1.20481,1,1,1,1
47,-0.22407,-0.30266,0.37658,0.98234,0.00814,1.20127,1,1,1,1
47,-0.27063,-0.11017,0.29220,0.42604,0.11509,1.28617,1,1,1,1
47,-0.10960,0.10629,0.15267,0.15424,0.00601,1.25770,1,1,1,1
47,-0.23336,0.23132,0.32858,0.06207,0.11653,0.41835,1,1,1,1
47,0.27844,0.05101,0.28307,0.37561,0.00645,1.30691,1,1,1,1
47,-0.21662,-0.01204,0.21695,0.06213,0.11376,0.43191,1,1,1,1
47,0.07290,0.12029,0.14066,0.14327,0.00592,1.25237,1,1,1,1
47,0.17573,0.26764,0.32017,0.11146,0.00594,1.23593,1,1,1,1
47,0.08016,-0.23849,0.25160,0.97239,0.00410,1.20479,1,1,1,1
47,-0.16023,-0.01048,0.16057,0.15707,0.00598,1.25910,1,1,1,1
47,0.26609,0.13701,0.29929,0.14467,0.00649,1.25249,1,1,1,1
47,0.14482,0.36965,0.39701,0.10946,0.00601,1.23474,1,1,1,1
47,0.10717,-0.07149,0.12882,0.96068,0.00411,1.20808,1,1,1,1
47,-0.10199,-0.19279,0.21811,0.95632,0.00415,1.20930,1,1,1,1
47,0.08128,0.18626,0.20322,0.11267,0.00595,1.23657,1,1,1,1
47,0.00714,-0.22571,0.22582,0.97211,0.00412,1.20487,1,1,1,1
47,-0.09713,-0.33832,0.35199,0.97210,0.00413,1.20487,1,1,1,1
47,0.36049,0.02258,0.36120,0.38271,0.00644,1.30672,1,1,1,1
47,0.17471,0.10852,0.20568,0.14457,0.00586,1.25308,1,1,1,1
47,-0.37117,-0.10784,0.38652,0.42591,0.11909,1.27923,1,1,1,1
47,-0.22739,0.09893,0.24798,0.06076,0.11512,0.41437,1,1,1,1
47,-0.37482,-0.08221,0.38373,0.42557,0.11946,1.27855,1,1,1,1
47,0.08301,-0.33054,0.34080,0.97266,0.00409,1.20472,1,1,1,1
47,-0.02714,-0.10201,0.10556,0.95598,0.00414,1.20939,1,1,1,1
47,0.18103,-0.35570,0.39912,0.97302,0.00711,1.20407,1,1,1,1
47,-0.14674,0.36167,0.39031,0.06068,0.00540,1.20593,1,1,1,1
47,-0.36863,-0.05337,0.37248,0.42520,0.11947,1.27856,1,1,1,1
47,0.30992,-0.12776,0.33522,0.96253,0.00636,1.20715,1,1,1,1
47,0.05423,-0.33959,0.34389,0.97259,0.00409,1.20473,1,1,1,1
47,-0.18762,-0.03682,0.19120,0.95525,0.00598,1.20926,1,1,1,1
47,-0.15329,0.01276,0.15382,0.15648,0.00599,1.25881,1,1,1,1
47,-0.23976,0.08140,0.25320,0.06096,0.11547,0.41433,1,1,1,1
47,0.10444,-0.29263,0.31071,0.97262,0.00409,1.20473,1,1,1,1
47,0.16025,0.14064,0.21321,0.14356,0.00589,1.25256,1,1,1,1
47,-0.26771,-0.20037,0.33439,0.42722,0.00831,1.30735,1,1,1,1
47,0.02840,0.20606,0.20801,0.15229,0.00599,1.25677,1,1,1,1
47,-0.05949,-0.04381,0.07388,0.95558,0.00591,1.20918,1,1,1,1
47,-0.32318,0.08467,0.33409,0.06083,0.11887,0.39764,1,1,1,1
47,-0.09214,-0.08919,0.12824,0.95576,0.00591,1.20913,1,1,1,1
47,-0.18979,0.08149,0.20655,0.15457,0.00604,1.25783,1,1,1,1
47,0.22975,-0.30138,0.37897,0.97302,0.00701,1.20409,1,1,1,1
47,0.30823,0.18042,0.35715,0.14390,0.00652,1.25207,1,1,1,1
47,0.03666,-0.34346,0.34541,0.97255,0.00410,1.20475,1,1,1,1
47,0.21212,0.09837,0.23382,0.14521,0.00411,1.25504,1,1,1,1
47,0.03912,-0.10249,0.10971,0.96035,0.00412,1.20817,1,1,1,1
47,0.13263,-0.37188,0.39482,0.97292,0.00710,1.20410,1,1,1,1
47,-0.30386,-0.01128,0.30407,0.06202,0.11724,0.41468,1,1,1,1
47,0.03475,-0.39287,0.39441,0.97268,0.00409,1.20471,1,1,1,1
47,0.36418,0.14905,0.39350,0.14526,0.00651,1.25278,1,1,1,1
47,0.08376,-0.00796,0.08414,0.14697,0.00413,1.25584,1,1,1,1
47,0.25094,-0.16093,0.29811,0.96232,0.00407,1.20763,1,1,1,1
47,0.02293,-0.38007,0.38076,0.97261,0.00410,1.20473,1,1,1,1
47,0.08189,0.30422,0.31504,0.11040,0.00601,1.23524,1,1,1,1
47,-0.20864,0.02691,0.21037,0.06165,0.11377,0.42801,1,1,1,1
47,0.17110,0.03345,0.17434,0.14664,0.00411,1.25570,1,1,1,1
47,-0.02842,-0.21978,0.22161,0.97197,0.00413,1.20490,1,1,1,1
47,0.22587,0.18877,0.29437,0.14290,0.00652,1.25157,1,1,1,1
47,-0.27274,-0.01781,0.27332,0.06214,0.11594,0.42168,1,1,1,1
47,0.12481,0.06900,0.14261,0.14518,0.00587,1.25338,1,1,1,1
47,0.03706,-0.02532,0.04489,0.95853,0.00587,1.20836,1,1,1,1
47,-0.13808,0.36586,0.39105,0.06064,0.00540,1.20591,1,1,1,1
47,-0.09419,-0.22788,0.24658,0.97177,0.00414,1.20496,1,1,1,1
47,0.21096,0.33502,0.39590,0.11034,0.00595,1.23530,1,1,1,1
47,0.25160,-0.19059,0.31564,0.96251,0.00407,1.20757,1,1,1,1
47,0.24222,0.05830,0.24914,0.14663,0.00645,1.25352,1,1,1,1
47,0.34819,0.18962,0.39647,0.14402,0.00653,1.25213,1,1,1,1
47,-0.15423,-0.19057,0.24516,0.95619,0.00799,1.20862,1,1,1,1
47,0.11656,-0.17073,0.20673,0.96141,0.00410,1.20788,1,1,1,1
47,0.10338,0.16705,0.19645,0.14231,0.00593,1.25189,1,1,1,1
47,0.04206,0.25387,0.25733,0.11119,0.00600,1.23568,1,1,1,1
47,-0.28226,-0.17532,0.33227,0.42688,0.00836,1.30731,1,1,1,1
47,0.10648,-0.21200,0.23724,0.97239,0.00410,1.20479,1,1,1,1
47,-0.29949,0.03486,0.30151,0.06145,0.11746,0.40908,1,1,1,1
47,-0.03266,0.23155,0.23384,0.15148,0.00603,1.25633,1,1,1,1
47,-0.24922,0.03680,0.25193,0.06148,0.11546,0.41863,1,1,1,1
47,0.22793,-0.26572,0.35009,0.97291,0.00699,1.20412,1,1,1,1
47,0.12739,-0.25331,0.28354,0.97258,0.00409,1.20474,1,1,1,1
47,0.34773,-0.05223,0.35163,0.96233,0.00641,1.20720,1,1,1,1
47,-0.20684,0.22547,0.30597,0.06215,0.00538,1.20717,1,1,1,1
47,0.09021,0.12406,0.15339,0.14333,0.00591,1.25241,1,1,1,1
47,0.25274,-0.14820,0.29299,0.96226,0.00635,1.20723,1,1,1,1
47,-0.00091,-0.05652,0.05653,0.95578,0.00588,1.20913,1,1,1,1
47,0.25938,0.28797,0.38756,0.14069,0.00681,1.25012,1,1,1,1
47,0.10060,0.14722,0.17831,0.14281,0.00592,1.25215,1,1,1,1
47,-0.05065,0.16053,0.16833,0.15311,0.00601,1.25715,1,1,1,1
47,0.34042,-0.06340,0.34627,0.96235,0.00640,1.20719,1,1,1,1
47,-0.16943,-0.20298,0.26440,0.95622,0.00802,1.20860,1,1,1,1
47,0.25083,0.02839,0.25243,0.37624,0.00643,1.30689,1,1,1,1
47,-0.27321,0.20532,0.34176,0.06235,0.11793,0.41414,1,1,1,1
47,-0.17038,0.09954,0.19733,0.15419,0.00604,1.25765,1,1,1,1
47,-0.30436,-0.04294,0.30737,0.06242,0.11699,0.41906,1,1,1,1
47,-0.38066,0.04076,0.38284,0.06129,0.12081,0.39263,1,1,1,1
47,0.06250,-0.30783,0.31411,0.97253,0.00410,1.20475,1,1,1,1
47,-0.11586,0.04133,0.12301,0.15587,0.00598,1.25852,1,1,1,1
47,0.30742,-0.08191,0.31815,0.96223,0.00639,1.20723,1,1,1,1
47,-0.05129,-0.08072,0.09564,0.95581,0.00589,1.20912,1,1,1,1
47,0.03259,-0.27315,0.27509,0.97234,0.00411,1.20481,1,1,1,1
47,0.31706,-0.06877,0.32443,0.96222,0.00639,1.20723,1,1,1,1
47,0.08858,0.20209,0.22065,0.11239,0.00595,1.23641,1,1,1,1
47,-0.13762,-0.08553,0.16204,0.95564,0.00593,1.20916,1,1,1,1
47,0.04071,-0.18309,0.18756,0.97210,0.00411,1.20487,1,1,1,1
47,-0.30668,0.08266,0.31763,0.06087,0.11818,0.40110,1,1,1,1
47,-0.16666,-0.19790,0.25872,0.95620,0.00802,1.20861,1,1,1,1
47,-0.12207,0.15498,0.19728,0.15299,0.00604,1.25706,1,1,1,1
47,0.09549,-0.09145,0.13222,0.96072,0.00411,1.20807,1,1,1,1
47,-0.00071,-0.13125,0.13125,0.97180,0.00413,1.20495,1,1,1,1
47,0.25465,-0.02026,0.25545,0.96147,0.00641,1.20744,1,1,1,1
47,-0.16876,-0.16062,0.23298,0.95599,0.00591,1.20907,1,1,1,1
47,-0.18562,0.03703,0.18928,0.15572,0.00602,1.25842,1,1,1,1
47,-0.26254,-0.02840,0.26407,0.06228,0.11544,0.42518,1,1,1,1
47,0.03017,0.16121,0.16401,0.15337,0.00596,1.25732,1,1,1,1
47,-0.06154,-0.29059,0.29703,0.97208,0.00413,1.20487,1,1,1,1
47,-0.04522,-0.01981,0.04936,0.95548,0.00592,1.20921,1,1,1,1
47,0.06819,0.08633,0.11001,0.14415,0.00591,1.25283,1,1,1,1
47,0.32270,0.01111,0.32289,0.38177,0.00643,1.30674,1,1,1,1
47,0.08023,-0.08278,0.11528,0.96054,0.00412,1.20812,1,1,1,1
47,0.23615,-0.10842,0.25985,0.96189,0.00408,1.20775,1,1,1,1
47,0.04723,0.28935,0.29318,0.11054,0.00602,1.23530,1,1,1,1
47,-0.28265,0.09362,0.29775,0.06077,0.11730,0.40427,1,1,1,1
47,-0.14655,-0.30581,0.33911,0.97183,0.00792,1.20425,1,1,1,1
47,-0.13548,-0.16986,0.21727,0.95612,0.00589,1.20903,1,1,1,1
47,0.01079,-0.36130,0.36146,0.97252,0.00410,1.20475,1,1,1,1
47,0.06147,0.11942,0.13431,0.15451,0.00593,1.25790,1,1,1,1
47,0.35062,-0.11578,0.36924,0.96273,0.00638,1.20709,1,1,1,1
47,-0.17401,0.18351,0.25289,0.15212,0.00609,1.25659,1,1,1,1
47,0.17149,0.17878,0.24773,0.14265,0.00590,1.25209,1,1,1,1
47,-0.26294,0.04223,0.26630,0.06140,0.11606,0.41519,1,1,1,1
47,-0.20924,0.01372,0.20969,0.06181,0.11368,0.42974,1,1,1,1
47,-0.19165,-0.30072,0.35660,0.98235,0.00805,1.20128,1,1,1,1
47,0.05797,-0.38210,0.38648,0.97273,0.00409,1.20470,1,1,1,1
47,0.00182,-0.04536,0.04540,0.95573,0.00588,1.20915,1,1,1,1
47,0.29843,0.01058,0.29862,0.38052,0.00643,1.30678,1,1,1,1
47,-0.03074,0.29006,0.29169,0.11021,0.00606,1.23505,1,1,1,1
47,0.06942,0.19838,0.21018,0.11238,0.00596,1.23639,1,1,1,1
47,0.15296,0.07907,0.17218,0.14518,0.00586,1.25338,1,1,1,1
47,-0.00159,-0.36632,0.36632,0.97249,0.00410,1.20476,1,1,1,1
47,0.01090,0.17594,0.17628,0.15295,0.00598,1.25709,1,1,1,1
47,0.04061,0.19806,0.20218,0.15252,0.00598,1.25689,1,1,1,1
47,-0.36892,-0.10652,0.38400,0.42590,0.11901,1.27937,1,1,1,1
47,-0.92885,-0.08681,0.93290,0.60607,0.90311,0.43251,1,0,1,0
47,0.81650,-0.27976,0.86309,0.90335,0.99800,0.53653,1,0,1,0
47,-0.58820,-0.75074,0.95373,0.92360,0.89914,0.60279,1,0,1,0
47,-0.54945,-0.13477,0.56574,0.46381,0.12599,1.17631,1,0,1,0
47,0.23571,0.45508,0.51250,0.10834,0.09936,0.81268,1,0,1,0
47,0.69048,0.42186,0.80916,0.14128,0.69589,0.16183,1,0,0,0
47,-0.94816,0.04116,0.94905,0.11783,0.59291,0.11037,1,0,0,0
47,0.15485,0.85221,0.86616,0.09465,0.77772,0.03060,1,0,0,0
47,-0.67057,-0.30688,0.73745,0.92230,0.58099,0.83240,1,0,1,0
47,0.21029,0.76854,0.79679,0.10372,0.77167,0.05299,1,0,0,0
47,0.07870,-0.97939,0.98255,0.97428,0.72040,0.74452,1,0,1,0
47,-0.28225,-0.72273,0.77589,0.92271,0.54730,0.85882,1,0,1,0
47,-0.07849,0.71973,0.72400,0.09577,0.13132,0.58166,1,0,1,0
47,-0.96338,-0.69197,1.18613,0.90153,0.98551,0.54202,1,0,1,0
47,0.09807,-0.70071,0.70753,0.97367,0.68714,0.76816,1,0,1,0
47,0.56863,0.07476,0.57352,0.77380,0.70130,0.67915,1,0,1,0
47,0.55657,-0.51810,0.76039,0.98545,0.71800,0.74960,1,0,1,0
47,0.91259,-0.65943,1.12591,0.98616,0.99822,0.58092,1,0,1,0
47,0.46939,0.24022,0.52729,0.14381,0.14488,0.76544,1,0,1,0
47,-0.08204,0.89432,0.89807,0.09416,0.98286,-0.23230,0,0,1,1
47,0.54837,-0.07565,0.55357,0.89992,0.11446,1.18430,1,0,0,0
47,-0.68531,0.26156,0.73353,0.05685,0.13591,0.29613,1,0,1,0
47,0.44252,0.70900,0.83577,0.10527,0.77108,0.05665,1,0,0,0
47,0.61988,-0.13912,0.63530,0.90097,0.11594,1.18330,1,0,0,0
47,0.63622,-0.82526,1.04203,0.97018,0.94372,0.60111,1,0,1,0
47,-0.87850,-0.83911,1.21485,0.90202,0.98544,0.54234,1,0,1,0
47,0.11919,0.79583,0.80471,0.09514,0.77211,0.03308,1,0,0,0
47,0.53264,-0.61828,0.81607,0.98555,0.72348,0.74576,1,0,1,0
47,0.10987,0.91496,0.92154,0.09408,0.98336,-0.23242,0,0,1,1
47,-0.70946,0.61216,0.93706,0.05818,0.98496,-0.25823,0,0,1,1
47,0.46639,-0.65553,0.80451,0.96919,0.72201,0.74180,1,0,1,0
47,-0.26221,0.75805,0.80212,0.09530,0.13709,0.55205,1,0,1,0
47,-0.38104,0.48824,0.61933,0.05936,0.12532,0.35772,1,0,1,0
47,-0.38332,0.67035,0.77221,0.05782,0.13285,0.31531,1,0,1,0
47,0.53425,-0.14015,0.55233,0.98482,0.11428,1.16702,1,0,0,0
47,-0.97283,-0.36173,1.03790,0.72251,0.98527,0.44625,1,0,1,0
47,0.54395,0.82283,0.98637,0.10414,0.97956,-0.22074,0,0,1,1
47,0.25139,0.97879,1.01056,0.05289,0.98383,-0.26095,0,0,1,1
47,-0.96089,-0.64456,1.15705,0.90132,0.98548,0.54192,1,0,1,0
47,-0.66792,-0.52761,0.85117,0.92306,0.89976,0.60216,1,0,1,0
47,-0.20885,0.45731,0.50274,0.05971,0.07618,0.63010,1,0,1,0
47,-0.96690,-0.49962,1.08836,0.90068,0.98538,0.54161,1,0,1,0
47,-0.55291,0.17172,0.57896,0.05786,0.12928,0.32969,1,0,1,0
47,0.37599,0.75193,0.84070,0.10448,0.77355,0.05425,1,0,0,0
47,0.17874,-0.85624,0.87470,0.97425,0.71809,0.74616,1,0,1,0
47,0.81732,-0.81441,1.15381,0.97063,0.94506,0.60063,1,0,1,0
47,0.88548,0.77880,1.17924,0.46803,0.98010,0.27375,1,0,0,0
47,-0.48927,-0.58417,0.76200,0.92279,0.56823,0.84247,1,0,1,0
47,0.96114,0.08384,0.96480,0.90271,0.99643,0.53698,1,0,1,0
47,-0.70598,-0.36516,0.79483,0.92260,0.58714,0.82772,1,0,1,0
47,0.91936,0.61346,1.10524,0.47940,0.97947,0.28351,1,0,0,0
47,0.75744,-0.41554,0.86393,0.98564,0.99801,0.58076,1,0,1,0
47,0.06257,0.72778,0.73046,0.09577,0.22283,0.23316,1,0,1,0
47,0.95478,-0.42047,1.04327,0.90496,0.99817,0.53735,1,0,1,0
47,0.63509,0.41725,0.75989,0.14091,0.16223,0.67269,1,0,1,0
47,0.55194,-0.97872,1.12362,0.97033,0.94441,0.60082,1,0,1,0
47,0.48091,0.79873,0.93233,0.10423,0.97929,-0.22057,0,0,1,1
47,-0.14695,-0.38774,0.41465,0.97208,0.00789,1.20419,1,0,0,0
47,0.63128,0.31044,0.70348,0.37078,0.15657,1.20356,1,0,1,0
47,-0.51786,-0.82209,0.97160,0.92366,0.57944,0.83400,1,0,1,0
47,0.55807,-0.67867,0.87866,0.96955,0.94141,0.60202,1,0,1,0
47,-0.49222,0.66142,0.82447,0.05786,0.98467,-0.25830,0,0,1,1
47,0.73630,0.95001,1.20194,0.10982,0.98044,-0.21155,0,0,1,1
47,0.46385,0.45267,0.64813,0.13864,0.15629,0.68959,1,0,1,0
47,-0.61703,-0.04036,0.61835,0.60326,0.12967,1.20407,1,0,0,0
47,-0.86814,-0.60874,1.06029,0.90101,0.98526,0.54186,1,0,1,0
47,0.87862,-0.72707,1.14044,0.98619,0.99821,0.58094,1,0,1,0
47,-0.33129,-0.83218,0.89570,0.92321,0.98746,0.55313,1,0,1,0
47,0.38431,-0.97263,1.04580,0.98628,0.94291,0.60965,1,0,1,0
47,0.79417,-0.69052,1.05239,0.98604,0.94380,0.60906,1,0,1,0
47,0.06641,-0.67058,0.67386,0.97351,0.68130,0.77233,1,0,1,0
47,-0.33854,-0.44839,0.56184,0.92191,0.54404,0.86117,1,0,1,0
47,-0.70467,-0.20865,0.73491,0.91598,0.58186,0.82984,1,0,1,0
47,-0.03654,0.68038,0.68136,0.09620,0.12790,0.60043,1,0,1,0
47,0.39338,-0.67590,0.78204,0.96899,0.71891,0.74395,1,0,1,0
47,-0.97828,0.59387,1.14443,0.05825,0.98531,-0.25834,0,0,1,1
47,0.76121,0.31993,0.82571,0.77148,0.74035,0.64806,1,0,1,0
47,-0.79283,0.23423,0.82671,0.07186,0.14011,0.38851,1,0,1,0
47,-0.99523,-0.75534,1.24941,0.90185,0.98561,0.54215,1,0,1,0
47,-0.09419,-0.88884,0.89382,0.97360,0.94367,0.60288,1,0,1,0
47,-0.88674,-0.84778,1.22680,0.90207,0.98546,0.54235,1,0,1,0
47,0.98324,0.11009,0.98938,0.90275,0.99647,0.53699,1,0,1,0
47,0.77834,-0.86842,1.16618,0.97066,0.94521,0.60056,1,0,1,0
47,-0.50082,0.19451,0.53727,0.05768,0.12733,0.33611,1,0,1,0
47,0.01787,0.90784,0.90801,0.09410,0.98314,-0.23239,0,0,1,1
47,-0.35234,-0.78657,0.86188,0.92311,0.55844,0.85020,1,0,1,0
47,0.29255,-0.35534,0.46027,0.97333,0.00708,1.20399,1,0,0,0
47,-0.92860,-0.59487,1.10280,0.90105,0.98537,0.54182,1,0,1,0
47,-0.93213,0.23672,0.96172,0.07179,0.59645,-0.01145,0,0,1,1
47,0.31059,-0.34798,0.46643,0.98469,0.00708,1.20080,1,0,0,0
47,-0.04149,-0.41990,0.42194,0.97252,0.00411,1.20475,1,0,0,0
47,0.55428,-0.07131,0.55884,0.89995,0.11457,1.18423,1,0,0,0
47,0.82468,0.84116,1.17798,0.46189,0.98022,0.26858,1,0,0,0
47,0.42548,-0.53373,0.68257,0.98523,0.69869,0.76326,1,0,1,0
47,0.71001,-0.60738,0.93435,0.98582,0.94217,0.60981,1,0,1,0
47,-0.53172,0.09250,0.53971,0.05873,0.12755,0.34351,1,0,1,0
47,0.77915,0.04886,0.78068,0.90137,0.97612,0.54689,1,0,1,0
47,0.73065,0.84537,1.11737,0.07205,0.98006,-0.24798,0,0,1,1
47,0.55849,0.37168,0.67086,0.14133,0.15638,0.70159,1,0,1,0
47,0.64452,0.76952,1.00378,0.10512,0.97957,-0.21922,0,0,1,1
47,0.96131,0.21242,0.98450,0.77788,0.99649,0.46953,1,0,1,0
47,-0.00691,-0.61718,0.61722,0.97317,0.00730,1.20399,1,0,0,0
47,0.57172,0.08551,0.57808,0.77358,0.70277,0.67790,1,0,1,0
47,0.75775,0.07313,0.76127,0.90105,0.71867,0.72092,1,0,1,0
47,-0.33861,0.83729,0.90316,0.09453,0.14399,0.51645,1,0,1,0
47,-0.89085,0.23917,0.92240,0.07177,0.59423,-0.01226,0,0,1,1
47,0.86987,-0.24684,0.90422,0.90360,0.99803,0.53665,1,0,1,0
47,-0.82789,-0.55467,0.99652,0.90071,0.90314,0.59072,1,0,1,0
47,0.57998,-0.29573,0.65102,0.98516,0.68901,0.77015,1,0,1,0
47,-0.00838,-0.89962,0.89966,0.97387,0.94460,0.60252,1,0,1,0
47,0.65160,-0.22837,0.69046,0.98519,0.11666,1.16589,1,0,0,0
47,-0.40963,-0.78183,0.88264,0.92325,0.56530,0.84488,1,0,1,0
47,-0.74073,0.45404,0.86881,0.05955,0.14073,0.29848,1,0,1,0
47,-0.82896,-0.22969,0.86019,0.91630,0.90172,0.59812,1,0,1,0
47,-0.98398,0.71865,1.21847,0.05730,0.98550,-0.25901,0,0,1,1
47,0.46342,-0.74172,0.87459,0.96943,0.94115,0.60210,1,0,1,0
47,0.88851,-0.48265,1.01114,0.98592,0.99814,0.58084,1,0,1,0
47,-0.99537,0.78723,1.26906,0.05682,0.98561,-0.25935,0,0,1,1
47,0.78824,0.17339,0.80708,0.77566,0.73013,0.65790,1,0,1,0
47,-0.65092,0.46953,0.80259,0.05943,0.13699,0.31166,1,0,1,0
47,0.07683,-0.54980,0.55515,0.97323,0.00727,1.20398,1,0,0,0
47,-0.55980,-0.49074,0.74445,0.92266,0.57367,0.83819,1,0,1,0
47,-0.35859,0.65020,0.74253,0.05799,0.13095,0.32402,1,0,1,0
47,-0.21752,-0.44540,0.49568,0.97994,0.00807,1.20195,1,0,0,0
47,0.74739,-0.69806,1.02268,0.98598,0.94347,0.60921,1,0,1,0
47,0.73182,0.74126,1.04165,0.13508,0.97964,-0.15710,0,0,1,1
47,-0.81131,0.64543,1.03673,0.05789,0.98517,-0.25850,0,0,1,1
47,0.27743,-0.93968,0.97978,0.98605,0.94149,0.61029,1,0,1,0
47,-0.64553,-0.05619,0.64797,0.60348,0.13066,1.20257,1,0,0,0
47,-0.61759,-0.13431,0.63203,0.46370,0.12873,1.17746,1,0,1,0
47,0.76384,-0.54403,0.93778,0.98582,0.99807,0.58082,1,0,1,0
47,0.24576,0.67221,0.71573,0.10510,0.22088,0.27789,1,0,1,0
47,-0.82469,-0.94192,1.25193,0.92477,0.98540,0.55507,1,0,1,0
47,-0.23588,-0.71407,0.75202,0.92255,0.98707,0.55297,1,0,1,0
47,0.90207,0.03682,0.90282,0.90247,0.99635,0.53688,1,0,1,0
47,0.61204,-0.91300,1.09917,0.97033,0.94432,0.60087,1,0,1,0
47,0.79823,0.26988,0.84262,0.77346,0.73885,0.65018,1,0,1,0
47,0.28741,0.92958,0.97300,0.05316,0.78581,-0.06921,0,0,1,1
47,-0.30667,0.97192,1.01916,0.09344,0.97040,-0.23156,0,0,1,1
47,-0.12234,0.62275,0.63465,0.09677,0.12515,0.61708,1,0,1,0
47,0.87104,-0.85152,1.21811,0.97084,0.77264,0.70664,1,0,1,0
47,0.41778,0.88560,0.97920,0.05343,0.78452,-0.06827,0,0,1,1
47,0.66698,0.88445,1.10776,0.10379,0.98008,-0.22131,0,0,1,1
47,-0.34287,0.43111,0.55084,0.05991,0.12306,0.37173,1,0,1,0
47,-0.25882,0.57458,0.63018,0.05864,0.12377,0.35856,1,0,1,0
47,0.34860,-0.48889,0.60045,0.98501,0.68804,0.77080,1,0,1,0
47,0.11717,-0.89968,0.90728,0.97419,0.71725,0.74674,1,0,1,0
47,-0.50368,0.48866,0.70177,0.05931,0.13072,0.33519,1,0,1,0
47,0.62611,0.43040,0.75978,0.14054,0.16251,0.66967,1,0,1,0
47,0.81749,0.42952,0.92346,0.76997,0.75111,0.63917,1,0,1,0
47,0.62195,-0.63360,0.88785,0.98572,0.94156,0.61008,1,0,1,0
47,-0.22790,-0.57230,0.61601,0.98008,0.53444,0.88253,1,0,1,0
47,0.45037,0.15583,0.47657,0.37510,0.13924,1.24051,1,0,1,0
47,0.89546,0.15114,0.90813,0.90184,0.99640,0.53650,1,0,1,0
47,-0.06975,-0.56201,0.56632,0.97283,0.00721,1.20410,1,0,0,0
47,0.51539,-0.37862,0.63951,0.98516,0.69156,0.76833,1,0,1,0
47,0.17721,0.47105,0.50328,0.10787,0.09929,0.81061,1,0,1,0
47,-0.60694,-0.34997,0.70061,0.92229,0.57464,0.83733,1,0,1,0
47,0.26563,0.88623,0.92519,0.05339,0.78236,-0.06783,0,0,1,1
47,-0.39719,-0.41019,0.57098,0.92194,0.55020,0.85633,1,0,1,0
47,0.15207,-0.93787,0.95011,0.98580,0.72207,0.74683,1,0,1,0
47,-0.86530,0.71357,1.12157,0.05737,0.98535,-0.25890,0,0,1,1
47,0.11474,0.88048,0.88792,0.09438,0.98324,-0.23212,0,0,1,1
47,-0.50116,0.21543,0.54550,0.06213,0.12756,0.36990,1,0,1,0
47,-0.15355,0.93321,0.94576,0.09381,0.98285,-0.23265,0,0,1,1
47,-0.33145,0.42417,0.53831,0.05998,0.12250,0.37474,1,0,1,0
47,-0.37639,0.35214,0.51544,0.06069,0.12369,0.37521,1,0,1,0
47,0.59555,-0.05476,0.59806,0.90026,0.11535,1.18376,1,0,0,0
47,0.39798,-0.23166,0.46049,0.98468,0.00708,1.20080,1,0,0,0
47,-0.90163,-0.07211,0.90451,0.55599,0.90247,0.39946,1,0,1,0
47,0.52117,0.38759,0.64949,0.14063,0.15547,0.70253,1,0,1,0
47,0.64727,-0.52472,0.83324,0.98561,0.72402,0.74539,1,0,1,0
47,0.14504,-0.99556,1.00607,0.98587,0.94070,0.61061,1,0,1,0
47,-0.91424,-0.03763,0.91501,0.55576,0.90256,0.39923,1,0,1,0
47,-0.96068,-0.11605,0.96766,0.60624,0.90390,0.43205,1,0,1,0
47,-0.76913,-0.57911,0.96277,0.92348,0.90209,0.60077,1,0,1,0
47,-0.62695,0.09597,0.63425,0.07372,0.13155,0.43775,1,0,1,0
47,0.10199,0.44629,0.45780,0.10799,0.07458,0.94361,1,0,1,0
47,-0.69019,0.30446,0.75436,0.05478,0.13665,0.27763,1,0,1,0
47,-0.32394,0.85570,0.91497,0.09438,0.14499,0.51115,1,0,1,0
47,0.06105,-0.56845,0.57172,0.97324,0.00728,1.20398,1,0,0,0
47,0.44729,0.22970,0.50282,0.14388,0.14317,0.77351,1,0,1,0
47,0.23381,0.36676,0.43495,0.10985,0.00690,1.23339,1,0,1,0
47,-0.95178,0.95090,1.34540,0.05583,0.98575,-0.26003,0,0,1,1
47,-0.30549,-0.87943,0.93098,0.92329,0.98755,0.55313,1,0,1,0
48,0.29368,-0.14040,0.32551,0.96425,0.12191,1.22662,1,1,1,1
48,-0.12710,-0.30874,0.33388,0.98235,0.05029,1.24335,1,1,1,1
48,-0.04032,-0.13855,0.14430,0.98007,0.02916,1.24732,1,1,1,1
48,-0.00759,-0.15276,0.15295,0.98023,0.02922,1.24726,1,1,1,1
48,-0.11504,0.18883,0.22111,0.05621,0.02987,1.10918,1,1,1,1
48,0.11380,0.25747,0.28150,0.02246,0.03000,0.69245,1,1,1,1
48,-0.31973,0.13488,0.34701,0.05621,0.03468,1.06271,1,1,1,1
48,0.32461,-0.16634,0.36475,0.96463,0.12319,1.22602,1,1,1,1
48,0.19008,-0.25769,0.32022,0.96477,0.12350,1.22586,1,1,1,1
48,-0.16503,0.05686,0.17455,0.05884,0.02739,1.14621,1,1,1,1
48,-0.32223,-0.11685,0.34276,0.82099,0.04916,1.32965,1,1,1,1
48,-0.26153,-0.28990,0.39044,0.97107,0.05011,1.24672,1,1,1,1
48,0.19172,-0.24972,0.31483,0.96471,0.12330,1.22596,1,1,1,1
48,-0.00275,0.26550,0.26552,0.02219,0.02996,0.68685,1,1,1,1
48,-0.33092,0.16870,0.37144,0.05549,0.03477,1.05653,1,1,1,1
48,0.12455,-0.17954,0.21851,0.98066,0.12015,1.22341,1,1,1,1
48,0.22004,0.01317,0.22044,0.70666,0.03144,1.41953,1,1,1,1
48,-0.36062,-0.12482,0.38161,0.88586,0.09496,1.25672,1,1,1,1
48,-0.08844,0.15836,0.18138,0.05700,0.02987,1.11393,1,1,1,1
48,0.01993,0.39155,0.39206,0.02141,0.03004,0.66692,1,1,1,1
48,-0.15808,0.32588,0.36220,0.02316,0.03473,0.63137,1,1,1,1
48,-0.24329,0.06931,0.25297,0.05807,0.03435,1.07846,1,1,1,1
48,0.22219,-0.11540,0.25037,0.96748,0.11997,1.22663,1,1,1,1
48,0.24329,0.27865,0.36992,0.02775,0.03392,0.73878,1,1,1,1
48,-0.26233,-0.23832,0.35442,0.97051,0.04984,1.24693,1,1,1,1
48,-0.20960,-0.32727,0.38864,0.98159,0.05034,1.24357,1,1,1,1
48,0.05100,0.10515,0.11687,0.05905,0.02750,1.14633,1,1,1,1
48,0.20158,0.32835,0.38529,0.02211,0.03008,0.68290,1,1,1,1
48,0.01797,-0.03420,0.03863,0.81810,0.02905,1.35236,1,1,1,1
48,-0.05760,0.39468,0.39886,0.02128,0.03002,0.66423,1,1,1,1
48,-0.01715,-0.38239,0.38277,0.98372,0.12354,1.22137,1,1,1,1
48,-0.30871,-0.20321,0.36959,0.97002,0.04962,1.24711,1,1,1,1
48,-0.07394,0.13652,0.15526,0.05755,0.02986,1.11727,1,1,1,1
48,0.09107,0.29496,0.30870,0.02215,0.03002,0.68494,1,1,1,1
48,0.28957,0.01112,0.28978,0.71583,0.03152,1.42155,1,1,1,1
48,-0.31871,0.21769,0.38596,0.05463,0.03485,1.04949,1,1,1,1
48,0.04702,-0.33119,0.33451,0.98362,0.12317,1.22154,1,1,1,1
48,-0.25276,-0.22377,0.33758,0.97036,0.04977,1.24698,1,1,1,1
48,-0.24887,-0.11482,0.27408,0.82432,0.04919,1.31887,1,1,1,1
48,0.26926,0.02764,0.27068,0.70724,0.03147,1.41967,1,1,1,1
48,-0.01509,-0.30928,0.30964,0.98250,0.12149,1.22245,1,1,1,1
48,0.28218,0.26472,0.38692,0.02812,0.03404,0.74382,1,1,1,1
48,-0.25547,0.10212,0.27512,0.05726,0.03446,1.07208,1,1,1,1
48,-0.37305,-0.02845,0.37413,0.05960,0.09498,0.54429,1,1,1,1
48,-0.23235,0.28769,0.36980,0.05381,0.03482,1.04377,1,1,1,1
48,0.34123,-0.09702,0.35475,0.96784,0.12148,1.22594,1,1,1,1
48,0.20886,-0.29496,0.36141,0.96515,0.12489,1.22521,1,1,1,1
48,0.15117,0.07615,0.16927,0.03025,0.03129,0.82500,1,1,1,1
48,0.32895,0.02806,0.33015,0.71429,0.19955,1.22939,1,1,1,1
48,-0.14587,0.00526,0.14596,0.06026,0.02741,1.15311,1,1,1,1
48,0.03205,0.26762,0.26953,0.02223,0.02998,0.68769,1,1,1,1
48,0.29091,0.06124,0.29729,0.69716,0.03146,1.41726,1,1,1,1
48,-0.05309,-0.28629,0.29117,0.98235,0.05022,1.24336,1,1,1,1
48,-0.29449,-0.07874,0.30484,0.62206,0.04286,1.39306,1,1,1,1
48,0.17003,0.13809,0.21904,0.02936,0.02756,0.87204,1,1,1,1
48,-0.07694,0.02005,0.07951,0.06034,0.02744,1.15324,1,1,1,1
48,0.23381,0.28592,0.36935,0.02761,0.03389,0.73650,1,1,1,1
48,0.19848,0.33695,0.39107,0.02204,0.03009,0.68132,1,1,1,1
48,-0.23506,0.24709,0.34104,0.05450,0.03473,1.04977,1,1,1,1
48,0.21108,-0.13461,0.25035,0.96764,0.12033,1.22644,1,1,1,1
48,-0.14674,0.18594,0.23687,0.05610,0.03440,1.06469,1,1,1,1
48,-0.29730,0.10079,0.31392,0.05705,0.03455,1.06976,1,1,1,1
48,0.27246,0.08743,0.28614,0.68469,0.03141,1.41408,1,1,1,1
48,0.35234,0.17697,0.39428,0.02977,0.03413,0.77244,1,1,1,1
48,0.01591,0.28261,0.28306,0.02210,0.02998,0.68451,1,1,1,1
48,-0.26902,0.15693,0.31144,0.05604,0.03461,1.06211,1,1,1,1
48,-0.33351,-0.21260,0.39551,0.97009,0.04966,1.24708,1,1,1,1
48,-0.24607,-0.07786,0.25809,0.81515,0.04285,1.35855,1,1,1,1
48,-0.20566,-0.14282,0.25038,0.83332,0.04937,1.30080,1,1,1,1
48,0.36393,0.14933,0.39338,0.04094,0.03412,0.93195,1,1,1,1
48,-0.15060,0.19574,0.24697,0.05589,0.03443,1.06286,1,1,1,1
48,-0.28078,0.01079,0.28099,0.05922,0.03431,1.08642,1,1,1,1
48,0.02324,0.36358,0.36432,0.02159,0.03003,0.67135,1,1,1,1
48,-0.13165,0.24599,0.27901,0.05502,0.03450,1.05596,1,1,1,1
48,-0.00115,-0.17355,0.17355,0.98038,0.02926,1.24721,1,1,1,1
48,-0.16526,0.10497,0.19578,0.05772,0.03426,1.07712,1,1,1,1
48,-0.19959,-0.09254,0.22000,0.82135,0.04911,1.32848,1,1,1,1
48,0.33241,0.18907,0.38242,0.02947,0.03408,0.76794,1,1,1,1
48,0.13879,-0.21487,0.25580,0.98331,0.12140,1.22230,1,1,1,1
48,-0.04339,0.20533,0.20986,0.05626,0.02991,1.10912,1,1,1,1
48,-0.00094,0.12584,0.12585,0.05823,0.02747,1.14242,1,1,1,1
48,-0.18212,0.14727,0.23422,0.05671,0.03439,1.06894,1,1,1,1
48,0.34255,-0.20284,0.39811,0.96501,0.12454,1.22538,1,1,1,1
48,-0.35404,-0.09001,0.36530,0.62076,0.09492,1.35650,1,1,1,1
48,-0.34025,0.06738,0.34686,0.05754,0.03457,1.07283,1,1,1,1
48,-0.17565,0.33092,0.37465,0.02310,0.03478,0.62912,1,1,1,1
48,-0.01196,0.13877,0.13928,0.05787,0.02988,1.11887,1,1,1,1
48,-0.13868,-0.33821,0.36554,0.98246,0.05044,1.24329,1,1,1,1
48,0.09388,0.16587,0.19059,0.02592,0.02994,0.76816,1,1,1,1
48,-0.00969,0.22951,0.22971,0.02243,0.02994,0.69306,1,1,1,1
48,-0.36779,-0.01761,0.36821,0.05936,0.03444,1.08606,1,1,1,1
48,0.06325,-0.05782,0.08569,0.71410,0.02913,1.42097,1,1,1,1
48,0.07473,-0.27588,0.28582,0.98345,0.12206,1.22201,1,1,1,1
48,-0.13560,0.21271,0.25225,0.05563,0.03443,1.06101,1,1,1,1
48,0.14064,0.09497,0.16970,0.02988,0.02755,0.88063,1,1,1,1
48,-0.16953,0.02825,0.17186,0.05951,0.02739,1.14957,1,1,1,1
48,-0.15589,0.22945,0.27740,0.05521,0.03451,1.05715,1,1,1,1
48,-0.29822,-0.19602,0.35687,0.96995,0.04959,1.24713,1,1,1,1
48,-0.15550,-0.05243,0.16410,0.81348,0.02892,1.36327,1,1,1,1
48,-0.04968,-0.38759,0.39076,0.98278,0.12314,1.22175,1,1,1,1
48,0.18195,-0.04292,0.18694,0.72282,0.02922,1.42259,1,1,1,1
48,0.15217,0.23226,0.27767,0.02547,0.03000,0.75802,1,1,1,1
48,0.15789,-0.20350,0.25757,0.98329,0.12140,1.22230,1,1,1,1
48,0.20149,-0.09225,0.22161,0.96711,0.11896,1.22711,1,1,1,1
48,0.05646,0.30028,0.30554,0.02205,0.03001,0.68284,1,1,1,1
48,-0.10224,-0.29576,0.31293,0.98233,0.05024,1.24336,1,1,1,1
48,0.13558,-0.02891,0.13863,0.71212,0.02915,1.42058,1,1,1,1
48,0.08286,0.00594,0.08308,0.69227,0.03131,1.41604,1,1,1,1
48,0.27688,0.25991,0.37976,0.02816,0.03401,0.74504,1,1,1,1
48,-0.29409,0.03962,0.29675,0.05845,0.03440,1.08050,1,1,1,1
48,0.12781,-0.00029,0.12781,0.70035,0.03136,1.41804,1,1,1,1
48,-0.13055,-0.06781,0.14711,0.81876,0.02896,1.35087,1,1,1,1
48,0.21868,-0.22668,0.31497,0.96465,0.12310,1.22605,1,1,1,1
48,-0.06038,-0.01546,0.06233,0.80902,0.03119,1.37415,1,1,1,1
48,-0.23724,0.02986,0.23911,0.05904,0.03425,1.08576,1,1,1,1
48,0.06254,-0.30757,0.31387,0.98355,0.12276,1.22171,1,1,1,1
48,0.18329,-0.11311,0.21538,0.96726,0.11924,1.22696,1,1,1,1
48,-0.30929,-0.06402,0.31585,0.06096,0.09471,0.55918,1,1,1,1
48,-0.13562,-0.17401,0.22062,0.96998,0.04957,1.24713,1,1,1,1
48,0.37924,-0.09655,0.39134,0.96427,0.12212,1.22653,1,1,1,1
48,0.16763,0.03637,0.17153,0.69123,0.03136,1.41578,1,1,1,1
48,0.13479,-0.17991,0.22481,0.98068,0.12033,1.22334,1,1,1,1
48,-0.03130,0.31833,0.31986,0.02178,0.02998,0.67692,1,1,1,1
48,-0.11798,0.01008,0.11841,0.06032,0.02742,1.15331,1,1,1,1
48,0.06642,-0.11979,0.13697,0.98017,0.02923,1.24728,1,1,1,1
48,0.20603,0.24730,0.32187,0.02798,0.03004,0.80586,1,1,1,1
48,0.01104,0.15705,0.15744,0.05760,0.02990,1.11710,1,1,1,1
48,-0.19488,-0.06174,0.20443,0.81376,0.02889,1.36260,1,1,1,1
48,-0.25906,-0.25099,0.36070,0.97066,0.04990,1.24687,1,1,1,1
48,0.18732,-0.16442,0.24924,0.96785,0.12078,1.22622,1,1,1,1
48,-0.05860,-0.08231,0.10104,0.82614,0.02905,1.33500,1,1,1,1
48,-0.35212,-0.01783,0.35257,0.05947,0.03441,1.08708,1,1,1,1
48,-0.26442,-0.15662,0.30732,0.96953,0.04941,1.24729,1,1,1,1
48,0.22525,-0.32011,0.39142,0.96540,0.12588,1.22474,1,1,1,1
48,0.20027,-0.00898,0.20047,0.71254,0.03145,1.42085,1,1,1,1
48,-0.07109,-0.23373,0.24430,0.98208,0.04993,1.24349,1,1,1,1
48,-0.12262,-0.05676,0.13512,0.81636,0.02895,1.35643,1,1,1,1
48,-0.00113,-0.15436,0.15437,0.98026,0.02923,1.24725,1,1,1,1
48,-0.01049,0.23414,0.23437,0.02240,0.02994,0.69218,1,1,1,1
48,-0.36414,0.01744,0.36455,0.05854,0.03451,1.08005,1,1,1,1
48,0.37272,-0.03073,0.37399,0.96398,0.12012,1.22740,1,1,1,1
48,-0.20794,-0.25019,0.32532,0.97073,0.04993,1.24685,1,1,1,1
48,-0.02506,0.25267,0.25391,0.02224,0.02995,0.68833,1,1,1,1
48,0.37878,0.08082,0.38731,0.70057,0.07027,1.40493,1,1,1,1
48,0.03604,0.07870,0.08656,0.05960,0.02749,1.14916,1,1,1,1
48,-0.01322,-0.02152,0.02526,0.81317,0.03124,1.36450,1,1,1,1
48,0.06704,-0.13822,0.15362,0.98029,0.02926,1.24724,1,1,1,1
48,-0.30906,-0.21969,0.37919,0.97022,0.04971,1.24704,1,1,1,1
48,-0.18272,-0.34777,0.39285,0.98172,0.05046,1.24351,1,1,1,1
48,-0.05895,-0.33293,0.33810,0.98255,0.12143,1.22247,1,1,1,1
48,0.01218,-0.36566,0.36586,0.98369,0.12356,1.22137,1,1,1,1
48,-0.13764,0.06384,0.15172,0.05885,0.02740,1.14612,1,1,1,1
48,0.18795,0.02386,0.18946,0.69862,0.03139,1.41762,1,1,1,1
48,-0.18211,-0.22059,0.28605,0.97044,0.04979,1.24695,1,1,1,1
48,0.39354,-0.05234,0.39700,0.96437,0.12110,1.22692,1,1,1,1
48,0.23251,0.06311,0.24092,0.68908,0.03139,1.41523,1,1,1,1
48,-0.30412,0.04860,0.30797,0.05818,0.03445,1.07830,1,1,1,1
48,0.15179,0.06402,0.16474,0.67834,0.03131,1.41240,1,1,1,1
48,0.21652,0.24504,0.32699,0.02806,0.03004,0.80729,1,1,1,1
48,0.13612,0.13769,0.19362,0.02918,0.02754,0.86938,1,1,1,1
48,-0.12671,-0.32276,0.34674,0.98241,0.05037,1.24332,1,1,1,1
48,-0.22240,-0.04895,0.22773,0.06116,0.02738,1.15774,1,1,1,1
48,-0.14574,0.03450,0.14977,0.05951,0.02740,1.14948,1,1,1,1
48,-0.12867,0.28602,0.31363,0.05431,0.03458,1.04994,1,1,1,1
48,-0.30930,-0.06131,0.31532,0.06088,0.09470,0.55851,1,1,1,1
48,-0.36156,-0.06564,0.36747,0.06063,0.09494,0.55426,1,1,1,1
48,0.38541,0.06435,0.39074,0.70758,0.20017,1.22768,1,1,1,1
48,-0.20456,-0.08085,0.21996,0.81813,0.02892,1.35230,1,1,1,1
48,-0.18685,0.00993,0.18711,0.05986,0.02739,1.15135,1,1,1,1
48,-0.07128,-0.21269,0.22432,0.97053,0.04982,1.24692,1,1,1,1
48,-0.17120,-0.03280,0.17431,0.06109,0.02740,1.15719,1,1,1,1
48,0.07192,0.36934,0.37627,0.02163,0.03005,0.67192,1,1,1,1
48,0.11411,0.13030,0.17321,0.02917,0.02753,0.86944,1,1,1,1
48,0.13439,-0.27213,0.30350,0.98352,0.12296,1.22164,1,1,1,1
48,-0.25392,-0.15702,0.29855,0.96956,0.04941,1.24728,1,1,1,1
48,-0.22876,-0.02313,0.22992,0.06043,0.02737,1.15427,1,1,1,1
48,0.15186,-0.34897,0.38058,0.98380,0.12546,1.22060,1,1,1,1
48,-0.20300,-0.32403,0.38237,0.98158,0.05032,1.24357,1,1,1,1
48,-0.15239,0.14016,0.20705,0.05702,0.03431,1.07193,1,1,1,1
48,0.28280,-0.03692,0.28520,0.96358,0.11876,1.22804,1,1,1,1
48,-0.04931,-0.11163,0.12203,0.83370,0.02911,1.32149,1,1,1,1
48,0.01919,0.04634,0.05016,0.06032,0.02749,1.15272,1,1,1,1
48,-0.13861,-0.08336,0.16175,0.82225,0.02898,1.34309,1,1,1,1
48,-0.14576,0.08443,0.16845,0.05831,0.02740,1.14343,1,1,1,1
48,0.11584,0.20530,0.23573,0.02562,0.02997,0.76163,1,1,1,1
48,-0.25356,-0.88203,0.91775,0.98359,0.98994,0.66632,1,0,1,0
48,-0.39518,-0.06530,0.40054,0.06039,0.09509,0.55080,1,0,1,0
48,0.77156,0.23964,0.80792,0.04190,0.50725,-0.04336,0,0,1,1
48,-0.69855,-0.22340,0.73340,0.97820,0.44208,1.00921,1,0,0,0
48,-0.69217,-0.12881,0.70405,0.06857,0.50408,-0.06547,0,0,1,1
48,-0.63568,0.99283,1.17890,0.02252,0.98710,-0.26240,0,0,1,1
48,-0.77570,0.94829,1.22514,0.02253,0.98714,-0.26259,0,0,1,1
48,-0.74086,-0.46869,0.87666,0.97218,0.45881,0.99494,1,0,0,0
48,-0.96510,-0.08399,0.96875,0.06490,0.81897,0.08321,1,0,0,0
48,-0.07069,0.98989,0.99241,0.02292,0.98648,-0.26239,0,0,1,1
48,-0.20606,-0.50142,0.54211,0.98241,0.05126,1.24317,1,0,0,0
48,-0.80022,-0.60944,1.00587,0.98116,0.47148,0.98656,1,0,0,0
48,-0.84101,-0.12723,0.85058,0.06722,0.52537,0.06238,1,0,0,0
48,0.80252,-0.23514,0.83626,0.96698,0.98127,0.66235,1,0,1,0
48,-0.51866,-0.22734,0.56629,0.97850,0.42025,1.02648,1,0,0,0
48,0.74238,0.14527,0.75645,0.97850,0.49958,0.96401,1,0,0,0
48,-0.46123,0.51992,0.69502,0.02162,0.03577,0.58043,1,0,1,0
48,0.93930,0.41997,1.02891,0.03538,0.53145,-0.00096,0,0,1,1
48,0.42717,-0.88625,0.98383,0.96869,0.97400,0.66682,1,0,1,0
48,0.18737,-0.67534,0.70085,0.96732,0.13521,1.22038,1,0,0,0
48,0.49850,0.90742,1.03533,0.02212,0.94416,-0.01669,0,0,1,1
48,0.50844,0.59551,0.78304,0.02356,0.03562,0.62679,1,0,1,0
48,0.30550,-0.41189,0.51282,0.96633,0.12986,1.22288,1,0,0,0
48,-0.51280,0.78209,0.93521,0.02318,0.98653,-0.26402,0,0,1,1
48,0.94159,-0.85060,1.26890,0.96958,0.98257,0.66301,1,0,1,0
48,0.52376,0.38862,0.65219,0.02766,0.48706,-0.11054,0,0,1,1
48,-0.87771,-0.96425,1.30390,0.98244,0.98516,0.66810,1,0,1,0
48,-0.47045,-0.63542,0.79062,0.98274,0.98346,0.66909,1,0,1,0
48,0.85857,-0.32769,0.91898,0.96764,0.98159,0.66253,1,0,1,0
48,0.92124,-0.72506,1.17235,0.96924,0.98237,0.66294,1,0,1,0
48,-0.30837,-0.72622,0.78898,0.98315,0.98950,0.66631,1,0,1,0
48,0.48195,0.27123,0.55303,0.02904,0.21382,-0.11867,0,0,1,1
48,0.73443,0.74507,1.04619,0.02302,0.91463,-0.01137,0,0,1,1
48,0.25128,0.33994,0.42273,0.02703,0.03408,0.72234,1,0,1,0
48,-0.02070,0.68694,0.68725,0.02407,0.03018,0.72559,1,0,1,0
48,0.13994,0.55859,0.57585,0.02069,0.03018,0.64671,1,0,1,0
48,-0.40448,0.96477,1.04613,0.02274,0.98682,-0.26258,0,0,1,1
48,0.15965,0.54785,0.57064,0.02077,0.03019,0.64855,1,0,1,0
48,-0.55083,-0.18980,0.58262,0.94643,0.42238,1.01984,1,0,0,0
48,0.49610,-0.35234,0.60848,0.96664,0.13145,1.22213,1,0,0,0
48,-0.12052,0.83590,0.84454,0.02336,0.95185,-0.01434,0,0,1,1
48,-0.20484,0.71233,0.74120,0.02374,0.95105,-0.01314,0,0,1,1
48,-0.48793,-0.44423,0.65987,0.98190,0.42769,1.02109,1,0,0,0
48,0.65813,-0.49236,0.82192,0.96785,0.13814,1.21898,1,0,0,0
48,-0.60029,0.87050,1.05741,0.02284,0.98682,-0.26316,0,0,1,1
48,-0.49005,-0.28429,0.56654,0.97067,0.41957,1.02593,1,0,0,0
48,0.54577,0.31601,0.63066,0.02873,0.48587,-0.11243,0,0,1,1
48,-0.68092,-0.57093,0.88860,0.98106,0.45712,0.99782,1,0,0,0
48,0.33537,-0.73726,0.80996,0.96799,0.13934,1.21842,1,0,0,0
48,-0.96444,0.58833,1.12972,0.02086,0.99097,-0.26591,0,0,1,1
48,-0.31566,0.33367,0.45932,0.02284,0.03510,0.61857,1,0,1,0
48,0.13450,-0.79011,0.80148,0.98486,0.99005,0.66689,1,0,1,0
48,0.79505,0.03031,0.79563,0.96541,0.49983,0.96100,1,0,0,0
48,-0.28552,-0.76961,0.82086,0.98329,0.98964,0.66632,1,0,1,0
48,0.50636,0.76823,0.92010,0.02268,0.03593,0.60247,1,0,1,0
48,0.37817,-0.43555,0.57682,0.96672,0.13177,1.22198,1,0,0,0
48,-0.51830,-0.32311,0.61077,0.97105,0.42524,1.02147,1,0,0,0
48,-0.63327,-0.90294,1.10288,0.98349,0.98454,0.66893,1,0,1,0
48,-0.38942,-0.71880,0.81751,0.98308,0.98940,0.66633,1,0,1,0
48,-0.94565,0.55629,1.09714,0.02099,0.99091,-0.26610,0,0,1,1
48,-0.35968,-0.31565,0.47854,0.97120,0.05018,1.24667,1,0,0,0
48,-0.90883,0.15009,0.92114,0.05315,0.81584,0.06025,1,0,0,0
48,0.81692,-0.93733,1.24336,0.96956,0.97450,0.66700,1,0,1,0
48,-0.68430,-0.37834,0.78192,0.97941,0.44815,1.00461,1,0,0,0
48,-0.17761,0.41295,0.44952,0.02257,0.03497,0.61428,1,0,1,0
48,-0.19986,0.83512,0.85870,0.02329,0.95229,-0.01462,0,0,1,1
48,-0.00392,-0.97814,0.97815,0.98508,0.99034,0.66685,1,0,1,0
48,-0.81142,0.19071,0.83353,0.05292,0.52207,0.02073,1,0,0,0
48,-0.95948,0.20381,0.98088,0.05214,0.81899,0.05777,1,0,0,0
48,0.35387,0.18971,0.40152,0.02958,0.03417,0.76853,1,0,1,0
48,-0.81767,-0.94210,1.24745,0.98351,0.98501,0.66870,1,0,1,0
48,0.72928,0.60556,0.94792,0.02610,0.91292,-0.00435,0,0,1,1
48,-0.46647,0.54974,0.72098,0.02149,0.03584,0.57620,1,0,1,0
48,0.57927,-0.65655,0.87556,0.96830,0.14124,1.21750,1,0,0,0
48,0.53902,0.29206,0.61306,0.03932,0.48385,-0.11204,0,0,1,1
48,0.22120,0.70365,0.73760,0.02431,0.03474,0.65656,1,0,1,0
48,0.24478,0.38795,0.45872,0.02178,0.03416,0.60827,1,0,1,0
48,-0.96361,-0.97885,1.37357,0.98246,0.98532,0.66803,1,0,1,0
48,0.53475,0.61227,0.81292,0.02350,0.03575,0.62343,1,0,1,0
48,0.14475,0.41596,0.44043,0.02145,0.03011,0.66682,1,0,1,0
48,-0.51067,0.36193,0.62592,0.02237,0.03556,0.60083,1,0,1,0
48,-0.44146,0.85641,0.96349,0.02301,0.98662,-0.26339,0,0,1,1
48,0.55528,-0.32687,0.64434,0.96670,0.13176,1.22199,1,0,0,0
48,-0.94549,-0.98090,1.36239,0.98247,0.98530,0.66805,1,0,1,0
48,0.57033,-0.66791,0.87828,0.96832,0.14140,1.21743,1,0,0,0
48,0.40700,-0.91308,0.99968,0.96873,0.97410,0.66679,1,0,1,0
48,0.66760,0.01464,0.66776,0.98071,0.48424,0.97647,1,0,0,0
48,0.44605,0.21162,0.49370,0.04025,0.21014,-0.05546,0,0,1,1
48,0.65563,-0.84316,1.06807,0.96905,0.97401,0.66699,1,0,1,0
48,-0.26291,0.97282,1.00772,0.02282,0.98668,-0.26253,0,0,1,1
48,0.18944,-0.52169,0.55502,0.96656,0.13098,1.22235,1,0,0,0
48,-0.79201,-0.21907,0.82175,0.07084,0.95791,0.01692,1,0,0,0
48,0.76843,-0.86602,1.15779,0.96932,0.97419,0.66704,1,0,1,0
48,0.96250,-0.81953,1.26414,0.96954,0.98258,0.66299,1,0,1,0
48,-0.37550,0.85360,0.93254,0.02307,0.98654,-0.26346,0,0,1,1
48,0.64149,0.65435,0.91635,0.02339,0.91211,-0.01032,0,0,1,1
48,-0.76219,-0.25991,0.80528,0.97841,0.45107,1.00215,1,0,0,0
48,-0.08292,-0.93349,0.93717,0.98496,0.99019,0.66687,1,0,1,0
48,-0.48675,-0.11361,0.49983,0.06995,0.47104,-0.11793,0,0,1,1
48,-0.77599,0.27434,0.82306,0.05183,0.51706,0.00172,1,0,0,0
48,-0.71865,0.09747,0.72523,0.05491,0.50869,-0.02922,0,0,1,1
48,-0.12581,0.53538,0.54996,0.02470,0.03511,0.65909,1,0,1,0
48,0.31572,-0.74233,0.80668,0.96796,0.97324,0.66683,1,0,1,0
48,-0.85675,-0.12930,0.86646,0.06715,0.52747,0.07211,1,0,0,0
48,0.76377,-0.60903,0.97687,0.96857,0.14307,1.21662,1,0,0,0
48,-0.86252,0.27584,0.90556,0.05150,0.52895,0.03696,1,0,0,0
48,0.98336,0.50449,1.10522,0.03435,0.91548,0.01263,1,0,0,0
48,-0.23267,0.69097,0.72910,0.02380,0.95098,-0.01297,0,0,1,1
48,0.98299,0.78907,1.26051,0.02533,0.91824,-0.00644,0,0,1,1
48,-0.64184,0.76602,0.99937,0.02312,0.98663,-0.26402,0,0,1,1
48,-0.31185,0.96135,1.01066,0.02281,0.98671,-0.26261,0,0,1,1
48,-0.93107,-0.41986,1.02136,0.97940,0.95912,0.67955,1,0,1,0
48,-0.84482,0.81799,1.17593,0.02029,0.98694,-0.24875,0,0,1,1
48,0.99605,0.32177,1.04674,0.04170,0.53316,0.01891,1,0,0,0
48,-0.84637,-0.45065,0.95887,0.97972,0.46886,0.98836,1,0,0,0
48,-0.93887,0.85100,1.26716,0.02016,0.99108,-0.26443,0,0,1,1
48,0.09167,-0.91780,0.92237,0.98504,0.99029,0.66686,1,0,1,0
48,-0.32679,-0.59168,0.67593,0.98268,0.05164,1.24303,1,0,0,0
48,-0.76547,0.23118,0.79962,0.05249,0.51559,-0.00279,0,0,1,1
48,0.53842,-0.27776,0.60584,0.96633,0.13007,1.22279,1,0,0,0
48,0.32803,0.38614,0.50666,0.02682,0.03449,0.71206,1,0,1,0
48,-0.25863,0.57180,0.62757,0.02431,0.03547,0.64552,1,0,1,0
48,-0.07420,-0.65020,0.65442,0.98442,0.98954,0.66692,1,0,1,0
48,0.79129,0.91987,1.21339,0.02230,0.91718,-0.01324,0,0,1,1
48,-0.88529,-0.87821,1.24700,0.98218,0.98502,0.66804,1,0,1,0
48,0.25996,-0.47012,0.53720,0.96651,0.13073,1.22247,1,0,0,0
48,-0.39850,-0.18155,0.43790,0.94754,0.40195,1.03683,1,0,0,0
48,0.75145,-0.52677,0.91770,0.96824,0.14066,1.21777,1,0,0,0
48,0.59290,0.64922,0.87922,0.02336,0.91122,-0.01031,0,0,1,1
48,0.88420,0.91472,1.27222,0.02240,0.91823,-0.01311,0,0,1,1
48,0.33905,-0.93191,0.99167,0.96863,0.97412,0.66673,1,0,1,0
48,0.44708,0.29495,0.53561,0.02852,0.21246,-0.11979,0,0,1,1
48,0.24294,0.40296,0.47053,0.02169,0.03419,0.60556,1,0,1,0
48,-0.66322,0.68778,0.95546,0.02078,0.98648,-0.24837,0,0,1,1
48,0.39379,0.97702,1.05340,0.02181,0.94431,-0.01755,0,0,1,1
48,0.00572,-0.87768,0.87770,0.98493,0.99014,0.66688,1,0,1,0
48,-0.32641,-0.66956,0.74488,0.98296,0.91426,0.70405,1,0,1,0
48,-0.88170,-0.01906,0.88191,0.06370,0.53116,0.07660,1,0,0,0
48,-0.17710,0.91916,0.93606,0.02304,0.98645,-0.26297,0,0,1,1
48,-0.36524,0.26349,0.45036,0.05363,0.03506,1.03989,1,0,1,0
48,0.12343,0.82305,0.83226,0.02366,0.03031,0.71445,1,0,1,0
48,-0.49317,0.71819,0.87122,0.02341,0.98635,-0.26477,0,0,1,1
48,0.60243,0.92610,1.10480,0.02213,0.91472,-0.01342,0,0,1,1
48,-0.78661,-0.14263,0.79944,0.06820,0.51781,0.01844,1,0,0,0
48,0.86952,0.37903,0.94854,0.03978,0.52325,-0.00482,0,0,1,1
48,-0.55269,0.16855,0.57782,0.05441,0.48273,-0.11487,0,0,1,1
48,-0.68194,0.87156,1.10665,0.02278,0.98690,-0.26310,0,0,1,1
48,0.38861,-0.24297,0.45832,0.96551,0.12649,1.22447,1,0,0,0
48,-0.90948,0.91945,1.29327,0.02003,0.98719,-0.24897,0,0,1,1
48,0.51122,-0.05283,0.51394,0.96451,0.12315,1.22607,1,0,0,0
48,-0.80760,-0.90597,1.21367,0.98341,0.98493,0.66870,1,0,1,0
48,0.89053,0.66055,1.10877,0.03216,0.91588,0.00826,1,0,0,0
48,0.59112,0.39169,0.70911,0.02793,0.49477,-0.09222,0,0,1,1
48,0.15801,-0.96218,0.97507,0.96830,0.99043,0.65849,1,0,1,0
48,0.85985,-0.75541,1.14455,0.96921,0.98229,0.66296,1,0,1,0
48,0.80807,0.85735,1.17814,0.02257,0.91679,-0.01258,0,0,1,1
48,-0.66641,0.86182,1.08942,0.02282,0.98687,-0.26318,0,0,1,1
48,0.87865,-0.14881,0.89116,0.96670,0.97692,0.66438,1,0,1,0
48,-0.73367,0.55368,0.91915,0.02119,0.95216,-0.02098,0,0,1,1
48,-0.27292,0.88964,0.93056,0.02305,0.98650,-0.26319,0,0,1,1
48,-0.45102,-0.30821,0.54627,0.97100,0.41575,1.02902,1,0,0,0
48,-0.63073,0.41005,0.75231,0.02194,0.19467,-0.13359,0,0,1,1
48,-0.64320,-0.43104,0.77428,0.97196,0.44602,1.00507,1,0,0,0
48,-0.91982,0.22042,0.94587,0.05206,0.81656,0.05791,1,0,0,0
48,0.54301,-0.57113,0.78807,0.96788,0.13833,1.21889,1,0,0,0
48,-0.83935,-0.88677,1.22101,0.98222,0.98495,0.66810,1,0,1,0
48,-0.30044,-0.30308,0.42676,0.97115,0.05015,1.24668,1,0,0,0
48,0.99400,0.66919,1.19827,0.03241,0.91727,0.00865,1,0,0,0
48,0.12642,0.57324,0.58702,0.02061,0.03019,0.64456,1,0,1,0
48,0.58198,-0.75297,0.95167,0.96864,0.14383,1.21626,1,0,0,0
48,0.55515,-0.16596,0.57942,0.96562,0.12717,1.22416,1,0,0,0
48,0.20025,0.50998,0.54788,0.02101,0.03018,0.65463,1,0,1,0
48,-0.63097,-0.07620,0.63555,0.06736,0.49483,-0.09529,0,0,1,1
48,0.83541,0.34264,0.90294,0.04025,0.51840,-0.01498,0,0,1,1
48,-0.68191,0.10084,0.68932,0.05502,0.50316,-0.05262,0,0,1,1
48,0.86821,0.21792,0.89514,0.04307,0.51646,-0.01463,0,0,1,1
48,-0.61554,-0.05070,0.61762,0.06668,0.49248,-0.10014,0,0,1,1
48,-0.72126,-0.94809,1.19126,0.98357,0.98483,0.66882,1,0,1,0
48,-0.95107,0.06071,0.95300,0.06122,0.81837,0.07609,1,0,0,0
48,-0.49933,0.24432,0.55590,0.05337,0.03530,1.03530,1,0,1,0
48,0.15237,0.50531,0.52778,0.02097,0.03016,0.65406,1,0,1,0
48,0.99624,-0.28061,1.03500,0.96779,0.98162,0.66259,1,0,1,0
48,0.41646,0.83014,0.92875,0.02234,0.03571,0.59799,1,0,1,0
48,0.82820,-0.76753,1.12916,0.96918,0.98225,0.66297,1,0,1,0
48,-0.17242,-0.42457,0.45824,0.98210,0.05088,1.24333,1,0,0,0
49,-0.36242,-0.10727,0.37796,0.94909,0.03254,1.78275,1,1,1,1
49,0.30109,-0.20673,0.36523,0.97891,0.08545,1.71608,1,1,1,1
49,-0.15240,0.29379,0.33097,0.02356,0.16189,0.62936,1,1,1,1
49,-0.18931,-0.27116,0.33070,0.98798,0.03272,1.69787,1,1,1,1
49,0.00293,0.31705,0.31706,0.02374,0.16203,0.63059,1,1,1,1
49,0.00439,-0.03328,0.03357,0.71294,0.03183,1.91926,1,1,1,1
49,-0.06973,-0.25247,0.26192,0.98798,0.08480,1.70811,1,1,1,1
49,-0.10544,0.21962,0.24361,0.02423,0.04323,1.26616,1,1,1,1
49,0.20943,0.26496,0.33773,0.02720,0.04893,1.26360,1,1,1,1
49,0.32497,0.10500,0.34152,0.08601,0.04300,1.80543,1,1,1,1
49,-0.31515,-0.03061,0.31663,0.68717,0.03254,1.90316,1,1,1,1
49,0.13725,-0.10298,0.17159,0.97823,0.08453,1.71554,1,1,1,1
49,0.37625,0.03174,0.37759,0.96342,0.04347,1.72668,1,1,1,1
49,-0.32091,-0.08264,0.33138,0.70300,0.03256,1.91396,1,1,1,1
49,-0.17815,0.09110,0.20009,0.02516,0.04320,1.28731,1,1,1,1
49,-0.33213,-0.16825,0.37231,0.97451,0.03258,1.71521,1,1,1,1
49,0.16741,0.07238,0.18238,0.08471,0.08372,1.64038,1,1,1,1
49,0.08637,0.32884,0.33999,0.06719,0.13389,1.22641,1,1,1,1
49,-0.20038,-0.11454,0.23080,0.97384,0.03265,1.71627,1,1,1,1
49,0.23392,-0.12581,0.26561,0.97843,0.08488,1.71580,1,1,1,1
49,0.25340,0.16601,0.30293,0.07960,0.04232,1.79080,1,1,1,1
49,-0.02424,0.38997,0.39072,0.06543,0.16395,0.96256,1,1,1,1
49,0.27656,-0.08088,0.28814,0.97818,0.08475,1.71587,1,1,1,1
49,-0.05340,-0.37192,0.37573,0.99097,0.08545,1.70665,1,1,1,1
49,0.26129,-0.09300,0.27735,0.97825,0.08478,1.71584,1,1,1,1
49,0.21434,0.22476,0.31058,0.02764,0.04197,1.35484,1,1,1,1
49,-0.28885,-0.04886,0.29295,0.69503,0.03257,1.90867,1,1,1,1
49,-0.07491,-0.23255,0.24432,0.98791,0.08468,1.70804,1,1,1,1
49,-0.03565,0.24475,0.24733,0.02420,0.16030,0.64030,1,1,1,1
49,0.23755,0.07840,0.25015,0.08598,0.04207,1.80749,1,1,1,1
49,0.22868,-0.02597,0.23015,0.97779,0.08436,1.71572,1,1,1,1
49,-0.16142,0.08361,0.18179,0.02528,0.04321,1.28988,1,1,1,1
49,0.33988,0.10000,0.35428,0.08680,0.04315,1.80694,1,1,1,1
49,-0.04249,-0.01183,0.04410,0.70274,0.03179,1.91280,1,1,1,1
49,0.25450,0.13901,0.28999,0.08161,0.04230,1.79630,1,1,1,1
49,-0.29807,-0.06306,0.30467,0.69874,0.03256,1.91117,1,1,1,1
49,0.05545,0.20326,0.21069,0.02480,0.04589,1.24701,1,1,1,1
49,0.36095,-0.16575,0.39719,0.97873,0.08539,1.71617,1,1,1,1
49,-0.01151,-0.39970,0.39987,0.99103,0.08570,1.70682,1,1,1,1
49,-0.03089,0.00526,0.03134,0.69829,0.03180,1.90988,1,1,1,1
49,0.17558,0.14054,0.22490,0.07971,0.03190,1.81356,1,1,1,1
49,0.31183,0.04791,0.31549,0.96234,0.04281,1.72998,1,1,1,1
49,-0.04167,0.24904,0.25250,0.02415,0.16043,0.63943,1,1,1,1
49,0.24211,-0.05423,0.24811,0.97799,0.08454,1.71576,1,1,1,1
49,0.35214,0.00668,0.35220,0.96396,0.04319,1.72584,1,1,1,1
49,0.00882,0.11255,0.11289,0.07807,0.03179,1.81112,1,1,1,1
49,0.02816,0.36460,0.36569,0.06616,0.16317,0.97248,1,1,1,1
49,0.19130,0.24049,0.30730,0.02740,0.04887,1.26830,1,1,1,1
49,-0.28546,0.05621,0.29094,0.06269,0.03253,1.77447,1,1,1,1
49,-0.07385,0.34844,0.35618,0.02336,0.16305,0.62397,1,1,1,1
49,0.22130,-0.28621,0.36179,0.97925,0.08566,1.71604,1,1,1,1
49,-0.09490,-0.11840,0.15174,0.97237,0.03179,1.71927,1,1,1,1
49,0.20515,0.10302,0.22957,0.08321,0.08366,1.63052,1,1,1,1
49,0.13289,-0.35425,0.37836,0.99099,0.08580,1.70694,1,1,1,1
49,0.02835,0.39688,0.39789,0.06559,0.16399,0.96332,1,1,1,1
49,0.18313,-0.32080,0.36939,0.98475,0.08574,1.71145,1,1,1,1
49,0.14450,0.17153,0.22429,0.02801,0.03187,1.50133,1,1,1,1
49,-0.07698,0.11577,0.13903,0.02523,0.03173,1.45051,1,1,1,1
49,0.20625,-0.27487,0.34364,0.97919,0.08556,1.71597,1,1,1,1
49,0.11098,0.12690,0.16859,0.07927,0.03186,1.81293,1,1,1,1
49,0.30605,-0.04712,0.30966,0.97799,0.08466,1.71592,1,1,1,1
49,0.13574,-0.20178,0.24318,0.97879,0.08502,1.71566,1,1,1,1
49,0.06404,-0.26284,0.27053,0.98852,0.08517,1.70808,1,1,1,1
49,-0.05213,0.19000,0.19702,0.02462,0.04327,1.27449,1,1,1,1
49,0.08161,-0.13960,0.16171,0.97841,0.08458,1.71544,1,1,1,1
49,-0.34577,-0.11540,0.36452,0.94996,0.03255,1.77935,1,1,1,1
49,0.22530,-0.23323,0.32428,0.97900,0.08540,1.71594,1,1,1,1
49,-0.15902,-0.01460,0.15969,0.69445,0.03264,1.90837,1,1,1,1
49,-0.31989,0.23301,0.39576,0.05470,0.04310,1.67492,1,1,1,1
49,0.21270,-0.21045,0.29922,0.97888,0.08525,1.71586,1,1,1,1
49,0.35939,0.16384,0.39498,0.08218,0.04342,1.79469,1,1,1,1
49,-0.25103,0.27544,0.37267,0.05439,0.16171,0.89850,1,1,1,1
49,0.25209,0.12564,0.28166,0.08258,0.04226,1.79888,1,1,1,1
49,0.25862,0.14599,0.29699,0.08119,0.04235,1.79503,1,1,1,1
49,0.35986,0.09533,0.37227,0.08772,0.04336,1.80857,1,1,1,1
49,-0.01708,0.38760,0.38798,0.06551,0.16388,0.96357,1,1,1,1
49,0.11340,-0.30193,0.32252,0.98862,0.08548,1.70830,1,1,1,1
49,0.31678,-0.11247,0.33615,0.97840,0.08501,1.71600,1,1,1,1
49,-0.12751,0.04923,0.13668,0.05369,0.03172,1.74483,1,1,1,1
49,-0.17717,-0.19102,0.26053,0.98772,0.03270,1.69814,1,1,1,1
49,0.12840,0.21654,0.25175,0.02746,0.03957,1.38242,1,1,1,1
49,-0.36999,-0.12936,0.39196,0.95050,0.03254,1.77728,1,1,1,1
49,0.07470,0.37865,0.38595,0.06616,0.16340,0.97089,1,1,1,1
49,-0.08468,-0.04042,0.09384,0.70829,0.03178,1.91632,1,1,1,1
49,-0.01659,0.10910,0.11035,0.07778,0.03178,1.81066,1,1,1,1
49,-0.09068,0.17921,0.20084,0.02461,0.04324,1.27451,1,1,1,1
49,-0.09057,0.20312,0.22240,0.02440,0.04324,1.26995,1,1,1,1
49,0.31539,0.24404,0.39878,0.02776,0.04304,1.34384,1,1,1,1
49,-0.31110,0.24544,0.39626,0.05454,0.04311,1.67376,1,1,1,1
49,-0.23814,-0.22532,0.32784,0.98781,0.03267,1.69806,1,1,1,1
49,-0.05405,-0.24183,0.24780,0.98795,0.08478,1.70811,1,1,1,1
49,-0.24341,-0.05780,0.25017,0.70136,0.03260,1.91295,1,1,1,1
49,-0.23763,0.06206,0.24560,0.02526,0.03256,1.43829,1,1,1,1
49,-0.25337,0.19228,0.31807,0.02408,0.04315,1.26383,1,1,1,1
49,0.22698,-0.17347,0.28568,0.97869,0.08510,1.71584,1,1,1,1
49,0.27914,-0.06018,0.28555,0.97806,0.08466,1.71586,1,1,1,1
49,-0.01724,-0.23792,0.23854,0.98843,0.08485,1.70784,1,1,1,1
49,-0.21991,-0.29477,0.36777,0.98803,0.03271,1.69781,1,1,1,1
49,-0.27258,-0.11876,0.29733,0.95146,0.03260,1.77365,1,1,1,1
49,-0.28458,0.10141,0.30211,0.02476,0.04314,1.27916,1,1,1,1
49,-0.04635,-0.00314,0.04645,0.69972,0.03179,1.91081,1,1,1,1
49,-0.17137,0.31635,0.35979,0.05417,0.16251,0.89217,1,1,1,1
49,0.11599,0.18520,0.21853,0.02776,0.04588,1.30949,1,1,1,1
49,-0.30560,-0.23915,0.38805,0.98782,0.03263,1.69806,1,1,1,1
49,-0.05016,-0.10062,0.11243,0.97217,0.03182,1.71959,1,1,1,1
49,0.11516,-0.02639,0.11815,0.97113,0.08409,1.72220,1,1,1,1
49,0.23573,0.20228,0.31062,0.02797,0.04217,1.35874,1,1,1,1
49,0.24941,0.14046,0.28624,0.08139,0.04225,1.79585,1,1,1,1
49,0.07714,0.14459,0.16388,0.07731,0.03183,1.80981,1,1,1,1
49,-0.24137,0.23090,0.33403,0.02382,0.04315,1.25775,1,1,1,1
49,-0.15793,0.16222,0.22640,0.02457,0.04321,1.27419,1,1,1,1
49,0.24566,-0.06923,0.25523,0.97809,0.08462,1.71578,1,1,1,1
49,-0.18165,-0.11932,0.21734,0.97418,0.03267,1.71571,1,1,1,1
49,-0.10096,0.21118,0.23407,0.02431,0.04323,1.26793,1,1,1,1
49,0.16849,0.21127,0.27024,0.02764,0.03955,1.38629,1,1,1,1
49,-0.26066,-0.04950,0.26532,0.69744,0.03258,1.91032,1,1,1,1
49,0.16829,0.33353,0.37358,0.06761,0.13373,1.23244,1,1,1,1
49,-0.14817,-0.35296,0.38280,0.99090,0.03486,1.69441,1,1,1,1
49,0.16442,0.20104,0.25971,0.02774,0.03952,1.38860,1,1,1,1
49,-0.31085,0.24442,0.39543,0.05456,0.04311,1.67389,1,1,1,1
49,0.06895,-0.06048,0.09172,0.97188,0.08415,1.72143,1,1,1,1
49,0.08038,-0.16676,0.18512,0.97857,0.08471,1.71547,1,1,1,1
49,0.27211,0.13856,0.30535,0.08206,0.04248,1.79697,1,1,1,1
49,0.22609,0.23685,0.32743,0.02755,0.04211,1.35129,1,1,1,1
49,-0.32851,0.12853,0.35276,0.02441,0.04311,1.27164,1,1,1,1
49,-0.06839,-0.24504,0.25440,0.98796,0.08476,1.70809,1,1,1,1
49,-0.29890,0.00370,0.29892,0.06504,0.03254,1.78140,1,1,1,1
49,-0.21032,0.33389,0.39461,0.05366,0.16307,0.88516,1,1,1,1
49,0.17029,-0.20288,0.26488,0.97882,0.08511,1.71574,1,1,1,1
49,0.26795,-0.15737,0.31075,0.97863,0.08512,1.71592,1,1,1,1
49,0.20368,-0.10455,0.22895,0.97828,0.08470,1.71570,1,1,1,1
49,-0.17482,0.19669,0.26315,0.02424,0.04319,1.26688,1,1,1,1
49,0.37977,-0.04865,0.38288,0.97805,0.04343,1.70381,1,1,1,1
49,-0.08493,0.18244,0.20124,0.02459,0.04325,1.27419,1,1,1,1
49,-0.28986,0.12271,0.31477,0.02456,0.04313,1.27475,1,1,1,1
49,0.26850,-0.02560,0.26972,0.97782,0.08446,1.71582,1,1,1,1
49,-0.05815,0.22272,0.23019,0.02432,0.04326,1.26796,1,1,1,1
49,-0.26971,-0.01598,0.27019,0.38152,0.03257,1.90270,1,1,1,1
49,-0.35086,-0.18686,0.39752,0.97497,0.03258,1.71450,1,1,1,1
49,0.37281,0.00063,0.37281,0.96431,0.04340,1.72483,1,1,1,1
49,0.25331,0.12166,0.28101,0.08291,0.04227,1.79971,1,1,1,1
49,-0.31183,-0.00775,0.31193,0.06547,0.03253,1.78260,1,1,1,1
49,-0.30934,0.03810,0.31167,0.06328,0.03252,1.77632,1,1,1,1
49,-0.29658,0.15637,0.33528,0.02426,0.04313,1.26814,1,1,1,1
49,-0.11693,-0.24933,0.27539,0.98795,0.03477,1.69725,1,1,1,1
49,0.17779,-0.30978,0.35717,0.98471,0.08567,1.71141,1,1,1,1
49,0.29075,-0.22748,0.36916,0.97900,0.08553,1.71609,1,1,1,1
49,0.13439,0.09997,0.16750,0.08178,0.03188,1.81665,1,1,1,1
49,0.30208,-0.13954,0.33275,0.97855,0.08511,1.71599,1,1,1,1
49,0.05611,0.23229,0.23897,0.02455,0.04589,1.24135,1,1,1,1
49,0.24640,0.07246,0.25683,0.08670,0.04215,1.80891,1,1,1,1
49,-0.11911,-0.12423,0.17210,0.97235,0.03178,1.71931,1,1,1,1
49,0.23325,0.27208,0.35837,0.02720,0.04894,1.26343,1,1,1,1
49,-0.04423,0.29514,0.29843,0.02379,0.16161,0.63238,1,1,1,1
49,-0.13991,-0.30062,0.33158,0.98809,0.03480,1.69710,1,1,1,1
49,0.19956,-0.17066,0.26258,0.97866,0.08502,1.71577,1,1,1,1
49,-0.36132,0.11941,0.38054,0.02440,0.04309,1.27166,1,1,1,1
49,0.26628,0.23316,0.35393,0.02772,0.04252,1.34952,1,1,1,1
49,0.36354,0.00609,0.36359,0.96407,0.04331,1.72545,1,1,1,1
49,0.38860,-0.00375,0.38862,0.97776,0.04356,1.70405,1,1,1,1
49,-0.12661,0.14388,0.19165,0.02482,0.04323,1.27948,1,1,1,1
49,0.20631,-0.02091,0.20736,0.97774,0.08428,1.71566,1,1,1,1
49,0.00033,0.03161,0.03161,0.08387,0.03181,1.81961,1,1,1,1
49,0.18378,0.31495,0.36465,0.06810,0.13332,1.24088,1,1,1,1
49,-0.22119,0.03946,0.22469,0.05253,0.03258,1.73429,1,1,1,1
49,0.12430,-0.09063,0.15383,0.97814,0.08443,1.71550,1,1,1,1
49,0.04230,-0.12792,0.13473,0.97831,0.08442,1.71533,1,1,1,1
49,-0.01340,-0.26559,0.26593,0.99077,0.08500,1.70638,1,1,1,1
49,-0.15793,-0.08444,0.17909,0.71597,0.03267,1.92218,1,1,1,1
49,0.01507,-0.38450,0.38480,0.99101,0.08568,1.70682,1,1,1,1
49,-0.21743,-0.28461,0.35816,0.98801,0.03271,1.69784,1,1,1,1
49,0.21359,0.07377,0.22597,0.08575,0.08383,1.64673,1,1,1,1
49,-0.31799,-0.12584,0.34198,0.95116,0.03258,1.77478,1,1,1,1
49,-0.01341,0.15526,0.15584,0.02504,0.03177,1.44616,1,1,1,1
49,0.10528,0.13381,0.17026,0.07865,0.03185,1.81197,1,1,1,1
49,0.30522,-0.15733,0.34338,0.97865,0.08521,1.71602,1,1,1,1
49,-0.08752,0.16098,0.18324,0.02478,0.04325,1.27825,1,1,1,1
49,0.08228,0.37447,0.38341,0.06628,0.16327,0.97252,1,1,1,1
49,-0.16008,0.20750,0.26207,0.02419,0.04320,1.26565,1,1,1,1
49,-0.24299,-0.23533,0.33827,0.98784,0.03267,1.69803,1,1,1,1
49,-0.38313,-0.00144,0.38313,0.06438,0.03852,1.75446,1,1,1,1
49,0.26336,-0.20629,0.33453,0.97888,0.08535,1.71599,1,1,1,1
49,0.21766,0.33402,0.39868,0.06792,0.13358,1.23704,1,1,1,1
49,0.21297,0.09584,0.23355,0.08396,0.04183,1.80337,1,1,1,1
49,-0.22189,-0.21875,0.31159,0.98779,0.03268,1.69807,1,1,1,1
49,0.26222,-0.54447,0.60433,0.99129,0.48345,1.59083,1,0,0,0
49,0.78609,-0.07909,0.79005,0.97757,0.20036,1.76074,1,0,0,0
49,0.16927,0.37661,0.41290,0.06675,0.13455,1.21698,1,0,1,0
49,0.77171,-0.34205,0.84412,0.97967,0.20162,1.75823,1,0,0,0
49,0.10573,-0.73117,0.73878,0.99145,0.50984,1.57352,1,0,1,0
49,-0.69559,-0.04929,0.69733,0.06340,0.53365,0.55108,1,0,0,0
49,-0.79166,0.08214,0.79591,0.04359,0.54034,0.58195,1,0,0,0
49,-0.97794,-0.96264,1.37224,0.99131,0.98698,1.28887,1,0,1,0
49,-0.35814,-0.24989,0.43670,0.98782,0.13633,1.75074,1,0,0,0
49,-0.70927,-0.39232,0.81054,0.99036,0.56478,1.53672,1,0,1,0
49,-0.91894,0.03028,0.91943,0.05832,0.81753,0.44499,1,0,0,0
49,0.91253,0.67826,1.13700,0.02350,0.98715,0.27977,1,0,0,0
49,-0.77503,-0.07503,0.77866,0.06377,0.55100,0.71147,1,0,0,0
49,-0.25581,0.85168,0.88927,0.04819,0.79839,0.47160,1,0,0,0
49,0.62428,-0.63503,0.89050,0.99143,0.94876,1.30716,1,0,1,0
49,-0.22429,0.50839,0.55567,0.05123,0.50071,0.48007,1,0,0,0
49,0.92985,-0.85950,1.26624,0.99162,0.95214,1.30563,1,0,1,0
49,-0.30057,0.92796,0.97542,0.04767,0.92213,0.33547,1,0,0,0
49,-0.52966,0.99724,1.12917,0.02578,0.92510,0.29250,1,0,0,0
49,0.08302,-0.50561,0.51238,0.99120,0.46188,1.60480,1,0,0,0
49,0.67587,0.44414,0.80874,0.02485,0.80755,0.30569,1,0,0,0
49,-0.61231,0.48244,0.77954,0.02756,0.81277,0.31309,1,0,0,0
49,0.42409,-0.76576,0.87535,0.99152,0.53633,1.55590,1,0,1,0
49,-0.86500,0.77202,1.15941,0.02604,0.99833,0.28238,1,0,0,0
49,-0.63682,-0.72259,0.96316,0.98831,0.57585,1.52918,1,0,1,0
49,0.49510,-0.72771,0.88016,0.99150,0.53413,1.55737,1,0,1,0
49,0.48470,-0.97490,1.08874,0.99165,0.82161,1.37134,1,0,1,0
49,0.64992,0.46059,0.79658,0.02465,0.80575,0.30532,1,0,0,0
49,0.55803,0.82349,0.99476,0.02223,0.98674,0.27773,1,0,0,0
49,0.44547,-0.57714,0.72906,0.99135,0.50309,1.57798,1,0,1,0
49,0.18703,-0.36609,0.41110,0.99102,0.08598,1.70708,1,0,0,0
49,-0.85565,-0.38411,0.93791,0.99028,0.98624,1.28873,1,0,1,0
49,-0.44602,-0.68608,0.81831,0.99131,0.83499,1.36300,1,0,1,0
49,0.49989,0.92809,1.05415,0.02178,0.98682,0.27697,1,0,0,0
49,0.62622,-0.77443,0.99594,0.99154,0.94983,1.30670,1,0,1,0
49,-0.41824,-0.52555,0.67166,0.99111,0.51889,1.56755,1,0,1,0
49,0.75595,0.29448,0.81128,0.02661,0.81033,0.31037,1,0,0,0
49,-0.78501,-0.33745,0.85446,0.97603,0.82002,1.36786,1,0,1,0
49,0.37501,0.61506,0.72037,0.02307,0.21879,0.50904,1,0,1,0
49,0.17434,0.68202,0.70395,0.06216,0.50655,0.49973,1,0,0,0
49,-0.60642,-0.54696,0.81665,0.98792,0.55789,1.54146,1,0,1,0
49,-0.55230,-0.67284,0.87049,0.98824,0.55723,1.54190,1,0,1,0
49,-0.33997,0.41510,0.53655,0.05186,0.49189,0.47775,1,0,1,0
49,-0.50564,-0.81809,0.96174,0.99143,0.84521,1.35768,1,0,1,0
49,0.57923,0.78754,0.97761,0.02242,0.98672,0.27804,1,0,0,0
49,-0.10135,0.95762,0.96297,0.05921,0.80020,0.51641,1,0,0,0
49,0.41088,-0.00561,0.41092,0.97779,0.04380,1.70389,1,0,0,0
49,-0.06292,0.87913,0.88138,0.05978,0.54784,0.66919,1,0,0,0
49,0.52793,0.94636,1.08366,0.02173,0.98692,0.27688,1,0,0,0
49,-0.99885,0.11064,1.00496,0.04228,0.81971,0.36807,1,0,0,0
49,-0.58344,-0.78308,0.97654,0.99139,0.96772,1.29806,1,0,1,0
49,0.34599,0.48486,0.59565,0.02385,0.23510,0.49569,1,0,1,0
49,0.99183,0.94376,1.36909,0.02213,0.98773,0.27744,1,0,0,0
49,0.41007,-0.64286,0.76251,0.99141,0.51336,1.57119,1,0,1,0
49,0.57243,-0.43815,0.72087,0.98516,0.15508,1.75915,1,0,0,0
49,0.79206,-0.11795,0.80079,0.97869,0.20103,1.75939,1,0,0,0
49,-0.11162,0.39975,0.41504,0.05318,0.16444,0.87401,1,0,1,0
49,-0.67830,0.45935,0.81920,0.03976,0.81461,0.36307,1,0,0,0
49,-0.41298,-0.79048,0.89185,0.99142,0.84255,1.35899,1,0,1,0
49,-0.50779,0.35830,0.62147,0.04118,0.80381,0.39564,1,0,0,0
49,-0.81157,-0.15073,0.82544,0.06697,0.56383,0.79824,1,0,0,0
49,-0.07972,-0.40927,0.41697,0.99102,0.08559,1.70673,1,0,0,0
49,0.61358,0.70778,0.93671,0.02287,0.98662,0.27879,1,0,0,0
49,0.63339,-0.50363,0.80921,0.98530,0.94763,1.30487,1,0,1,0
49,-0.51899,0.98636,1.11457,0.02582,0.92485,0.29260,1,0,0,0
49,-0.51490,-0.48932,0.71032,0.98780,0.53568,1.55650,1,0,1,0
49,0.72101,-0.85478,1.11826,0.99160,0.95095,1.30619,1,0,1,0
49,-0.00095,-0.48709,0.48710,0.99116,0.45145,1.61149,1,0,0,0
49,0.76819,0.45057,0.89057,0.02502,0.81489,0.30567,1,0,0,0
49,0.19627,0.60898,0.63983,0.06314,0.49310,0.50244,1,0,1,0
49,0.82427,-0.93854,1.24911,0.99166,0.95196,1.30573,1,0,1,0
49,0.81319,0.18199,0.83330,0.97605,0.81201,1.37287,1,0,1,0
49,-0.25959,-0.68113,0.72893,0.99134,0.83242,1.36460,1,0,1,0
49,-0.43970,-0.89621,0.99827,0.99151,0.95439,1.30449,1,0,1,0
49,-0.56694,0.97944,1.13169,0.02579,0.92507,0.29252,1,0,0,0
49,0.13312,-0.92067,0.93025,0.99159,0.54491,1.55013,1,0,1,0
49,-0.83101,0.06155,0.83329,0.05580,0.54945,0.66695,1,0,0,0
49,-0.09876,0.97342,0.97841,0.05912,0.92134,0.35916,1,0,0,0
49,-0.44125,0.29796,0.53244,0.04209,0.13376,0.93927,1,0,1,0
49,0.64484,0.11557,0.65512,0.97616,0.52126,1.56676,1,0,1,0
49,-0.42863,-0.31205,0.53019,0.98725,0.50218,1.57889,1,0,1,0
49,-0.78409,-0.27658,0.83144,0.97019,0.81832,1.36719,1,0,1,0
49,0.89548,0.91749,1.28206,0.02215,0.98756,0.27749,1,0,0,0
49,0.89739,0.96670,1.31902,0.02194,0.98764,0.27713,1,0,0,0
49,-0.93183,-0.15794,0.94512,0.06599,0.82342,0.46137,1,0,0,0
49,-0.55650,0.65295,0.85792,0.02684,0.53988,0.53374,1,0,0,0
49,0.37616,-0.14765,0.40410,0.97864,0.08533,1.71619,1,0,0,0
49,-0.48119,-0.53037,0.71613,0.98793,0.53228,1.55878,1,0,1,0
49,-0.10632,0.43961,0.45228,0.05263,0.16541,0.86474,1,0,1,0
49,-0.93458,0.96079,1.34035,0.02553,0.99841,0.28153,1,0,0,0
49,0.99356,0.77955,1.26288,0.02299,0.98746,0.27888,1,0,0,0
49,0.40785,0.18245,0.44680,0.08190,0.15805,1.11555,1,0,1,0
49,-0.08303,0.90797,0.91176,0.05955,0.55246,0.70220,1,0,0,0
49,0.49629,0.56597,0.75274,0.02355,0.30075,0.44429,1,0,1,0
49,-0.77126,-0.04959,0.77285,0.06269,0.54812,0.68073,1,0,0,0
49,0.81207,-0.65818,1.04530,0.98557,0.95028,1.30372,1,0,1,0
49,0.99653,0.06188,0.99845,0.97715,0.94233,1.30363,1,0,1,0
49,-0.04999,0.80693,0.80848,0.06035,0.53737,0.58166,1,0,0,0
49,-0.94541,0.96213,1.34888,0.02552,0.99841,0.28152,1,0,0,0
49,-0.80201,0.95263,1.24528,0.02565,0.99837,0.28174,1,0,0,0
49,-0.22561,0.46553,0.51732,0.05173,0.49365,0.47791,1,0,1,0
49,-0.27716,0.54199,0.60874,0.05065,0.50915,0.48707,1,0,0,0
49,-0.59229,-0.10454,0.60145,0.06717,0.51785,0.50985,1,0,0,0
49,0.98353,-0.84646,1.29762,0.99162,0.95234,1.30553,1,0,1,0
49,0.65905,0.50676,0.83136,0.02428,0.80777,0.30433,1,0,0,0
49,0.16016,0.67505,0.69379,0.06219,0.50621,0.49972,1,0,0,0
49,-0.51430,-0.22073,0.55967,0.97467,0.51217,1.57300,1,0,1,0
49,-0.69083,0.44465,0.82156,0.03984,0.81462,0.36345,1,0,0,0
49,0.81467,0.26165,0.85566,0.79371,0.81375,1.30757,1,0,1,0
49,-0.05550,0.67633,0.67860,0.06151,0.51827,0.50684,1,0,0,0
49,-0.77412,0.61460,0.98843,0.02668,0.99153,0.28439,1,0,0,0
49,-0.58436,0.87910,1.05560,0.02603,0.92347,0.29320,1,0,0,0
49,0.83160,0.31779,0.89025,0.02658,0.81583,0.30986,1,0,0,0
49,0.71239,0.93247,1.17346,0.02192,0.98728,0.27714,1,0,0,0
49,-0.60232,0.51242,0.79080,0.02742,0.81334,0.31259,1,0,0,0
49,-0.02743,-0.41770,0.41860,0.99105,0.08575,1.70686,1,0,0,0
49,0.10185,0.97249,0.97781,0.05291,0.79821,0.49895,1,0,0,0
49,-0.43665,0.15647,0.46384,0.04399,0.13380,0.96072,1,0,1,0
49,0.77562,0.58436,0.97112,0.02392,0.81785,0.30273,1,0,0,0
49,0.90266,0.10862,0.90917,0.97671,0.81564,1.37079,1,0,1,0
49,0.80856,0.81358,1.14704,0.02255,0.98724,0.27819,1,0,0,0
49,0.64974,-0.26556,0.70191,0.97933,0.19367,1.76122,1,0,0,0
49,0.67431,-0.94761,1.16304,0.99165,0.95115,1.30611,1,0,1,0
49,0.89732,-0.25002,0.93150,0.97935,0.20813,1.75610,1,0,0,0
49,0.28777,-0.55359,0.62392,0.99130,0.48719,1.58839,1,0,0,0
49,-0.67401,-0.55713,0.87446,0.99076,0.57080,1.53261,1,0,1,0
49,-0.75970,0.53565,0.92955,0.02704,0.81985,0.31074,1,0,0,0
49,0.19854,-0.52220,0.55867,0.99125,0.47409,1.59691,1,0,0,0
49,-0.46738,0.79911,0.92576,0.04804,0.79917,0.46565,1,0,0,0
49,0.76215,0.43384,0.87698,0.02516,0.81421,0.30608,1,0,0,0
49,-0.86840,0.77844,1.16623,0.02602,0.99833,0.28234,1,0,0,0
49,0.54897,0.37776,0.66639,0.02515,0.29995,0.45302,1,0,1,0
49,0.97179,-0.17896,0.98813,0.97906,0.98532,1.28380,1,0,1,0
49,-0.41199,-0.03177,0.41321,0.06555,0.03866,1.75843,1,0,1,0
49,-0.56688,-0.60449,0.82871,0.98808,0.55487,1.54351,1,0,1,0
49,0.72413,0.41182,0.83304,0.02527,0.81074,0.30658,1,0,0,0
49,-0.24973,0.44111,0.50689,0.05193,0.49095,0.47773,1,0,1,0
49,0.49000,-0.53711,0.72704,0.98532,0.49826,1.58163,1,0,0,0
49,0.09559,0.56446,0.57249,0.06333,0.49147,0.50334,1,0,1,0
49,-0.21669,-0.42312,0.47538,0.99101,0.16606,1.75258,1,0,0,0
49,0.52455,-0.26620,0.58823,0.97929,0.15167,1.76690,1,0,0,0
49,-0.31008,0.60483,0.67969,0.04991,0.52075,0.50932,1,0,0,0
49,0.82106,-0.97821,1.27711,0.99167,0.95211,1.30566,1,0,1,0
49,-0.54147,-0.16877,0.56716,0.95020,0.51315,1.57333,1,0,1,0
49,0.33271,0.68041,0.75740,0.02267,0.22071,0.50393,1,0,1,0
49,-0.26654,0.61476,0.67005,0.04997,0.51997,0.50723,1,0,0,0
49,0.52362,-0.13839,0.54160,0.97867,0.15098,1.76773,1,0,0,0
49,0.18037,0.78642,0.80684,0.06109,0.52278,0.51450,1,0,0,0
49,-0.84059,0.17425,0.85846,0.04221,0.14356,0.88967,1,0,1,0
49,0.10034,0.97996,0.98508,0.05285,0.79850,0.49687,1,0,0,0
49,-0.41976,-0.13414,0.44068,0.94996,0.03873,1.77632,1,0,0,0
49,-0.55333,-0.72281,0.91029,0.99133,0.56104,1.53924,1,0,1,0
49,0.62901,-0.41458,0.75335,0.98513,0.15802,1.75945,1,0,0,0
49,0.74132,0.18299,0.76357,0.97588,0.80613,1.37649,1,0,1,0
49,-0.62799,0.69273,0.93501,0.02658,0.54834,0.55655,1,0,0,0
49,-0.76539,0.93250,1.20639,0.02573,0.99835,0.28186,1,0,0,0
49,-0.54639,0.48918,0.73337,0.05022,0.81028,0.42770,1,0,0,0
49,0.99762,0.08280,1.00105,0.97704,0.94240,1.30354,1,0,1,0
49,0.19253,-0.65855,0.68611,0.99140,0.50164,1.57893,1,0,1,0
49,-0.52147,0.78058,0.93874,0.02640,0.79919,0.31000,1,0,0,0
49,0.33975,0.28303,0.44219,0.02742,0.04333,1.33326,1,0,1,0
49,0.71874,0.23495,0.75617,0.79372,0.80560,1.31452,1,0,1,0
49,0.44378,-0.48805,0.65965,0.98522,0.48495,1.59042,1,0,0,0
49,-0.37761,-0.56440,0.67907,0.99118,0.14446,1.74915,1,0,0,0
49,0.45852,-0.31876,0.55843,0.97948,0.14837,1.76619,1,0,0,0
49,-0.04255,-0.91116,0.91216,0.99157,0.95399,1.30471,1,0,1,0
49,0.99158,0.52025,1.11977,0.02493,0.94352,0.28828,1,0,0,0
49,-0.62654,0.29806,0.69383,0.04138,0.80682,0.38739,1,0,0,0
49,-0.95947,0.96841,1.36323,0.02550,0.99841,0.28148,1,0,0,0
49,-0.53133,0.87814,1.02637,0.02609,0.92304,0.29337,1,0,0,0
49,-0.75154,-0.08875,0.75676,0.06464,0.54782,0.68341,1,0,0,0
49,0.49486,-0.18651,0.52884,0.97890,0.14970,1.76723,1,0,0,0
49,-0.77066,0.13353,0.78214,0.04301,0.11403,1.05252,1,0,1,0
49,-0.17493,0.81485,0.83341,0.04862,0.54429,0.61414,1,0,0,0
49,0.04610,-0.64001,0.64166,0.99136,0.48761,1.58812,1,0,0,0
49,0.70439,0.31415,0.77127,0.02622,0.80651,0.30940,1,0,0,0
49,-0.54178,0.90228,1.05244,0.02601,0.92356,0.29315,1,0,0,0
49,0.49746,-0.81119,0.95158,0.99156,0.81352,1.37631,1,0,1,0
49,-0.43491,-0.00769,0.43498,0.06413,0.03874,1.75241,1,0,1,0
49,-0.79751,-0.02719,0.79797,0.06150,0.55102,0.70117,1,0,0,0
49,-0.60964,-0.94034,1.12067,0.99152,0.96856,1.29772,1,0,1,0
49,0.60461,-0.30637,0.67780,0.97948,0.19116,1.76182,1,0,0,0
49,-0.14649,0.99180,1.00255,0.05895,0.92211,0.35854,1,0,0,0
49,-0.43779,0.03717,0.43936,0.06206,0.04027,1.73539,1,0,1,0
49,-0.18801,-0.54756,0.57894,0.99120,0.17041,1.75233,1,0,0,0
50,0.14397,-0.18336,0.23313,0.99064,0.03268,1.45758,1,1,1,1
50,0.02981,-0.22784,0.22978,0.99138,0.01289,1.42880,1,1,1,1
50,-0.13894,-0.13838,0.19609,0.97583,0.01291,1.43469,1,1,1,1
50,0.10953,-0.26904,0.29048,0.99147,0.03276,1.45734,1,1,1,1
50,-0.15238,-0.36506,0.39559,0.97724,0.09798,1.55145,1,1,1,1
50,0.07288,-0.00231,0.07291,0.64701,0.01138,1.47015,1,1,1,1
50,-0.17430,-0.12282,0.21322,0.97568,0.09544,1.54926,1,1,1,1
50,0.00299,0.08008,0.08014,0.07414,0.01144,1.44919,1,1,1,1
50,0.16236,-0.20037,0.25789,0.99070,0.03272,1.45761,1,1,1,1
50,-0.32420,0.12460,0.34732,0.07780,0.01286,1.46195,1,1,1,1
50,-0.16865,-0.07875,0.18613,0.81214,0.01147,1.49586,1,1,1,1
50,-0.29434,-0.09266,0.30858,0.80895,0.09807,1.69094,1,1,1,1
50,-0.09804,0.37315,0.38581,0.00520,0.07944,1.34239,1,1,1,1
50,0.12673,-0.00979,0.12711,0.51316,0.01135,1.43006,1,1,1,1
50,-0.10232,-0.36802,0.38198,0.97730,0.09679,1.54995,1,1,1,1
50,-0.03712,-0.05997,0.07053,0.65987,0.01141,1.47337,1,1,1,1
50,0.19521,0.06800,0.20671,0.21732,0.03769,1.50118,1,1,1,1
50,-0.13174,-0.15306,0.20195,0.97594,0.01291,1.43465,1,1,1,1
50,0.28655,0.09898,0.30316,0.21691,0.03767,1.50125,1,1,1,1
50,-0.33150,-0.05312,0.33573,0.80002,0.09852,1.70133,1,1,1,1
50,0.18397,0.24769,0.30854,0.00941,0.01206,1.77666,1,1,1,1
50,0.39080,0.07834,0.39857,0.22335,0.01358,1.37832,1,1,1,1
50,0.15398,-0.05970,0.16515,0.99018,0.03779,1.46498,1,1,1,1
50,0.28287,-0.01393,0.28321,0.96171,0.03775,1.47799,1,1,1,1
50,-0.20991,-0.15765,0.26252,0.97589,0.09676,1.55078,1,1,1,1
50,0.03805,0.25552,0.25833,0.00542,0.07313,1.35147,1,1,1,1
50,0.31844,0.04792,0.32203,0.22445,0.03771,1.49817,1,1,1,1
50,-0.11222,-0.19502,0.22500,0.97625,0.01291,1.43453,1,1,1,1
50,0.02839,-0.22691,0.22868,0.99138,0.01289,1.42880,1,1,1,1
50,-0.20046,-0.17898,0.26874,0.97605,0.09680,1.55072,1,1,1,1
50,-0.14686,-0.28242,0.31832,0.97677,0.09679,1.55027,1,1,1,1
50,-0.17585,-0.29036,0.33946,0.97679,0.09760,1.55126,1,1,1,1
50,-0.04312,0.11879,0.12637,0.00555,0.01148,1.68397,1,1,1,1
50,-0.22762,-0.03091,0.22971,0.75089,0.09561,1.74518,1,1,1,1
50,-0.26350,-0.07903,0.27510,0.80791,0.09712,1.69051,1,1,1,1
50,0.07529,-0.34402,0.35216,0.99154,0.01289,1.42875,1,1,1,1
50,-0.11886,0.29709,0.31999,0.00527,0.07902,1.34392,1,1,1,1
50,-0.38656,-0.00008,0.38656,0.08216,0.09928,1.92728,1,1,1,1
50,-0.01958,0.29513,0.29577,0.00533,0.01272,1.64906,1,1,1,1
50,-0.23143,0.30881,0.38590,0.00519,0.08026,1.34171,1,1,1,1
50,0.32830,-0.01152,0.32850,0.96187,0.03775,1.47792,1,1,1,1
50,0.02448,-0.24575,0.24697,0.99140,0.01289,1.42880,1,1,1,1
50,-0.26138,0.03995,0.26442,0.08176,0.01270,1.45154,1,1,1,1
50,0.10614,0.12656,0.16518,0.07312,0.01141,1.45095,1,1,1,1
50,-0.09886,0.11553,0.15206,0.02884,0.01260,1.67718,1,1,1,1
50,0.23344,0.28064,0.36504,0.00937,0.01369,1.75996,1,1,1,1
50,-0.13777,-0.37389,0.39846,0.97730,0.09773,1.55111,1,1,1,1
50,0.24816,-0.17019,0.30091,0.99060,0.03276,1.45770,1,1,1,1
50,0.13142,-0.33799,0.36265,0.99155,0.03287,1.45745,1,1,1,1
50,-0.18388,0.15872,0.24290,0.00540,0.01274,1.65180,1,1,1,1
50,0.35901,-0.11527,0.37706,0.99042,0.03279,1.45782,1,1,1,1
50,0.23140,0.02761,0.23304,0.22371,0.03772,1.49854,1,1,1,1
50,-0.21894,-0.03190,0.22125,0.80132,0.01151,1.49953,1,1,1,1
50,0.29783,-0.15035,0.33362,0.99054,0.03278,1.45776,1,1,1,1
50,0.16347,0.13504,0.21203,0.20817,0.01139,1.36585,1,1,1,1
50,0.35408,-0.06133,0.35935,0.96286,0.03272,1.46993,1,1,1,1
50,-0.23934,0.04605,0.24373,0.08173,0.01268,1.45137,1,1,1,1
50,-0.33736,0.11215,0.35551,0.07816,0.01286,1.46119,1,1,1,1
50,0.22604,0.08732,0.24232,0.21610,0.03768,1.50167,1,1,1,1
50,-0.33007,0.05955,0.33540,0.08028,0.01279,1.45582,1,1,1,1
50,0.08518,0.09889,0.13052,0.07394,0.01141,1.44915,1,1,1,1
50,0.09171,-0.25133,0.26754,0.99144,0.01288,1.42877,1,1,1,1
50,0.24235,0.17079,0.29649,0.20684,0.01358,1.37834,1,1,1,1
50,0.27068,-0.22133,0.34965,0.99078,0.03284,1.45775,1,1,1,1
50,0.13322,-0.35455,0.37875,0.99157,0.03330,1.45804,1,1,1,1
50,0.25133,0.05114,0.25648,0.22150,0.03770,1.49938,1,1,1,1
50,-0.35259,0.04183,0.35506,0.08078,0.01280,1.45490,1,1,1,1
50,-0.19802,-0.12827,0.23594,0.97569,0.09610,1.55007,1,1,1,1
50,0.09375,-0.18570,0.20803,0.99064,0.01287,1.42905,1,1,1,1
50,-0.12723,0.06234,0.14169,0.02917,0.01150,1.65102,1,1,1,1
50,0.20251,-0.15245,0.25348,0.99054,0.03270,1.45764,1,1,1,1
50,-0.02984,-0.22762,0.22957,0.95812,0.01290,1.44147,1,1,1,1
50,-0.38051,0.08884,0.39074,0.07867,0.01288,1.46042,1,1,1,1
50,-0.00431,-0.12024,0.12032,0.94198,0.01289,1.44776,1,1,1,1
50,0.27264,0.04909,0.27703,0.22256,0.03771,1.49894,1,1,1,1
50,-0.13420,-0.21867,0.25657,0.97638,0.09566,1.54911,1,1,1,1
50,-0.14238,0.16783,0.22009,0.00541,0.01271,1.65317,1,1,1,1
50,0.08234,0.22327,0.23797,0.00549,0.01146,1.68175,1,1,1,1
50,-0.01052,0.30578,0.30596,0.00533,0.07381,1.34917,1,1,1,1
50,0.10027,-0.18168,0.20751,0.99063,0.01287,1.42905,1,1,1,1
50,0.23947,0.23591,0.33615,0.00952,0.01365,1.76292,1,1,1,1
50,-0.01124,0.21706,0.21735,0.00544,0.01262,1.65583,1,1,1,1
50,0.10211,0.15489,0.18552,0.07218,0.01143,1.45326,1,1,1,1
50,0.07888,0.33727,0.34637,0.00534,0.07358,1.34972,1,1,1,1
50,-0.03018,-0.15745,0.16032,0.95735,0.01289,1.44176,1,1,1,1
50,-0.33002,-0.11275,0.34875,0.81088,0.09924,1.69073,1,1,1,1
50,0.35301,-0.01895,0.35352,0.96211,0.03776,1.47781,1,1,1,1
50,-0.17761,-0.05662,0.18642,0.80778,0.01148,1.49736,1,1,1,1
50,-0.25804,-0.16883,0.30836,0.97592,0.09811,1.55243,1,1,1,1
50,0.03026,-0.03795,0.04854,0.65528,0.01139,1.47223,1,1,1,1
50,-0.00203,-0.17143,0.17144,0.99129,0.01289,1.42883,1,1,1,1
50,0.06902,0.30475,0.31246,0.00538,0.07337,1.35051,1,1,1,1
50,0.07729,0.22365,0.23663,0.00549,0.01147,1.68152,1,1,1,1
50,0.39946,0.00086,0.39946,0.96195,0.03774,1.47787,1,1,1,1
50,-0.17380,0.14851,0.22861,0.02838,0.01272,1.68330,1,1,1,1
50,0.35061,0.11548,0.36913,0.21726,0.01359,1.37829,1,1,1,1
50,0.03184,-0.31181,0.31343,0.99149,0.01290,1.42877,1,1,1,1
50,0.19467,-0.15404,0.24824,0.99054,0.03269,1.45763,1,1,1,1
50,-0.16033,0.31313,0.35179,0.00523,0.07957,1.34280,1,1,1,1
50,-0.20699,0.08443,0.22355,0.02876,0.01268,1.67951,1,1,1,1
50,-0.08467,-0.38891,0.39802,0.95958,0.01292,1.44095,1,1,1,1
50,0.06372,-0.23601,0.24446,0.99141,0.01288,1.42878,1,1,1,1
50,-0.30409,0.11894,0.32653,0.07819,0.01283,1.46070,1,1,1,1
50,-0.20450,-0.00178,0.20450,0.74404,0.01152,1.49025,1,1,1,1
50,0.28751,-0.21234,0.35742,0.99075,0.03285,1.45776,1,1,1,1
50,-0.06832,-0.26279,0.27153,0.95841,0.01291,1.44138,1,1,1,1
50,-0.00520,-0.15480,0.15489,0.95737,0.01289,1.44175,1,1,1,1
50,-0.15700,0.15441,0.22021,0.00542,0.01271,1.65355,1,1,1,1
50,0.21859,-0.29260,0.36524,0.99100,0.03289,1.45772,1,1,1,1
50,0.02031,0.38859,0.38912,0.00525,0.07433,1.34736,1,1,1,1
50,-0.19549,0.01367,0.19597,0.74010,0.01260,1.48824,1,1,1,1
50,-0.32537,-0.11433,0.34487,0.81137,0.09914,1.69005,1,1,1,1
50,0.02286,0.32056,0.32138,0.00533,0.07375,1.34929,1,1,1,1
50,-0.03437,0.27837,0.28049,0.00534,0.01271,1.64965,1,1,1,1
50,0.15570,-0.26301,0.30564,0.99147,0.03280,1.45738,1,1,1,1
50,-0.27708,0.07963,0.28830,0.07998,0.01276,1.45594,1,1,1,1
50,-0.01753,0.26392,0.26450,0.00537,0.01268,1.65167,1,1,1,1
50,-0.22443,0.16940,0.28118,0.00950,0.01280,1.77130,1,1,1,1
50,-0.18502,0.01725,0.18582,0.73978,0.01151,1.47870,1,1,1,1
50,-0.17225,-0.16817,0.24073,0.97600,0.09596,1.54971,1,1,1,1
50,-0.08764,-0.00974,0.08818,0.64711,0.01145,1.47042,1,1,1,1
50,0.08443,0.18308,0.20161,0.00947,0.01145,1.78202,1,1,1,1
50,-0.22206,-0.00420,0.22210,0.74352,0.01261,1.49692,1,1,1,1
50,0.35570,0.15414,0.38767,0.21281,0.01363,1.37852,1,1,1,1
50,-0.24800,-0.16543,0.29811,0.97590,0.09782,1.55207,1,1,1,1
50,0.06144,-0.24095,0.24866,0.99141,0.01288,1.42878,1,1,1,1
50,0.39545,0.03497,0.39699,0.72529,0.03772,1.66753,1,1,1,1
50,-0.28688,-0.03680,0.28923,0.74848,0.09718,1.74889,1,1,1,1
50,0.08223,-0.00398,0.08232,0.64752,0.01138,1.47027,1,1,1,1
50,0.10423,0.37440,0.38864,0.00532,0.07375,1.34908,1,1,1,1
50,0.22921,-0.32051,0.39404,0.99195,0.03335,1.45796,1,1,1,1
50,-0.14965,-0.17610,0.23110,0.97608,0.09550,1.54910,1,1,1,1
50,0.07113,0.17164,0.18579,0.00556,0.01145,1.68491,1,1,1,1
50,-0.06584,0.12964,0.14540,0.00552,0.01150,1.68225,1,1,1,1
50,0.10134,0.15362,0.18403,0.07221,0.01143,1.45317,1,1,1,1
50,0.02655,0.33243,0.33349,0.00532,0.07383,1.34901,1,1,1,1
50,-0.19545,0.01467,0.19600,0.73981,0.01260,1.48730,1,1,1,1
50,-0.25895,-0.11568,0.28362,0.97553,0.09747,1.55186,1,1,1,1
50,0.38324,0.02319,0.38395,0.72704,0.03773,1.66998,1,1,1,1
50,0.26330,-0.21482,0.33981,0.99076,0.03283,1.45773,1,1,1,1
50,-0.15470,0.17687,0.23498,0.00539,0.01273,1.65178,1,1,1,1
50,-0.21739,-0.03972,0.22098,0.80285,0.09547,1.69332,1,1,1,1
50,0.06342,0.23935,0.24761,0.00546,0.07286,1.35241,1,1,1,1
50,-0.26260,0.10888,0.28428,0.07895,0.01277,1.45829,1,1,1,1
50,0.14049,0.04557,0.14770,0.21804,0.01137,1.36613,1,1,1,1
50,0.09135,0.10379,0.13826,0.07381,0.01141,1.44942,1,1,1,1
50,0.03770,-0.29360,0.29601,0.99147,0.01289,1.42878,1,1,1,1
50,-0.27232,-0.04231,0.27559,0.80077,0.09688,1.69788,1,1,1,1
50,0.19592,0.20253,0.28179,0.00956,0.01203,1.77871,1,1,1,1
50,0.14769,0.25642,0.29591,0.00933,0.07255,1.42046,1,1,1,1
50,-0.05261,0.08575,0.10060,0.62365,0.01147,1.46392,1,1,1,1
50,-0.20109,0.00808,0.20126,0.74137,0.01260,1.49191,1,1,1,1
50,0.09619,0.32803,0.34184,0.00537,0.07341,1.35028,1,1,1,1
50,-0.36699,0.03609,0.36876,0.08087,0.01281,1.45485,1,1,1,1
50,-0.07574,-0.11236,0.13550,0.95673,0.01290,1.44201,1,1,1,1
50,-0.27257,-0.21796,0.34900,0.97624,0.09910,1.55345,1,1,1,1
50,-0.28499,0.18369,0.33905,0.02784,0.07976,1.65540,1,1,1,1
50,0.07092,0.38803,0.39446,0.00528,0.07405,1.34817,1,1,1,1
50,-0.27115,-0.18195,0.32654,0.97599,0.09861,1.55299,1,1,1,1
50,-0.05067,0.28206,0.28657,0.00533,0.01273,1.64853,1,1,1,1
50,-0.10929,0.26784,0.28928,0.00531,0.01278,1.64669,1,1,1,1
50,0.05514,0.18231,0.19046,0.00553,0.01146,1.68350,1,1,1,1
50,0.34322,-0.16026,0.37879,0.99058,0.03283,1.45782,1,1,1,1
50,-0.09448,-0.30585,0.32012,0.95879,0.01292,1.44124,1,1,1,1
50,0.24567,0.17132,0.29950,0.20690,0.01358,1.37835,1,1,1,1
50,0.26453,-0.11279,0.28757,0.99040,0.03270,1.45771,1,1,1,1
50,-0.07799,-0.17426,0.19092,0.95745,0.01290,1.44174,1,1,1,1
50,0.14344,-0.17271,0.22451,0.99060,0.03267,1.45758,1,1,1,1
50,-0.23528,-0.29368,0.37630,0.97675,0.09913,1.55316,1,1,1,1
50,-0.03749,0.17977,0.18364,0.00547,0.01150,1.67987,1,1,1,1
50,-0.05896,-0.12285,0.13626,0.95689,0.01290,1.44195,1,1,1,1
50,-0.20090,0.13232,0.24056,0.02842,0.01273,1.68320,1,1,1,1
50,0.33582,-0.10079,0.35062,0.99036,0.03275,1.45779,1,1,1,1
50,0.06368,-0.14619,0.15946,0.99049,0.01287,1.42911,1,1,1,1
50,-0.22299,0.26630,0.34733,0.00524,0.07982,1.34290,1,1,1,1
50,-0.32532,-0.16065,0.36283,0.97579,0.09972,1.55449,1,1,1,1
50,-0.32600,-0.08161,0.33606,0.80552,0.09874,1.69572,1,1,1,1
50,0.24124,-0.11661,0.26795,0.99041,0.03269,1.45768,1,1,1,1
50,-0.14062,0.05639,0.15151,0.02917,0.01151,1.65107,1,1,1,1
50,-0.38802,-0.03143,0.38929,0.73983,0.09971,1.75686,1,1,1,1
50,0.05744,-0.01975,0.06074,0.65113,0.01138,1.47120,1,1,1,1
50,0.11015,-0.09323,0.14430,0.99030,0.01286,1.42916,1,1,1,1
50,-0.11918,0.01971,0.12080,0.63951,0.01148,1.46847,1,1,1,1
50,0.07410,0.01533,0.07567,0.64266,0.01139,1.46902,1,1,1,1
50,0.10807,-0.26342,0.28473,0.99146,0.03276,1.45733,1,1,1,1
50,0.49525,0.90854,1.03475,0.05046,0.99740,1.23434,1,0,0,0
50,-0.58692,-0.02692,0.58754,0.08122,0.10494,1.92746,1,0,1,0
50,0.60596,0.80328,1.00621,0.05201,0.80678,1.30411,1,0,0,0
50,0.22214,0.35017,0.41469,0.00916,0.03033,1.57593,1,0,1,0
50,-0.46865,0.85834,0.97795,0.00465,0.98489,1.17666,1,0,0,0
50,0.38513,-0.59637,0.70992,0.99227,0.19070,1.63779,1,0,0,0
50,-0.57285,-0.61597,0.84117,0.97501,0.96639,1.73166,1,0,1,0
50,-0.42999,-0.95203,1.04463,0.99093,0.97058,1.72995,1,0,1,0
50,-0.73660,0.30718,0.79809,0.06919,0.08569,1.89367,1,0,1,0
50,0.53759,-0.62964,0.82792,0.99266,0.45697,1.84620,1,0,0,0
50,-0.99838,-0.58529,1.15730,0.97403,0.98831,1.72413,1,0,1,0
50,0.67088,0.33636,0.75048,0.05237,0.78453,1.31385,1,0,0,0
50,-0.69484,-0.77176,1.03847,0.97562,0.97069,1.73018,1,0,1,0
50,0.94071,-0.01279,0.94080,0.96363,0.80085,1.78927,1,0,1,0
50,-0.20104,-0.86817,0.89115,0.99083,0.96657,1.73130,1,0,1,0
50,0.59291,-0.65601,0.88425,0.99270,0.92542,1.74489,1,0,1,0
50,0.87100,-0.41327,0.96407,0.96903,0.92549,1.74581,1,0,1,0
50,0.03583,0.93566,0.93634,0.00730,0.72911,1.25464,1,0,0,0
50,-0.63035,0.16537,0.65169,0.07400,0.08327,1.90252,1,0,1,0
50,-0.20114,0.74399,0.77070,0.00482,0.71490,1.25440,1,0,0,0
50,-0.61676,-0.10063,0.62492,0.08388,0.10666,1.93472,1,0,1,0
50,-0.90841,0.48886,1.03160,0.00776,0.98360,1.18130,1,0,0,0
50,0.96889,0.37994,1.04072,0.05359,0.97643,1.24541,1,0,0,0
50,0.51228,0.93134,1.06293,0.05034,0.99744,1.23418,1,0,0,0
50,0.25096,0.88399,0.91892,0.00741,0.71337,1.25998,1,0,0,0
50,0.53287,0.30690,0.61493,0.00969,0.75665,1.25023,1,0,0,0
50,0.48464,0.80202,0.93708,0.05141,0.78962,1.31015,1,0,0,0
50,0.65663,0.61007,0.89629,0.01865,0.80140,1.25129,1,0,0,0
50,-0.91707,0.29308,0.96277,0.06869,0.97994,1.26401,1,0,0,0
50,0.29069,-0.74530,0.79998,0.99236,0.19217,1.63899,1,0,0,0
50,-0.80539,0.42955,0.91278,0.00791,0.08752,1.37874,1,0,1,0
50,-0.54012,0.07205,0.54490,0.07790,0.08149,1.90591,1,0,1,0
50,0.85126,0.23399,0.88284,0.95846,0.91889,1.75222,1,0,1,0
50,-0.42667,-0.84013,0.94226,0.95573,0.96884,1.73314,1,0,1,0
50,0.38480,-0.26969,0.46990,0.99094,0.03346,1.45854,1,0,0,0
50,-0.72321,0.98605,1.22283,0.00450,0.98545,1.17631,1,0,0,0
50,0.80892,0.23916,0.84354,0.21904,0.79855,1.54286,1,0,0,0
50,-0.64537,0.73493,0.97807,0.00465,0.98452,1.17677,1,0,0,0
50,-0.77021,-0.92548,1.20405,0.97617,0.98910,1.72385,1,0,1,0
50,0.70751,0.89295,1.13927,0.05162,0.97623,1.24287,1,0,0,0
50,0.45206,-0.94161,1.04451,0.99252,0.98749,1.72421,1,0,1,0
50,0.20943,-0.34601,0.40446,0.99198,0.03339,1.45800,1,0,0,0
50,-0.22375,0.95905,0.98480,0.00664,0.74220,1.24920,1,0,0,0
50,0.89478,0.61619,1.08643,0.04940,0.97672,1.23976,1,0,0,0
50,-0.04268,-0.95982,0.96077,0.99242,0.76394,1.81218,1,0,1,0
50,-0.75590,0.01085,0.75598,0.07823,0.10912,1.91945,1,0,1,0
50,0.75447,0.02255,0.75480,0.96239,0.77432,1.80387,1,0,1,0
50,-0.47068,-0.88406,1.00154,0.95592,0.97002,1.73258,1,0,1,0
50,0.91892,-0.07215,0.92175,0.96454,0.79404,1.79259,1,0,1,0
50,-0.45005,-0.67120,0.80812,0.95427,0.96586,1.73488,1,0,1,0
50,-0.58255,-0.28544,0.64872,0.97633,0.10797,1.56411,1,0,0,0
50,-0.94225,-0.04517,0.94333,0.02075,0.97971,1.20021,1,0,0,0
50,0.29537,0.91102,0.95771,0.00740,0.99191,1.17855,1,0,0,0
50,0.96338,-0.99868,1.38761,0.99296,0.93116,1.74299,1,0,1,0
50,0.72702,-0.70669,1.01389,0.99276,0.92720,1.74431,1,0,1,0
50,0.65176,-0.40573,0.76773,0.96860,0.19074,1.65449,1,0,0,0
50,-0.48576,0.48395,0.68569,0.00489,0.08441,1.33426,1,0,1,0
50,-0.01350,-0.61271,0.61286,0.99218,0.70218,1.87362,1,0,1,0
50,-0.48320,0.29546,0.56637,0.07087,0.08279,1.89672,1,0,1,0
50,-0.11808,0.83177,0.84011,0.00480,0.72281,1.25185,1,0,0,0
50,-0.17028,-0.97280,0.98759,0.99239,0.96811,1.73075,1,0,1,0
50,0.67853,-0.46253,0.82118,0.99255,0.45303,1.84271,1,0,0,0
50,-0.69444,-0.71139,0.99414,0.97532,0.96974,1.73051,1,0,1,0
50,-0.09378,-0.52163,0.53000,0.99047,0.01748,1.43583,1,0,0,0
50,0.22521,0.41654,0.47352,0.00899,0.03047,1.57002,1,0,1,0
50,0.39423,0.17979,0.43329,0.21118,0.01368,1.37881,1,0,1,0
50,-0.31605,-0.72562,0.79146,0.99068,0.96514,1.73178,1,0,1,0
50,0.39453,-0.31014,0.50184,0.99106,0.07907,1.51977,1,0,0,0
50,-0.49725,-0.47023,0.68437,0.97747,0.10793,1.56335,1,0,0,0
50,-0.77447,0.37156,0.85898,0.06735,0.08667,1.88880,1,0,1,0
50,-0.15315,0.46593,0.49045,0.00507,0.08077,1.33940,1,0,1,0
50,-0.93305,0.98874,1.35949,0.00444,0.98556,1.17620,1,0,0,0
50,-0.37157,-0.28835,0.47033,0.97658,0.10251,1.55740,1,0,0,0
50,-0.14685,-0.70445,0.71959,0.99066,0.75950,1.81566,1,0,1,0
50,0.98918,-0.01421,0.98928,0.96380,0.91988,1.74980,1,0,1,0
50,-0.44023,-0.82678,0.93668,0.95559,0.96877,1.73322,1,0,1,0
50,-0.70871,-0.39138,0.80959,0.97324,0.11248,1.57145,1,0,0,0
50,0.71771,0.13658,0.73059,0.95997,0.77697,1.80175,1,0,1,0
50,-0.61639,-0.00019,0.61639,0.07990,0.10541,1.92407,1,0,1,0
50,-0.15144,0.69701,0.71327,0.00488,0.70600,1.25736,1,0,0,0
50,-0.83759,0.68362,1.08115,0.00462,0.98445,1.17675,1,0,0,0
50,-0.40900,-0.27958,0.49543,0.97649,0.10337,1.55849,1,0,0,0
50,0.60736,0.47541,0.77130,0.01923,0.78470,1.25786,1,0,0,0
50,0.25570,0.31066,0.40236,0.00931,0.03030,1.58047,1,0,1,0
50,-0.41709,0.71287,0.82592,0.00475,0.72049,1.25249,1,0,0,0
50,0.48289,-0.70730,0.85642,0.99238,0.45937,1.84864,1,0,0,0
50,0.32891,0.29949,0.44483,0.00944,0.03037,1.58339,1,0,1,0
50,0.23124,0.55475,0.60102,0.00867,0.02153,1.64519,1,0,1,0
50,0.58123,-0.81475,1.00082,0.99281,0.92696,1.74438,1,0,1,0
50,0.62176,0.09378,0.62879,0.96045,0.75490,1.82002,1,0,1,0
50,-0.88189,0.25771,0.91877,0.06978,0.97982,1.26546,1,0,0,0
50,0.63030,-0.42626,0.76090,0.96881,0.19083,1.65441,1,0,0,0
50,0.72128,-0.85597,1.11934,0.99286,0.92850,1.74387,1,0,1,0
50,-0.82995,0.88333,1.21206,0.00451,0.98518,1.17640,1,0,0,0
50,0.52302,0.25430,0.58157,0.20717,0.74947,1.56074,1,0,0,0
50,0.76520,0.11099,0.77320,0.96070,0.78304,1.79811,1,0,1,0
50,0.94397,0.17887,0.96077,0.96006,0.92175,1.75053,1,0,1,0
50,-0.18550,-0.40892,0.44903,0.97744,0.09935,1.55301,1,0,0,0
50,0.57677,-0.60221,0.83386,0.99265,0.45726,1.84648,1,0,0,0
50,0.50051,0.95982,1.08249,0.05005,0.99745,1.23379,1,0,0,0
50,-0.54529,-0.35679,0.65164,0.97680,0.10784,1.56366,1,0,0,0
50,0.42750,0.89402,0.99098,0.05027,0.99732,1.23412,1,0,0,0
50,-0.41266,0.17807,0.44944,0.07515,0.08104,1.90235,1,0,1,0
50,0.65651,0.57638,0.87363,0.01881,0.79921,1.25228,1,0,0,0
50,0.19387,0.58537,0.61664,0.00857,0.67110,1.27655,1,0,0,0
50,-0.95101,-0.10994,0.95734,0.07355,0.11593,1.90106,1,0,1,0
50,-0.85473,0.88897,1.23322,0.00450,0.98522,1.17638,1,0,0,0
50,0.39068,0.72678,0.82513,0.05171,0.76717,1.32008,1,0,0,0
50,0.03235,-0.93246,0.93302,0.99242,0.75870,1.81606,1,0,1,0
50,0.50302,0.33752,0.60576,0.00956,0.75336,1.25104,1,0,0,0
50,-0.32162,-0.79672,0.85919,0.99077,0.96674,1.73125,1,0,1,0
50,-0.82111,-0.88118,1.20445,0.97591,0.98905,1.72387,1,0,1,0
50,-0.54327,-0.29608,0.61871,0.97644,0.10706,1.56296,1,0,0,0
50,0.13236,-0.44933,0.46842,0.99207,0.03354,1.45818,1,0,0,0
50,-0.60630,0.70990,0.93357,0.00468,0.98439,1.17685,1,0,0,0
50,0.27227,0.95896,0.99686,0.00735,0.99201,1.17845,1,0,0,0
50,-0.12126,0.66366,0.67464,0.00492,0.69965,1.25949,1,0,0,0
50,0.51253,0.22585,0.56009,0.21004,0.74430,1.56790,1,0,0,0
50,0.60057,0.81465,1.01209,0.05186,0.80679,1.30388,1,0,0,0
50,0.07559,-0.89076,0.89396,0.99241,0.75161,1.82165,1,0,1,0
50,-0.16214,-0.98626,0.99950,0.99240,0.99159,1.72285,1,0,1,0
50,0.74557,-0.97605,1.22823,0.99293,0.92963,1.74350,1,0,1,0
50,0.99747,0.89742,1.34176,0.05301,0.97820,1.24406,1,0,0,0
50,-0.73464,-0.31157,0.79798,0.97252,0.11228,1.57168,1,0,0,0
50,0.33907,0.90722,0.96851,0.04974,0.99189,1.23521,1,0,0,0
50,-0.21320,-0.35084,0.41054,0.97710,0.09930,1.55315,1,0,0,0
50,-0.68965,-0.02470,0.69009,0.08013,0.10772,1.92511,1,0,1,0
50,0.29905,-0.73678,0.79515,0.99236,0.19212,1.63896,1,0,0,0
50,0.67683,0.18029,0.70043,0.22135,0.77325,1.56212,1,0,0,0
50,0.64705,0.73344,0.97806,0.05299,0.92042,1.26371,1,0,0,0
50,-0.17660,0.63167,0.65590,0.00492,0.69753,1.26017,1,0,0,0
50,0.45356,0.71339,0.84536,0.05219,0.77755,1.31648,1,0,0,0
50,-0.63085,0.25353,0.67989,0.07127,0.08404,1.89798,1,0,1,0
50,0.52098,0.88908,1.03047,0.05075,0.99741,1.23472,1,0,0,0
50,0.45000,-0.01659,0.45030,0.96247,0.01567,1.44409,1,0,0,0
50,-0.50394,-0.01172,0.50408,0.08144,0.10252,1.92720,1,0,1,0
50,0.93365,0.48021,1.04991,0.05165,0.97652,1.24281,1,0,0,0
50,-0.91744,0.56249,1.07614,0.00763,0.98397,1.18102,1,0,0,0
50,0.29468,-0.27053,0.40003,0.99094,0.03293,1.45780,1,0,0,0
50,0.62693,0.09380,0.63391,0.96047,0.75598,1.81892,1,0,1,0
50,0.64298,0.45549,0.78797,0.01941,0.78889,1.25675,1,0,0,0
50,-0.04760,-0.65336,0.65509,0.99220,0.71206,1.85977,1,0,1,0
50,0.81543,-0.15272,0.82961,0.96551,0.77109,1.80657,1,0,1,0
50,0.64264,-0.59973,0.87901,0.99266,0.92529,1.74494,1,0,1,0
50,-0.32882,-0.33778,0.47140,0.97692,0.10204,1.55661,1,0,0,0
50,-0.71801,0.07042,0.72145,0.07649,0.10734,1.91390,1,0,1,0
50,-0.70649,0.16773,0.72613,0.07340,0.08414,1.90206,1,0,1,0
50,0.97757,0.09552,0.98222,0.96183,0.92153,1.74994,1,0,1,0
50,-0.53141,-0.97571,1.11103,0.95636,0.97184,1.73166,1,0,1,0
50,0.13697,-0.46347,0.48329,0.99208,0.03359,1.45824,1,0,0,0
50,-0.68795,-0.65956,0.95304,0.97505,0.96876,1.73084,1,0,1,0
50,-0.14461,0.48016,0.50146,0.00506,0.67128,1.26908,1,0,0,0
50,0.40558,-0.62141,0.74205,0.99229,0.19143,1.63840,1,0,0,0
50,0.37346,0.48443,0.61167,0.00899,0.73973,1.25440,1,0,0,0
50,0.18195,0.51431,0.54554,0.00871,0.07448,1.40687,1,0,1,0
50,0.06326,-0.96197,0.96405,0.99245,0.76215,1.81348,1,0,1,0
50,-0.35682,0.53334,0.64169,0.00491,0.69132,1.26218,1,0,0,0
50,-0.72042,-0.69177,0.99878,0.97517,0.98817,1.72418,1,0,1,0
50,-0.59836,-0.35253,0.69449,0.97672,0.10917,1.56529,1,0,0,0
50,-0.77936,-0.49419,0.92284,0.97385,0.98733,1.72448,1,0,1,0
50,-0.17604,0.87625,0.89375,0.00475,0.73079,1.24923,1,0,0,0
50,0.52882,0.04859,0.53105,0.96099,0.03410,1.47287,1,0,0,0
50,-0.99613,-0.41862,1.08052,0.97284,0.98750,1.72442,1,0,1,0
50,0.99636,-0.60891,1.16769,0.99128,0.92851,1.74393,1,0,1,0
50,0.46629,0.03551,0.46764,0.96160,0.01573,1.44453,1,0,0,0
50,0.92708,0.14654,0.93859,0.96065,0.92042,1.75080,1,0,1,0
50,-0.40749,0.62855,0.74908,0.00482,0.70830,1.25650,1,0,0,0
50,0.01574,-0.83825,0.83840,0.99236,0.74474,1.82739,1,0,1,0
50,0.08768,-0.64571,0.65164,0.99223,0.70604,1.86820,1,0,1,0
50,-0.33757,0.78905,0.85823,0.00474,0.72689,1.25044,1,0,0,0
50,0.32584,0.36390,0.48846,0.00925,0.03050,1.57716,1,0,1,0
50,-0.43131,-0.93807,1.03247,0.99092,0.97040,1.73001,1,0,1,0
50,-0.82807,0.22523,0.85816,0.07095,0.97965,1.26705,1,0,0,0
50,0.65914,0.96052,1.16493,0.05078,0.99757,1.23470,1,0,0,0
50,0.12075,-0.52646,0.54013,0.99214,0.07930,1.51946,1,0,0,0
50,0.07442,0.63729,0.64162,0.00504,0.68585,1.26422,1,0,0,0
50,0.89798,0.75245,1.17156,0.04771,0.97721,1.23734,1,0,0,0
50,-0.06430,-0.70583,0.70875,0.99224,0.72317,1.84680,1,0,1,0
50,0.90399,-0.62374,1.09830,0.99181,0.92791,1.74411,1,0,1,0
50,0.40331,-0.17178,0.43837,0.99062,0.03290,1.45789,1,0,0,0
50,-0.64440,0.90913,1.11435,0.00456,0.98517,1.17647,1,0,0,0
50,-0.60009,0.32875,0.68424,0.06928,0.08435,1.89374,1,0,1,0
50,-0.67886,0.23432,0.71817,0.07156,0.08441,1.89869,1,0,1,0
50,-0.78759,-0.81308,1.13199,0.97566,0.98878,1.72397,1,0,1,0
50,0.85618,-0.81755,1.18382,0.99285,0.92919,1.74365,1,0,1,0
51,0.34768,-0.03876,0.34983,0.94126,0.01165,1.40380,1,1,1,1
51,0.06440,-0.33708,0.34317,0.92581,0.01955,1.42070,1,1,1,1
51,0.21386,-0.15145,0.26206,0.90630,0.01164,1.41404,1,1,1,1
51,-0.36688,0.15619,0.39874,0.01282,0.20125,1.45963,1,1,1,1
51,0.21430,0.30347,0.37151,0.01116,0.01269,1.89812,1,1,1,1
51,0.28319,0.14042,0.31609,0.01187,0.01265,1.90189,1,1,1,1
51,0.21834,0.08012,0.23258,0.01211,0.01262,1.90273,1,1,1,1
51,0.22933,0.22049,0.31814,0.01144,0.01267,1.89990,1,1,1,1
51,-0.21500,0.14298,0.25820,0.01303,0.02089,1.85256,1,1,1,1
51,0.27981,-0.27202,0.39025,0.94406,0.01164,1.40294,1,1,1,1
51,-0.07556,-0.26766,0.27812,0.92296,0.01957,1.42167,1,1,1,1
51,-0.26010,0.01146,0.26035,0.09847,0.02226,1.64193,1,1,1,1
51,0.11405,-0.21264,0.24129,0.95050,0.02238,1.41656,1,1,1,1
51,0.07499,0.13827,0.15729,0.01182,0.01262,1.90180,1,1,1,1
51,-0.24427,0.31304,0.39706,0.01204,0.01302,1.90148,1,1,1,1
51,0.14323,0.29336,0.32646,0.01113,0.01267,1.89795,1,1,1,1
51,0.01804,-0.27207,0.27267,0.92376,0.01955,1.42138,1,1,1,1
51,-0.11989,-0.30705,0.32963,0.92375,0.01958,1.42143,1,1,1,1
51,-0.14004,0.15660,0.21008,0.01300,0.01260,1.90383,1,1,1,1
51,0.07161,-0.12150,0.14104,0.91971,0.01255,1.41159,1,1,1,1
51,-0.17447,0.17024,0.24376,0.01289,0.02090,1.85021,1,1,1,1
51,-0.11289,0.24415,0.26899,0.01249,0.01263,1.90352,1,1,1,1
51,0.10759,0.20689,0.23319,0.01150,0.01265,1.90029,1,1,1,1
51,0.06042,0.31320,0.31898,0.01095,0.01267,1.89669,1,1,1,1
51,0.12519,-0.11070,0.16711,0.90337,0.01256,1.41627,1,1,1,1
51,0.17711,0.07210,0.19123,0.01211,0.01262,1.90275,1,1,1,1
51,-0.22751,-0.21644,0.31402,0.92025,0.02276,1.42790,1,1,1,1
51,-0.08728,-0.16163,0.18369,0.91968,0.01956,1.42273,1,1,1,1
51,0.19482,-0.26368,0.32785,0.95139,0.01163,1.40066,1,1,1,1
51,0.14874,0.33647,0.36788,0.01094,0.01269,1.89655,1,1,1,1
51,0.24990,-0.30432,0.39377,0.95203,0.01164,1.40047,1,1,1,1
51,-0.10932,0.01535,0.11039,0.09901,0.01257,1.52989,1,1,1,1
51,-0.28413,0.16253,0.32734,0.01285,0.01299,1.90381,1,1,1,1
51,-0.07328,-0.30760,0.31621,0.92409,0.01957,1.42130,1,1,1,1
51,-0.06627,0.00300,0.06634,0.61517,0.01257,1.52619,1,1,1,1
51,0.10605,-0.27548,0.29519,0.95132,0.02239,1.41628,1,1,1,1
51,0.31428,0.18910,0.36679,0.02961,0.01267,1.77436,1,1,1,1
51,-0.30425,-0.09346,0.31828,0.61696,0.02277,1.55379,1,1,1,1
51,-0.15029,0.06193,0.16255,0.02122,0.02090,1.91055,1,1,1,1
51,0.09039,-0.30155,0.31481,0.92505,0.02240,1.42559,1,1,1,1
51,0.21037,0.08645,0.22744,0.01207,0.01262,1.90262,1,1,1,1
51,-0.38709,-0.03557,0.38872,0.09970,0.02247,1.64178,1,1,1,1
51,0.31939,0.03498,0.32130,0.57272,0.01262,1.51040,1,1,1,1
51,-0.15906,0.09504,0.18529,0.01340,0.02090,1.85829,1,1,1,1
51,-0.31797,0.11760,0.33902,0.01311,0.01299,1.90407,1,1,1,1
51,0.23771,-0.06487,0.24640,0.94090,0.01259,1.40528,1,1,1,1
51,-0.11365,0.34885,0.36690,0.01418,0.01266,1.90205,1,1,1,1
51,0.26263,0.04261,0.26607,0.57022,0.01262,1.50954,1,1,1,1
51,0.27070,0.04782,0.27489,0.57030,0.01262,1.50958,1,1,1,1
51,0.02724,-0.03400,0.04356,0.91648,0.01257,1.41256,1,1,1,1
51,0.22904,-0.15640,0.27734,0.90672,0.01164,1.41392,1,1,1,1
51,-0.16307,-0.30565,0.34643,0.92339,0.02275,1.42677,1,1,1,1
51,0.07915,-0.22805,0.24139,0.92295,0.02239,1.42633,1,1,1,1
51,-0.08343,0.36749,0.37684,0.01412,0.01267,1.90226,1,1,1,1
51,0.23624,-0.27651,0.36368,0.95165,0.01164,1.40058,1,1,1,1
51,-0.11825,-0.28240,0.30616,0.92306,0.01958,1.42165,1,1,1,1
51,-0.11320,-0.30840,0.32851,0.92383,0.01958,1.42140,1,1,1,1
51,0.33863,-0.19337,0.38995,0.94342,0.01165,1.40314,1,1,1,1
51,-0.23617,0.01618,0.23673,0.09839,0.01391,1.54713,1,1,1,1
51,0.19081,-0.32424,0.37622,0.95214,0.01163,1.40042,1,1,1,1
51,-0.26759,0.01240,0.26787,0.09839,0.02227,1.64222,1,1,1,1
51,0.33556,0.18454,0.38296,0.02974,0.01267,1.77337,1,1,1,1
51,0.14570,-0.37094,0.39853,0.95260,0.01240,1.40136,1,1,1,1
51,-0.08318,0.24866,0.26220,0.01249,0.01264,1.90351,1,1,1,1
51,0.23991,-0.08424,0.25427,0.94121,0.01164,1.40380,1,1,1,1
51,0.29106,0.18785,0.34642,0.01164,0.01266,1.90092,1,1,1,1
51,0.15144,0.20345,0.25363,0.01157,0.01265,1.90064,1,1,1,1
51,-0.27899,-0.12255,0.30472,0.91678,0.02276,1.42914,1,1,1,1
51,0.21838,0.29263,0.36513,0.01122,0.01268,1.89849,1,1,1,1
51,0.07360,-0.23741,0.24856,0.92318,0.02239,1.42625,1,1,1,1
51,-0.00026,-0.05820,0.05820,0.91706,0.01256,1.41238,1,1,1,1
51,-0.13113,0.05490,0.14216,0.02135,0.01258,1.84822,1,1,1,1
51,0.28391,-0.21639,0.35697,0.94339,0.01164,1.40314,1,1,1,1
51,-0.32260,0.11201,0.34149,0.01314,0.02242,1.83977,1,1,1,1
51,0.24429,0.13349,0.27838,0.01186,0.01264,1.90190,1,1,1,1
51,0.07283,-0.33155,0.33945,0.92573,0.01955,1.42072,1,1,1,1
51,0.24730,0.20584,0.32176,0.01152,0.01266,1.90034,1,1,1,1
51,0.04294,0.21063,0.21497,0.01140,0.01264,1.89980,1,1,1,1
51,-0.07749,-0.01101,0.07827,0.61542,0.01256,1.52628,1,1,1,1
51,-0.25914,0.16765,0.30864,0.01284,0.01298,1.90380,1,1,1,1
51,0.30530,-0.20327,0.36678,0.94335,0.01164,1.40316,1,1,1,1
51,0.16929,0.01400,0.16986,0.56786,0.01260,1.50872,1,1,1,1
51,0.15932,0.00514,0.15941,0.89990,0.01260,1.41730,1,1,1,1
51,0.03321,-0.16658,0.16986,0.92080,0.02240,1.42709,1,1,1,1
51,0.09615,-0.03909,0.10380,0.90028,0.01257,1.41716,1,1,1,1
51,0.30161,0.14695,0.33550,0.01185,0.01265,1.90182,1,1,1,1
51,-0.14764,-0.24592,0.28683,0.92178,0.02272,1.42730,1,1,1,1
51,-0.36439,-0.14927,0.39378,0.91691,0.02282,1.42919,1,1,1,1
51,0.35173,0.13745,0.37763,0.01813,0.01266,1.87819,1,1,1,1
51,0.00337,-0.13757,0.13761,0.91966,0.02240,1.42750,1,1,1,1
51,-0.19296,0.32204,0.37542,0.01202,0.02089,1.83465,1,1,1,1
51,-0.05754,0.22825,0.23539,0.01483,0.01263,1.89954,1,1,1,1
51,-0.32787,-0.19405,0.38099,0.91870,0.02281,1.42854,1,1,1,1
51,0.00973,0.38928,0.38940,0.01409,0.01269,1.90240,1,1,1,1
51,-0.32267,-0.04757,0.32616,0.61624,0.02234,1.55240,1,1,1,1
51,0.06302,-0.33603,0.34189,0.92578,0.01955,1.42071,1,1,1,1
51,-0.23306,-0.22234,0.32210,0.92039,0.02276,1.42786,1,1,1,1
51,-0.07501,0.06966,0.10237,0.01366,0.01259,1.90307,1,1,1,1
51,-0.14673,0.11690,0.18760,0.01326,0.01259,1.90367,1,1,1,1
51,-0.23087,0.32629,0.39971,0.01198,0.02089,1.83383,1,1,1,1
51,-0.33131,0.11088,0.34938,0.01314,0.02244,1.83962,1,1,1,1
51,-0.08993,-0.35660,0.36776,0.92530,0.02148,1.42399,1,1,1,1
51,-0.32870,-0.18191,0.37568,0.91831,0.02281,1.42867,1,1,1,1
51,-0.16513,0.12437,0.20673,0.01319,0.02090,1.85513,1,1,1,1
51,-0.19853,-0.23872,0.31049,0.92116,0.02275,1.42756,1,1,1,1
51,-0.19304,0.21732,0.29068,0.01259,0.02089,1.84511,1,1,1,1
51,-0.17697,-0.19709,0.26489,0.92006,0.02273,1.42791,1,1,1,1
51,-0.32981,-0.07300,0.33779,0.61666,0.02278,1.55370,1,1,1,1
51,0.18424,0.23918,0.30191,0.01143,0.01266,1.89986,1,1,1,1
51,-0.13880,-0.30280,0.33309,0.92349,0.02274,1.42671,1,1,1,1
51,-0.24616,-0.12923,0.27802,0.91729,0.02274,1.42893,1,1,1,1
51,0.32055,-0.02272,0.32136,0.94082,0.01165,1.40393,1,1,1,1
51,-0.32807,-0.11135,0.34645,0.91596,0.02279,1.42947,1,1,1,1
51,0.17094,-0.17779,0.24663,0.90639,0.01163,1.41401,1,1,1,1
51,-0.11668,-0.11197,0.16171,0.91784,0.01956,1.42333,1,1,1,1
51,-0.24664,-0.20280,0.31931,0.91967,0.02277,1.42812,1,1,1,1
51,0.01723,0.23257,0.23321,0.01126,0.01264,1.89899,1,1,1,1
51,0.32339,0.14914,0.35612,0.03022,0.01266,1.76904,1,1,1,1
51,-0.34642,-0.13690,0.37249,0.91666,0.02280,1.42925,1,1,1,1
51,-0.36288,0.11788,0.38155,0.01307,0.02250,1.83775,1,1,1,1
51,0.20800,0.06687,0.21848,0.56700,0.01262,1.50850,1,1,1,1
51,-0.28655,-0.24951,0.37995,0.92079,0.02280,1.42778,1,1,1,1
51,0.15947,-0.21763,0.26980,0.95069,0.01163,1.40087,1,1,1,1
51,0.08989,-0.22244,0.23992,0.92287,0.02239,1.42635,1,1,1,1
51,0.02196,-0.39237,0.39298,0.92695,0.02151,1.42347,1,1,1,1
51,-0.35990,0.15392,0.39143,0.01284,0.20093,1.45983,1,1,1,1
51,0.13579,-0.35242,0.37767,0.95236,0.01239,1.40142,1,1,1,1
51,0.24427,0.26137,0.35774,0.01128,0.01268,1.89889,1,1,1,1
51,-0.10858,0.32071,0.33860,0.01431,0.01265,1.90160,1,1,1,1
51,-0.24798,-0.05962,0.25505,0.61637,0.02273,1.55345,1,1,1,1
51,-0.12193,-0.23201,0.26210,0.92156,0.01958,1.42214,1,1,1,1
51,-0.01001,-0.39393,0.39406,0.92678,0.02152,1.42356,1,1,1,1
51,0.12317,-0.06031,0.13714,0.90157,0.01257,1.41679,1,1,1,1
51,0.28573,-0.14246,0.31928,0.94238,0.01164,1.40345,1,1,1,1
51,0.17838,0.04097,0.18303,0.56701,0.01261,1.50847,1,1,1,1
51,0.00026,-0.06548,0.06548,0.91731,0.01256,1.41230,1,1,1,1
51,-0.26758,0.29085,0.39521,0.01213,0.01303,1.90187,1,1,1,1
51,-0.25004,0.00792,0.25017,0.09865,0.02224,1.64136,1,1,1,1
51,0.18574,0.26873,0.32668,0.01129,0.01267,1.89901,1,1,1,1
51,-0.03547,-0.01436,0.03827,0.91525,0.01257,1.41291,1,1,1,1
51,0.13061,0.01923,0.13202,0.59221,0.01260,1.51731,1,1,1,1
51,0.11147,-0.08085,0.13770,0.90207,0.01256,1.41664,1,1,1,1
51,-0.24857,0.04244,0.25217,0.02136,0.02225,1.91034,1,1,1,1
51,-0.06363,-0.38589,0.39110,0.92624,0.02153,1.42375,1,1,1,1
51,-0.10550,-0.33152,0.34790,0.92452,0.01958,1.42117,1,1,1,1
51,-0.24875,0.10168,0.26873,0.01327,0.02089,1.85647,1,1,1,1
51,-0.20739,0.21039,0.29542,0.01262,0.02089,1.84565,1,1,1,1
51,-0.02554,-0.07252,0.07688,0.91732,0.01255,1.41229,1,1,1,1
51,0.01901,-0.04592,0.04970,0.91681,0.01256,1.41246,1,1,1,1
51,-0.25405,-0.17624,0.30919,0.91876,0.02276,1.42844,1,1,1,1
51,-0.17655,-0.05689,0.18549,0.61626,0.02268,1.55330,1,1,1,1
51,0.20210,0.11915,0.23461,0.01189,0.01263,1.90204,1,1,1,1
51,0.29086,0.02944,0.29235,0.57188,0.01262,1.51010,1,1,1,1
51,-0.16619,-0.35961,0.39616,0.92486,0.02277,1.42628,1,1,1,1
51,0.31861,-0.09333,0.33200,0.94188,0.01165,1.40361,1,1,1,1
51,0.10869,0.35731,0.37348,0.01081,0.01269,1.89552,1,1,1,1
51,-0.01391,-0.30853,0.30884,0.92453,0.01956,1.42114,1,1,1,1
51,-0.03982,-0.27113,0.27404,0.92332,0.01956,1.42154,1,1,1,1
51,0.29082,-0.11472,0.31263,0.94201,0.01164,1.40356,1,1,1,1
51,-0.12058,-0.02222,0.12261,0.61564,0.01256,1.52635,1,1,1,1
51,-0.02604,0.03327,0.04225,0.09870,0.01258,1.53043,1,1,1,1
51,0.26736,-0.27623,0.38443,0.94405,0.01164,1.40294,1,1,1,1
51,0.22325,0.31721,0.38790,0.01111,0.01269,1.89774,1,1,1,1
51,0.23012,-0.00578,0.23019,0.57108,0.01260,1.50978,1,1,1,1
51,-0.20348,0.18769,0.27682,0.01276,0.02089,1.84804,1,1,1,1
51,0.08439,0.28361,0.29590,0.01110,0.01267,1.89785,1,1,1,1
51,0.10866,-0.03608,0.11449,0.90042,0.01258,1.41712,1,1,1,1
51,-0.01905,0.36690,0.36739,0.01417,0.01268,1.90215,1,1,1,1
51,0.08233,0.35158,0.36109,0.01081,0.01268,1.89551,1,1,1,1
51,-0.12736,0.17993,0.22045,0.01287,0.01261,1.90383,1,1,1,1
51,0.23733,0.06740,0.24671,0.56813,0.01262,1.50887,1,1,1,1
51,-0.22870,0.08157,0.24281,0.01343,0.02089,1.85884,1,1,1,1
51,0.25845,0.17934,0.31457,0.01165,0.01266,1.90100,1,1,1,1
51,0.02865,0.00869,0.02994,0.36706,0.01258,1.49821,1,1,1,1
51,-0.13512,0.19774,0.23950,0.01275,0.01262,1.90378,1,1,1,1
51,0.04153,-0.20279,0.20700,0.92194,0.02240,1.42669,1,1,1,1
51,0.03344,0.25944,0.26159,0.01116,0.01265,1.89827,1,1,1,1
51,0.30625,0.11031,0.32551,0.01204,0.01264,1.90249,1,1,1,1
51,-0.17462,-0.14011,0.22388,0.91827,0.02271,1.42852,1,1,1,1
51,0.25747,0.20275,0.32772,0.01154,0.01266,1.90045,1,1,1,1
51,-0.07145,-0.09123,0.11588,0.91755,0.01955,1.42341,1,1,1,1
51,0.03709,-0.18052,0.18429,0.92125,0.02240,1.42694,1,1,1,1
51,0.19342,-0.05218,0.20033,0.90261,0.01258,1.41652,1,1,1,1
51,-0.13943,-0.10050,0.17187,0.91727,0.01957,1.42352,1,1,1,1
51,-0.13919,0.05880,0.15110,0.02128,0.01258,1.84887,1,1,1,1
51,-0.21392,0.92028,0.94482,0.00851,0.76186,1.24900,1,0,0,0
51,0.17657,-0.64864,0.67225,0.97330,0.51531,1.72335,1,0,1,0
51,0.33564,-0.45145,0.56255,0.94664,0.08322,1.51377,1,0,0,0
51,0.01182,-0.82839,0.82847,0.97420,0.54343,1.72307,1,0,1,0
51,0.54619,-0.60565,0.81556,0.94902,0.97511,1.63874,1,0,1,0
51,-0.57586,0.49634,0.76025,0.01109,0.21401,1.44452,1,0,1,0
51,-0.15931,-0.43624,0.46442,0.92689,0.02167,1.42376,1,0,0,0
51,-0.52677,-0.49731,0.72444,0.92596,0.84599,1.67975,1,0,1,0
51,-0.55046,0.22716,0.59549,0.01228,0.20979,1.45425,1,0,1,0
51,-0.86003,0.82053,1.18867,0.01015,0.93128,1.19953,1,0,0,0
51,0.32145,-0.74095,0.80768,0.97378,0.52914,1.72333,1,0,1,0
51,0.45883,0.08456,0.46656,0.96765,0.06628,1.47378,1,0,0,0
51,-0.08869,0.96563,0.96969,0.00850,0.76913,1.24673,1,0,0,0
51,-0.63402,0.35784,0.72803,0.01160,0.21462,1.44831,1,0,1,0
51,-0.10211,-0.99275,0.99799,0.97492,0.89002,1.66030,1,0,1,0
51,0.12338,-0.51878,0.53325,0.95418,0.49329,1.73241,1,0,0,0
51,-0.51041,-0.77295,0.92627,0.93233,0.90707,1.66138,1,0,1,0
51,0.15527,-0.79537,0.81039,0.97404,0.53812,1.72320,1,0,1,0
51,0.80897,0.14282,0.82148,0.96741,0.51951,1.72643,1,0,1,0
51,0.48520,0.71632,0.86518,0.02461,0.09381,1.65887,1,0,1,0
51,0.66830,0.44201,0.80125,0.01614,0.99489,1.18789,1,0,0,0
51,-0.62153,-0.61820,0.87662,0.92832,0.85158,1.67787,1,0,1,0
51,-0.55681,-0.48843,0.74068,0.92551,0.84619,1.67977,1,0,1,0
51,-0.01067,-0.70355,0.70363,0.97356,0.52508,1.72340,1,0,1,0
51,0.46330,-0.41518,0.62212,0.94679,0.09619,1.53251,1,0,0,0
51,0.35425,-0.88670,0.95485,0.97441,0.54986,1.72285,1,0,1,0
51,0.86157,-0.01074,0.86164,0.96879,0.52837,1.72583,1,0,1,0
51,0.91498,0.87301,1.26465,0.01403,0.99552,1.18505,1,0,0,0
51,-0.65696,0.56909,0.86917,0.01082,0.21786,1.44177,1,0,1,0
51,0.70711,-0.62066,0.94087,0.94965,0.97610,1.63837,1,0,1,0
51,-0.32052,-0.89157,0.94744,0.93657,0.88701,1.66673,1,0,1,0
51,-0.03882,0.83817,0.83907,0.00870,0.76239,1.24915,1,0,0,0
51,-0.90034,-0.51711,1.03828,0.92366,0.87335,1.67237,1,0,1,0
51,0.61456,0.38663,0.72606,0.01646,0.10286,1.54999,1,0,1,0
51,-0.00961,-0.66840,0.66847,0.97337,0.51951,1.72341,1,0,1,0
51,-0.00148,0.80455,0.80455,0.00877,0.76137,1.24959,1,0,0,0
51,-0.26967,-0.50481,0.57232,0.92787,0.19766,1.65606,1,0,0,0
51,-0.74255,-0.61655,0.96515,0.92746,0.85324,1.67753,1,0,1,0
51,-0.55175,-0.65902,0.85950,0.92970,0.85180,1.67760,1,0,1,0
51,0.27370,-0.32062,0.42156,0.94470,0.01164,1.40274,1,0,0,0
51,0.30471,0.69215,0.75625,0.02452,0.76461,1.27531,1,0,0,0
51,-0.77043,-0.02701,0.77091,0.09758,0.21536,1.93917,1,0,1,0
51,-0.62908,-0.95709,1.14532,0.93509,0.91068,1.65998,1,0,1,0
51,0.46551,0.15367,0.49022,0.01812,0.06623,1.65704,1,0,1,0
51,0.48199,-0.36816,0.60651,0.94633,0.09645,1.53330,1,0,0,0
51,-0.49729,-0.94903,1.07142,0.93678,0.90954,1.66011,1,0,1,0
51,-0.72899,0.95669,1.20278,0.00831,0.93068,1.19721,1,0,0,0
51,-0.40094,-0.20464,0.45014,0.91842,0.02285,1.42872,1,0,0,0
51,-0.74057,0.14443,0.75452,0.01261,0.21619,1.45569,1,0,1,0
51,0.69058,0.13463,0.70358,0.96838,0.50647,1.72559,1,0,1,0
51,0.39200,0.62400,0.73691,0.02513,0.76298,1.27690,1,0,0,0
51,0.96546,0.25852,0.99947,0.13583,0.97559,1.33507,1,0,0,0
51,-0.26779,-0.63210,0.68649,0.93076,0.11420,1.57280,1,0,0,0
51,-0.73155,-0.94609,1.19593,0.93442,0.91128,1.65987,1,0,1,0
51,0.16218,-0.78715,0.80369,0.97401,0.53689,1.72323,1,0,1,0
51,-0.49014,-0.23572,0.54388,0.91864,0.03629,1.45329,1,0,0,0
51,0.89658,0.40936,0.98561,0.01644,0.97551,1.19426,1,0,0,0
51,0.63299,-0.78314,1.00697,0.95064,0.97637,1.63819,1,0,1,0
51,-0.75049,-0.77811,1.08106,0.93109,0.90924,1.66087,1,0,1,0
51,-0.04447,0.94873,0.94977,0.00854,0.76953,1.24667,1,0,0,0
51,-0.83601,0.96744,1.27861,0.00990,0.93173,1.19905,1,0,0,0
51,-0.57570,0.85309,1.02917,0.00848,0.11693,1.44279,1,0,1,0
51,-0.34389,0.33626,0.48097,0.01186,0.10938,1.48801,1,0,1,0
51,0.70096,-0.93441,1.16810,0.95170,0.99824,1.63117,1,0,1,0
51,-0.88109,-0.65797,1.09966,0.92750,0.85616,1.67672,1,0,1,0
51,0.85029,0.50044,0.98663,0.01578,0.97541,1.19345,1,0,0,0
51,0.95673,0.06769,0.95912,0.96858,0.53643,1.72592,1,0,1,0
51,0.32220,0.65255,0.72776,0.02481,0.76243,1.27657,1,0,0,0
51,0.62094,-0.65801,0.90473,0.94969,0.97579,1.63846,1,0,1,0
51,0.61776,-0.91976,1.10796,0.95145,0.99820,1.63120,1,0,1,0
51,0.32390,-0.85120,0.91074,0.97427,0.54519,1.72301,1,0,1,0
51,-0.41687,-0.61125,0.73987,0.92945,0.84812,1.67864,1,0,1,0
51,0.46899,0.47842,0.66996,0.02651,0.08894,1.69096,1,0,1,0
51,0.76471,-0.77731,1.09041,0.95092,0.97699,1.63797,1,0,1,0
51,-0.16698,0.74640,0.76485,0.00880,0.34873,1.38603,1,0,1,0
51,0.58494,-0.64457,0.87042,0.94947,0.97552,1.63857,1,0,1,0
51,-0.86318,-0.14541,0.87534,0.61808,0.87151,1.69441,1,0,1,0
51,-0.41245,-0.50179,0.64955,0.92687,0.77138,1.70321,1,0,1,0
51,-0.86106,0.07866,0.86464,0.02006,0.21984,1.51249,1,0,1,0
51,0.37336,-0.49831,0.62267,0.94733,0.08399,1.51434,1,0,0,0
51,0.52614,-0.77121,0.93359,0.95027,0.97335,1.63917,1,0,1,0
51,0.49963,-0.98275,1.10246,0.95154,0.97551,1.63838,1,0,1,0
51,-0.56978,-0.77959,0.96561,0.93214,0.90773,1.66120,1,0,1,0
51,-0.57053,0.33793,0.66310,0.01173,0.21193,1.44968,1,0,1,0
51,-0.70307,0.44958,0.83452,0.01121,0.21821,1.44462,1,0,1,0
51,-0.38970,0.24891,0.46240,0.01228,0.20343,1.45509,1,0,1,0
51,-0.57696,-0.64438,0.86494,0.92922,0.85173,1.67769,1,0,1,0
51,0.42833,0.18121,0.46509,0.01784,0.01268,1.88083,1,0,1,0
51,0.67490,0.56822,0.88225,0.01524,0.99502,1.18672,1,0,0,0
51,0.48336,0.96171,1.07635,0.03501,0.78702,1.28446,1,0,0,0
51,-0.97029,-0.96387,1.36766,0.93350,0.91298,1.65947,1,0,1,0
51,0.59075,-0.34582,0.68453,0.94655,0.50637,1.73677,1,0,1,0
51,-0.45172,-0.91948,1.02445,0.93650,0.88767,1.66655,1,0,1,0
51,0.37999,0.44648,0.58630,0.02666,0.06165,1.78260,1,0,1,0
51,-0.11719,-0.43266,0.44825,0.92707,0.02165,1.42366,1,0,0,0
51,-0.08681,0.71803,0.72326,0.00888,0.34974,1.38600,1,0,1,0
51,0.69471,-0.65605,0.95552,0.94989,0.97618,1.63832,1,0,1,0
51,-0.00845,0.45451,0.45459,0.01381,0.01270,1.90313,1,0,1,0
51,-0.32114,0.44289,0.54707,0.01141,0.11009,1.48196,1,0,1,0
51,0.50673,0.97201,1.09616,0.03499,0.63214,1.34460,1,0,0,0
51,0.58172,-0.47525,0.75117,0.94792,0.50835,1.73612,1,0,1,0
51,-0.50456,0.40484,0.64689,0.01147,0.21013,1.44801,1,0,1,0
51,-0.43364,-0.25997,0.50559,0.91990,0.03625,1.45252,1,0,0,0
51,-0.73853,-0.68121,1.00473,0.92903,0.85503,1.67681,1,0,1,0
51,0.13393,-0.93854,0.94805,0.97467,0.55752,1.72251,1,0,1,0
51,-0.25631,-0.61868,0.66967,0.93054,0.11345,1.57207,1,0,0,0
51,0.94215,0.49549,1.06450,0.01589,0.97594,1.19342,1,0,0,0
51,-0.38646,0.73625,0.83151,0.00872,0.11368,1.44745,1,0,1,0
51,-0.20957,-0.48046,0.52418,0.92766,0.02178,1.42368,1,0,0,0
51,-0.52840,0.65784,0.84378,0.01061,0.21409,1.44081,1,0,1,0
51,-0.50491,-0.01588,0.50516,0.09838,0.20488,1.94273,1,0,1,0
51,-0.92566,-0.21827,0.95105,0.61914,0.87313,1.69358,1,0,1,0
51,0.93919,0.07922,0.94253,0.96843,0.53445,1.72601,1,0,1,0
51,0.86484,-0.83150,1.19973,0.96607,0.97759,1.63628,1,0,1,0
51,-0.63667,-0.20981,0.67035,0.61895,0.17406,1.80931,1,0,0,0
51,-0.85708,-0.10423,0.86339,0.10012,0.80688,1.37386,1,0,0,0
51,0.64737,-0.18943,0.67451,0.96919,0.50913,1.72527,1,0,1,0
51,-0.42756,0.52949,0.68056,0.01104,0.11232,1.47573,1,0,1,0
51,0.84002,0.58582,1.02412,0.01526,0.99525,1.18668,1,0,0,0
51,-0.48528,0.33319,0.58865,0.01180,0.20847,1.45072,1,0,1,0
51,0.86687,-0.90305,1.25179,0.95186,0.97782,1.63762,1,0,1,0
51,-0.46277,-0.95848,1.06435,0.93706,0.88874,1.66617,1,0,1,0
51,0.82659,0.87766,1.20563,0.01398,0.99543,1.18502,1,0,0,0
51,-0.10851,-0.47715,0.48933,0.92820,0.02174,1.42341,1,0,0,0
51,-0.23229,0.37151,0.43816,0.01176,0.02089,1.82953,1,0,1,0
51,0.12968,-0.70372,0.71557,0.97359,0.52442,1.72338,1,0,1,0
51,0.26988,-0.60050,0.65836,0.95518,0.50669,1.73238,1,0,1,0
51,-0.67433,-0.08303,0.67942,0.61706,0.44399,1.88892,1,0,0,0
51,-0.91262,0.52549,1.05310,0.01087,0.22600,1.43997,1,0,1,0
51,-0.67752,0.24131,0.71921,0.01213,0.21493,1.45223,1,0,1,0
51,0.78239,-0.36165,0.86193,0.96359,0.52745,1.72843,1,0,1,0
51,0.51089,-0.53179,0.73743,0.94821,0.97451,1.63900,1,0,1,0
51,-0.44831,0.66373,0.80094,0.01061,0.11380,1.46965,1,0,1,0
51,0.14056,0.87887,0.89004,0.00870,0.77133,1.24640,1,0,0,0
51,-0.44747,-0.85548,0.96544,0.93418,0.90777,1.66095,1,0,1,0
51,0.03236,0.81426,0.81490,0.00876,0.76327,1.24899,1,0,0,0
51,-0.90219,-0.87973,1.26010,0.93227,0.91165,1.66001,1,0,1,0
51,0.32857,-0.68143,0.75650,0.94894,0.51975,1.73573,1,0,1,0
51,0.94461,-0.25908,0.97950,0.96343,0.54149,1.72839,1,0,1,0
51,-0.99497,0.56350,1.14346,0.01073,0.93131,1.20030,1,0,0,0
51,0.46071,0.41174,0.61788,0.01617,0.01635,1.90648,1,0,1,0
51,0.36528,-0.52799,0.64203,0.94761,0.08422,1.51444,1,0,0,0
51,0.61450,0.45686,0.76572,0.01601,0.08984,1.56623,1,0,1,0
51,0.67574,-0.24650,0.71930,0.96962,0.51360,1.72518,1,0,1,0
51,-0.75508,-0.96563,1.22580,0.93464,0.91167,1.65973,1,0,1,0
51,0.65695,-0.18043,0.68128,0.96917,0.51000,1.72531,1,0,1,0
51,0.80808,-0.72053,1.08267,0.95066,0.97698,1.63800,1,0,1,0
51,0.22960,-0.64093,0.68082,0.97326,0.51373,1.72332,1,0,1,0
51,0.53569,-0.27646,0.60282,0.94545,0.49837,1.73712,1,0,0,0
51,-0.59761,0.51875,0.79135,0.01101,0.21510,1.44368,1,0,1,0
51,0.03944,0.90852,0.90937,0.00862,0.76980,1.24674,1,0,0,0
51,0.76769,-0.10263,0.77452,0.96910,0.52042,1.72559,1,0,1,0
51,-0.21581,-0.38689,0.44301,0.92524,0.02280,1.42620,1,0,0,0
51,0.25903,0.33783,0.42570,0.02757,0.01270,1.79275,1,0,1,0
51,0.74592,-0.46227,0.87755,0.96411,0.97560,1.63710,1,0,1,0
51,0.04690,-0.45223,0.45466,0.92853,0.02162,1.42311,1,0,0,0
51,0.80494,0.57505,0.98925,0.01530,0.99520,1.18674,1,0,0,0
51,0.70661,0.82160,1.08366,0.01412,0.99526,1.18525,1,0,0,0
51,0.66089,0.49077,0.82319,0.01584,0.99493,1.18750,1,0,0,0
51,0.47368,0.59674,0.76188,0.02547,0.09137,1.67384,1,0,1,0
51,0.76702,0.84325,1.13991,0.01407,0.99534,1.18516,1,0,0,0
51,0.62789,-0.95873,1.14604,0.95168,0.99822,1.63118,1,0,1,0
51,-0.26533,-0.35319,0.44175,0.92397,0.02282,1.42668,1,0,0,0
51,0.36640,0.87698,0.95045,0.03538,0.77869,1.28815,1,0,0,0
51,0.69218,0.09510,0.69869,0.96870,0.50759,1.72547,1,0,1,0
51,-0.92259,0.36759,0.99312,0.01142,0.22483,1.44457,1,0,1,0
51,0.21682,-0.95981,0.98399,0.97474,0.55984,1.72240,1,0,1,0
51,-0.52263,0.13675,0.54023,0.01282,0.20755,1.45870,1,0,1,0
51,-0.18249,0.71869,0.74149,0.00884,0.34626,1.38718,1,0,1,0
51,-0.39952,0.24875,0.47062,0.01227,0.20384,1.45499,1,0,1,0
51,-0.72657,-0.00894,0.72663,0.09711,0.21390,1.93802,1,0,1,0
51,0.55341,-0.90008,1.05660,0.95119,0.99816,1.63124,1,0,1,0
51,0.99443,-0.70293,1.21778,0.96587,0.97769,1.63627,1,0,1,0
51,-0.98239,-0.33660,1.03845,0.62080,0.87463,1.69288,1,0,1,0
51,0.99593,0.10130,1.00107,0.96848,0.97536,1.63671,1,0,1,0
51,0.89999,0.09054,0.90454,0.96820,0.53024,1.72613,1,0,1,0
51,0.29986,0.63963,0.70643,0.02487,0.76064,1.27730,1,0,0,0
51,-0.20680,0.75017,0.77815,0.00877,0.34753,1.38640,1,0,1,0
51,-0.71665,-0.67124,0.98191,0.92894,0.85447,1.67698,1,0,1,0
51,-0.42746,0.11867,0.44362,0.01301,0.20335,1.46077,1,0,1,0
51,0.43406,0.53602,0.68973,0.02591,0.08979,1.68250,1,0,1,0
51,0.51773,0.66136,0.83991,0.02504,0.09303,1.66526,1,0,1,0
51,-0.44733,0.32393,0.55230,0.01186,0.20680,1.45145,1,0,1,0
51,-0.18821,-0.95035,0.96881,0.93790,0.88882,1.66603,1,0,1,0
51,-0.75943,0.68380,1.02192,0.01048,0.22262,1.43802,1,0,1,0
52,0.26424,-0.15210,0.30489,0.94496,0.12223,1.62000,1,1,1,1
52,0.22385,-0.20714,0.30499,0.97955,0.16144,1.72636,1,1,1,1
52,0.15697,0.00821,0.15719,0.82814,0.11147,1.69170,1,1,1,1
52,0.17107,-0.27248,0.32173,0.98044,0.16307,1.73003,1,1,1,1
52,0.05830,-0.04632,0.07446,0.94327,0.15240,1.72767,1,1,1,1
52,-0.24048,-0.26041,0.35446,0.97190,0.13027,1.64175,1,1,1,1
52,0.36042,-0.09212,0.37200,0.94467,0.12333,1.62185,1,1,1,1
52,-0.31020,0.24887,0.39770,0.00807,0.12142,1.51272,1,1,1,1
52,0.21529,0.27100,0.34611,0.02877,0.13322,1.95063,1,1,1,1
52,-0.11106,0.31112,0.33035,0.00807,0.09142,1.47221,1,1,1,1
52,-0.17640,-0.27604,0.32759,0.97224,0.15745,1.72158,1,1,1,1
52,-0.26863,-0.17109,0.31849,0.65023,0.12909,1.72463,1,1,1,1
52,0.06859,0.12519,0.14275,0.02862,0.08386,1.86326,1,1,1,1
52,-0.14102,0.32446,0.35378,0.00805,0.12152,1.51324,1,1,1,1
52,-0.36978,-0.11278,0.38659,0.64686,0.12864,1.72351,1,1,1,1
52,-0.19585,0.04539,0.20105,0.01245,0.05977,1.63133,1,1,1,1
52,0.04182,0.17559,0.18051,0.02822,0.12402,1.98179,1,1,1,1
52,0.09590,0.19509,0.21739,0.02903,0.12642,1.98096,1,1,1,1
52,0.00488,0.19819,0.19825,0.02801,0.12386,1.97999,1,1,1,1
52,0.07316,0.15244,0.16908,0.02842,0.12399,1.98441,1,1,1,1
52,-0.39180,0.04378,0.39423,0.01529,0.05990,1.68735,1,1,1,1
52,0.35405,0.03080,0.35539,0.83049,0.12736,1.73320,1,1,1,1
52,0.20492,-0.28821,0.35364,0.98055,0.16425,1.73321,1,1,1,1
52,0.05431,0.32011,0.32468,0.00942,0.13035,1.60213,1,1,1,1
52,-0.38745,0.07231,0.39413,0.01518,0.05994,1.68492,1,1,1,1
52,0.13254,0.34784,0.37224,0.02812,0.13391,1.94059,1,1,1,1
52,-0.33992,-0.09355,0.35256,0.64649,0.12824,1.72262,1,1,1,1
52,0.32405,0.22655,0.39538,0.02927,0.13472,1.95109,1,1,1,1
52,0.07123,-0.32316,0.33092,0.97341,0.16332,1.73892,1,1,1,1
52,0.31633,0.21214,0.38088,0.02935,0.13387,1.95508,1,1,1,1
52,-0.18577,0.31242,0.36348,0.00805,0.12172,1.51541,1,1,1,1
52,-0.29824,0.00030,0.29825,0.01546,0.05977,1.69109,1,1,1,1
52,0.04425,0.00485,0.04451,0.71090,0.05093,1.54764,1,1,1,1
52,0.01874,-0.13487,0.13616,0.97416,0.15521,1.71274,1,1,1,1
52,-0.17182,-0.21027,0.27154,0.97189,0.15502,1.71403,1,1,1,1
52,0.06949,-0.14027,0.15654,0.97430,0.15626,1.71589,1,1,1,1
52,0.24642,-0.05227,0.25190,0.94394,0.11405,1.60721,1,1,1,1
52,0.02770,-0.05692,0.06330,0.94328,0.15232,1.72702,1,1,1,1
52,-0.14898,0.33938,0.37064,0.00803,0.12204,1.51857,1,1,1,1
52,0.18010,0.32268,0.36954,0.02837,0.13431,1.94207,1,1,1,1
52,-0.11587,0.04973,0.12609,0.01242,0.06046,1.62829,1,1,1,1
52,-0.09994,-0.00674,0.10016,0.71178,0.10765,1.68064,1,1,1,1
52,0.22799,-0.15390,0.27508,0.94487,0.15944,1.77543,1,1,1,1
52,-0.20554,0.06204,0.21470,0.01240,0.05981,1.63005,1,1,1,1
52,-0.00224,-0.35890,0.35890,0.97332,0.16343,1.73938,1,1,1,1
52,0.01275,0.16565,0.16614,0.02825,0.08385,1.85705,1,1,1,1
52,0.21583,0.31510,0.38194,0.02848,0.13511,1.94069,1,1,1,1
52,0.07296,0.34620,0.35381,0.00938,0.13201,1.60619,1,1,1,1
52,0.12242,-0.00360,0.12247,0.94305,0.11106,1.60290,1,1,1,1
52,-0.29464,0.27006,0.39968,0.00806,0.12183,1.51686,1,1,1,1
52,-0.32733,0.01173,0.32754,0.01542,0.05980,1.69010,1,1,1,1
52,-0.18076,-0.15678,0.23928,0.65076,0.12853,1.72343,1,1,1,1
52,-0.07934,-0.27504,0.28625,0.97261,0.15899,1.72619,1,1,1,1
52,-0.04305,0.26574,0.26921,0.01400,0.09115,1.58158,1,1,1,1
52,-0.01832,0.08188,0.08390,0.01227,0.08882,1.55409,1,1,1,1
52,0.39342,-0.00932,0.39353,0.83247,0.12284,1.72113,1,1,1,1
52,-0.03252,-0.00196,0.03258,0.71140,0.10525,1.67515,1,1,1,1
52,-0.02753,0.01844,0.03313,0.71039,0.06061,1.57073,1,1,1,1
52,-0.07680,0.24047,0.25243,0.01412,0.09065,1.58495,1,1,1,1
52,0.04797,0.14349,0.15130,0.02846,0.08393,1.86051,1,1,1,1
52,-0.32144,-0.18049,0.36864,0.64994,0.12944,1.72536,1,1,1,1
52,-0.06687,0.18750,0.19907,0.01434,0.08999,1.59057,1,1,1,1
52,0.22879,-0.08856,0.24533,0.94424,0.11433,1.60756,1,1,1,1
52,-0.03931,0.20935,0.21301,0.01423,0.09042,1.58765,1,1,1,1
52,0.28347,-0.12596,0.31020,0.94477,0.12218,1.61993,1,1,1,1
52,-0.12378,0.32765,0.35025,0.00805,0.12140,1.51196,1,1,1,1
52,0.09172,-0.13601,0.16405,0.94427,0.15646,1.75687,1,1,1,1
52,0.29485,0.05604,0.30013,0.82867,0.12662,1.73128,1,1,1,1
52,0.31768,-0.09198,0.33072,0.94455,0.12231,1.62016,1,1,1,1
52,-0.15578,-0.08733,0.17859,0.64849,0.12740,1.72087,1,1,1,1
52,0.28804,-0.23244,0.37013,0.98046,0.16352,1.73126,1,1,1,1
52,0.10588,-0.01976,0.10771,0.94316,0.11104,1.60282,1,1,1,1
52,0.07921,-0.00852,0.07967,0.94295,0.11039,1.60190,1,1,1,1
52,0.11465,-0.29438,0.31592,0.97971,0.16296,1.73050,1,1,1,1
52,-0.17076,0.18091,0.24877,0.01441,0.11779,1.63001,1,1,1,1
52,-0.21860,-0.07210,0.23018,0.64715,0.12742,1.72088,1,1,1,1
52,-0.14807,-0.23863,0.28084,0.97214,0.15649,1.71856,1,1,1,1
52,0.31886,-0.01697,0.31931,0.83159,0.11477,1.69990,1,1,1,1
52,0.05707,0.23120,0.23814,0.02784,0.12675,1.96507,1,1,1,1
52,-0.02315,-0.21676,0.21800,0.97250,0.15769,1.72211,1,1,1,1
52,-0.23847,0.03053,0.24041,0.01533,0.05978,1.68848,1,1,1,1
52,-0.14008,-0.27891,0.31211,0.97239,0.15814,1.72368,1,1,1,1
52,-0.29054,-0.07990,0.30133,0.64658,0.12783,1.72175,1,1,1,1
52,0.28444,0.21766,0.35817,0.02925,0.13311,1.95670,1,1,1,1
52,-0.29788,-0.21428,0.36695,0.65145,0.12983,1.72629,1,1,1,1
52,0.04273,0.02225,0.04818,0.71004,0.05098,1.54769,1,1,1,1
52,-0.32295,-0.09142,0.33564,0.64662,0.12814,1.72241,1,1,1,1
52,-0.09130,-0.10606,0.13995,0.97371,0.15231,1.70398,1,1,1,1
52,0.34356,0.06803,0.35023,0.82903,0.12860,1.73650,1,1,1,1
52,0.10925,0.04771,0.11921,0.82591,0.08287,1.61994,1,1,1,1
52,0.08640,0.02675,0.09044,0.82630,0.05117,1.54459,1,1,1,1
52,0.22210,0.22435,0.31569,0.02909,0.13146,1.96095,1,1,1,1
52,0.30040,0.18566,0.35314,0.02950,0.13224,1.96278,1,1,1,1
52,-0.06056,0.03712,0.07103,0.01245,0.06059,1.62847,1,1,1,1
52,0.18985,0.13505,0.23298,0.02963,0.12674,1.98657,1,1,1,1
52,-0.09982,-0.30484,0.32076,0.97269,0.15978,1.72863,1,1,1,1
52,0.13313,0.22408,0.26065,0.02891,0.12874,1.96973,1,1,1,1
52,0.36690,0.08763,0.37722,0.82872,0.13015,1.74057,1,1,1,1
52,-0.35658,0.02660,0.35757,0.01536,0.05985,1.68882,1,1,1,1
52,0.25668,-0.26719,0.37050,0.98054,0.16432,1.73342,1,1,1,1
52,-0.14849,-0.19633,0.24616,0.97190,0.15487,1.71351,1,1,1,1
52,0.12472,-0.01706,0.12588,0.94319,0.11132,1.60325,1,1,1,1
52,0.13303,-0.30480,0.33257,0.98050,0.16366,1.73162,1,1,1,1
52,0.30162,0.19111,0.35707,0.02946,0.13251,1.96137,1,1,1,1
52,-0.01451,-0.04893,0.05104,0.94305,0.10592,1.59496,1,1,1,1
52,0.13556,-0.24597,0.28085,0.97957,0.16145,1.72636,1,1,1,1
52,0.16216,0.19610,0.25446,0.02916,0.12845,1.97381,1,1,1,1
52,-0.16987,0.22944,0.28548,0.00814,0.11916,1.48627,1,1,1,1
52,-0.09499,-0.33157,0.34491,0.97285,0.16087,1.73191,1,1,1,1
52,-0.20865,-0.28692,0.35476,0.97217,0.15733,1.72127,1,1,1,1
52,0.15984,0.26609,0.31040,0.02869,0.13130,1.95688,1,1,1,1
52,-0.29286,0.26850,0.39732,0.00806,0.12177,1.51620,1,1,1,1
52,-0.22172,0.00996,0.22194,0.01541,0.05973,1.69025,1,1,1,1
52,0.18140,0.07443,0.19608,0.82615,0.12399,1.72446,1,1,1,1
52,-0.33812,0.08743,0.34924,0.01511,0.05993,1.68363,1,1,1,1
52,-0.01313,-0.39194,0.39216,0.97345,0.16448,1.74246,1,1,1,1
52,0.27908,0.15476,0.31911,0.02967,0.13028,1.97239,1,1,1,1
52,0.23540,-0.07428,0.24684,0.94412,0.11422,1.60741,1,1,1,1
52,0.02370,-0.26692,0.26797,0.97295,0.16039,1.73027,1,1,1,1
52,-0.12702,0.14455,0.19242,0.01455,0.08914,1.59644,1,1,1,1
52,0.35405,-0.05724,0.35864,0.94432,0.12261,1.62067,1,1,1,1
52,0.11675,-0.17293,0.20865,0.97461,0.15831,1.72202,1,1,1,1
52,0.06903,-0.21584,0.22661,0.97938,0.15918,1.72001,1,1,1,1
52,-0.13681,0.12902,0.18805,0.01462,0.08888,1.59835,1,1,1,1
52,0.03094,-0.24526,0.24721,0.97286,0.15968,1.72811,1,1,1,1
52,0.16347,0.08186,0.18282,0.82558,0.12376,1.72389,1,1,1,1
52,0.06094,0.05044,0.07911,0.82499,0.05113,1.54476,1,1,1,1
52,0.07418,0.30576,0.31463,0.02827,0.13036,1.95555,1,1,1,1
52,-0.37792,0.06250,0.38306,0.01522,0.05992,1.68575,1,1,1,1
52,0.14679,-0.04621,0.15389,0.94356,0.11219,1.60445,1,1,1,1
52,0.22935,-0.24880,0.33838,0.98044,0.16315,1.73025,1,1,1,1
52,0.19953,0.12774,0.23692,0.02970,0.12673,1.98744,1,1,1,1
52,-0.22571,0.07972,0.23937,0.01234,0.05985,1.62874,1,1,1,1
52,-0.12876,-0.05568,0.14028,0.71421,0.12681,1.72375,1,1,1,1
52,0.29168,-0.08954,0.30511,0.94445,0.12172,1.61921,1,1,1,1
52,-0.23427,-0.25008,0.34267,0.97186,0.13010,1.64133,1,1,1,1
52,0.13259,-0.25506,0.28747,0.97960,0.16175,1.72719,1,1,1,1
52,-0.17541,0.01386,0.17595,0.01256,0.05971,1.63378,1,1,1,1
52,-0.34077,-0.15267,0.37340,0.64869,0.12911,1.72460,1,1,1,1
52,-0.21900,-0.25501,0.33614,0.97195,0.13011,1.64136,1,1,1,1
52,0.01586,0.18315,0.18384,0.02813,0.12357,1.98278,1,1,1,1
52,0.08172,-0.24807,0.26118,0.97951,0.16063,1.72407,1,1,1,1
52,-0.03547,0.39155,0.39315,0.00931,0.13061,1.60089,1,1,1,1
52,0.34949,0.13342,0.37409,0.82681,0.13155,1.74420,1,1,1,1
52,0.10288,0.30047,0.31760,0.02836,0.13101,1.95409,1,1,1,1
52,-0.25219,0.04990,0.25708,0.01525,0.05982,1.68681,1,1,1,1
52,-0.04278,0.24361,0.24734,0.01409,0.09086,1.58397,1,1,1,1
52,0.09392,0.00932,0.09439,0.82706,0.05115,1.54440,1,1,1,1
52,0.13046,-0.22695,0.26177,0.97950,0.16064,1.72409,1,1,1,1
52,0.02252,-0.19713,0.19841,0.97925,0.15769,1.71580,1,1,1,1
52,-0.02235,-0.20842,0.20961,0.97246,0.15738,1.72116,1,1,1,1
52,-0.09611,-0.13625,0.16673,0.97176,0.15340,1.70885,1,1,1,1
52,0.32687,-0.08322,0.33730,0.94449,0.12235,1.62023,1,1,1,1
52,0.09518,0.31735,0.33132,0.02824,0.13148,1.95084,1,1,1,1
52,0.28263,0.08749,0.29586,0.82736,0.12756,1.73377,1,1,1,1
52,0.03982,0.02977,0.04971,0.70968,0.05099,1.54769,1,1,1,1
52,-0.09253,-0.29498,0.30915,0.97266,0.15953,1.72785,1,1,1,1
52,-0.15342,-0.13847,0.20667,0.65042,0.12815,1.72259,1,1,1,1
52,0.03790,-0.05066,0.06327,0.94325,0.15224,1.72643,1,1,1,1
52,-0.23607,0.26652,0.35603,0.00808,0.12102,1.50824,1,1,1,1
52,-0.07305,-0.08639,0.11314,0.97363,0.15184,1.70256,1,1,1,1
52,-0.25890,-0.28944,0.38834,0.97199,0.15143,1.70234,1,1,1,1
52,0.16970,-0.29847,0.34334,0.98053,0.16404,1.73265,1,1,1,1
52,-0.11241,0.08397,0.14031,0.01229,0.08840,1.55538,1,1,1,1
52,0.05778,-0.32017,0.32534,0.97334,0.16298,1.73795,1,1,1,1
52,0.28474,0.14316,0.31870,0.02976,0.12996,1.97471,1,1,1,1
52,-0.15742,-0.23024,0.27891,0.97206,0.15602,1.71711,1,1,1,1
52,-0.03763,-0.33153,0.33366,0.97306,0.16182,1.73466,1,1,1,1
52,-0.25228,-0.11611,0.27772,0.64840,0.12822,1.72265,1,1,1,1
52,-0.07406,0.38174,0.38885,0.00801,0.12905,1.56866,1,1,1,1
52,0.02565,-0.31263,0.31368,0.97319,0.16216,1.73557,1,1,1,1
52,0.15718,0.13166,0.20503,0.02958,0.12562,1.99092,1,1,1,1
52,-0.27374,-0.23601,0.36144,0.94386,0.13005,1.63362,1,1,1,1
52,-0.00008,-0.06610,0.06610,0.94328,0.15223,1.72630,1,1,1,1
52,0.05635,-0.10262,0.11707,0.94383,0.15457,1.74379,1,1,1,1
52,0.03400,-0.22120,0.22380,0.97275,0.15881,1.72544,1,1,1,1
52,0.09661,-0.00678,0.09685,0.94299,0.11067,1.60231,1,1,1,1
52,0.14460,-0.24426,0.28385,0.97958,0.16154,1.72660,1,1,1,1
52,-0.06592,-0.12739,0.14344,0.97391,0.15354,1.70770,1,1,1,1
52,-0.14757,0.32364,0.35569,0.00805,0.12157,1.51384,1,1,1,1
52,-0.37606,0.00522,0.37610,0.01545,0.05982,1.69067,1,1,1,1
52,0.01576,0.07521,0.07685,0.02893,0.08889,1.86924,1,1,1,1
52,-0.17787,0.01724,0.17870,0.01255,0.05972,1.63351,1,1,1,1
52,0.06025,0.00914,0.06094,0.94270,0.05101,1.50616,1,1,1,1
52,0.07884,-0.35821,0.36678,0.97361,0.16476,1.74313,1,1,1,1
52,-0.42355,-0.05368,0.42694,0.03383,0.05975,1.97359,1,0,1,0
52,-0.75226,0.21442,0.78222,0.01467,0.12607,1.71431,1,0,1,0
52,0.74546,-0.64473,0.98559,0.98227,0.99105,1.86323,1,0,1,0
52,0.66474,0.81765,1.05377,0.00885,0.69405,1.35294,1,0,0,0
52,0.50171,-0.39768,0.64020,0.98131,0.13159,1.64458,1,0,0,0
52,-0.62709,0.32161,0.70475,0.00791,0.12706,1.55638,1,0,1,0
52,-0.89775,-0.82919,1.22209,0.73819,0.73427,2.17996,1,0,1,0
52,0.15611,0.45770,0.48358,0.00924,0.13929,1.61484,1,0,1,0
52,0.87030,0.24777,0.90488,0.83097,0.99849,1.91749,1,0,1,0
52,0.55767,0.65456,0.85991,0.01140,0.16088,1.64211,1,0,1,0
52,-0.68833,0.13435,0.70132,0.01497,0.12412,1.72058,1,0,1,0
52,0.37724,-0.17475,0.41574,0.94549,0.12508,1.62482,1,0,0,0
52,-0.40790,0.93723,1.02214,0.00993,0.98184,1.27111,1,0,0,0
52,0.21277,0.89248,0.91750,0.00874,0.99814,1.26516,1,0,0,0
52,0.77312,-0.91353,1.19676,0.98292,0.99160,1.86307,1,0,1,0
52,0.36784,0.81695,0.89594,0.00883,0.16140,1.60918,1,0,1,0
52,-0.68349,0.84411,1.08613,0.01002,0.95734,1.27770,1,0,0,0
52,0.83830,0.94083,1.26012,0.00873,0.99760,1.26528,1,0,0,0
52,-0.35564,-0.47276,0.59159,0.82455,0.69402,2.27229,1,0,1,0
52,-0.30163,0.55841,0.63466,0.00778,0.13008,1.56839,1,0,1,0
52,0.52076,0.44205,0.68308,0.02827,0.15044,1.88150,1,0,1,0
52,-0.43627,-0.34957,0.55904,0.82220,0.69028,2.26987,1,0,1,0
52,-0.64335,-0.18157,0.66848,0.51508,0.67041,2.02251,1,0,1,0
52,0.59067,-0.88327,1.06258,0.98271,0.99142,1.86312,1,0,1,0
52,-0.18123,0.83568,0.85510,0.01006,0.98162,1.27136,1,0,0,0
52,-0.36409,0.23905,0.43556,0.00807,0.12179,1.51670,1,0,1,0
52,0.03873,0.76921,0.77018,0.00886,0.99809,1.26534,1,0,0,0
52,-0.89935,-0.49151,1.02490,0.82154,0.99840,1.91950,1,0,1,0
52,0.26439,-0.60540,0.66061,0.98165,0.17684,1.76511,1,0,0,0
52,-0.40365,-0.05420,0.40727,0.03384,0.05974,1.97371,1,0,1,0
52,-0.30656,0.66820,0.73517,0.01027,0.13325,1.62618,1,0,1,0
52,-0.46438,-0.56625,0.73231,0.82522,0.70563,2.27351,1,0,1,0
52,0.83598,-0.66078,1.06560,0.98239,0.99115,1.86320,1,0,1,0
52,0.25461,0.35510,0.43695,0.02831,0.13803,1.92905,1,0,1,0
52,-0.76939,0.41719,0.87522,0.00778,0.98516,1.26715,1,0,0,0
52,0.85000,-0.55308,1.01410,0.98212,0.99092,1.86327,1,0,1,0
52,-0.92898,-0.26751,0.96673,0.79010,0.68811,2.24111,1,0,1,0
52,0.48995,0.86701,0.99587,0.00878,0.68888,1.35461,1,0,0,0
52,0.33387,-0.78503,0.85308,0.98223,0.18395,1.78111,1,0,0,0
52,0.00641,0.57509,0.57512,0.00908,0.13956,1.61244,1,0,1,0
52,0.43715,0.11514,0.45206,0.82887,0.13352,1.74942,1,0,0,0
52,0.74033,-0.27273,0.78897,0.97753,0.13598,1.65586,1,0,0,0
52,-0.54853,0.58201,0.79976,0.00769,0.13328,1.57731,1,0,1,0
52,-0.46919,-0.01685,0.46949,0.03357,0.05984,1.97032,1,0,1,0
52,0.17576,-0.44560,0.47901,0.98105,0.16964,1.74738,1,0,0,0
52,0.56184,0.50392,0.75472,0.02797,0.15452,1.86456,1,0,1,0
52,0.68751,0.69873,0.98025,0.01138,0.16720,1.63721,1,0,1,0
52,0.82492,0.86637,1.19628,0.00880,0.99856,1.26513,1,0,0,0
52,-0.59124,0.31994,0.67226,0.00792,0.12663,1.55402,1,0,1,0
52,-0.68027,0.72458,0.99387,0.00753,0.13825,1.58468,1,0,1,0
52,-0.76605,0.33522,0.83619,0.00786,0.98506,1.26729,1,0,0,0
52,-0.56847,0.35602,0.67075,0.00789,0.12736,1.55772,1,0,1,0
52,-0.91816,0.20565,0.94091,0.01473,0.98526,1.27708,1,0,0,0
52,0.13204,0.52181,0.53826,0.00916,0.14125,1.61484,1,0,1,0
52,0.45818,-0.00027,0.45818,0.83313,0.03066,1.49698,1,0,0,0
52,0.62734,0.31315,0.70115,0.02928,0.14836,1.90164,1,0,1,0
52,-0.27259,-0.87133,0.91298,0.97471,0.99917,1.85985,1,0,1,0
52,0.35037,0.26240,0.43773,0.02908,0.13709,1.94089,1,0,1,0
52,0.13766,-0.69255,0.70610,0.98176,0.17762,1.76688,1,0,0,0
52,0.26022,-0.91913,0.95526,0.98249,0.80742,2.05177,1,0,1,0
52,0.31619,0.85808,0.91448,0.00878,0.16141,1.60859,1,0,1,0
52,0.59211,-0.50295,0.77688,0.98173,0.77108,2.18862,1,0,1,0
52,0.96154,-0.08253,0.96507,0.97383,0.99055,1.86290,1,0,1,0
52,-0.44586,0.72392,0.85021,0.01019,0.13618,1.62862,1,0,1,0
52,-0.21793,-0.77231,0.80247,0.97448,0.17422,1.76932,1,0,0,0
52,-0.43382,-0.61050,0.74894,0.82602,0.70675,2.27423,1,0,1,0
52,-0.22129,0.58033,0.62109,0.01040,0.12982,1.62086,1,0,1,0
52,0.05022,-0.61476,0.61681,0.98142,0.17351,1.75704,1,0,0,0
52,0.55487,-0.71511,0.90513,0.98227,0.99105,1.86323,1,0,1,0
52,-0.36278,0.42344,0.55759,0.00788,0.12695,1.55519,1,0,1,0
52,0.36051,-0.82824,0.90330,0.98236,0.18575,1.78491,1,0,0,0
52,0.00300,0.44296,0.44297,0.00925,0.13392,1.60791,1,0,1,0
52,-0.68946,-0.63766,0.93913,0.82486,0.71940,2.27211,1,0,1,0
52,0.92410,0.75432,1.19288,0.02721,0.99856,1.29103,1,0,0,0
52,-0.67827,0.24910,0.72256,0.00797,0.12567,1.54877,1,0,1,0
52,-0.06896,0.93395,0.93649,0.00995,0.99737,1.26706,1,0,0,0
52,0.04286,0.88157,0.88261,0.00874,0.99812,1.26516,1,0,0,0
52,-0.69716,-0.47848,0.84556,0.82255,0.71145,2.27079,1,0,1,0
52,0.31005,0.76022,0.82102,0.00889,0.15711,1.61142,1,0,1,0
52,0.46450,0.04255,0.46644,0.83179,0.03072,1.49734,1,0,0,0
52,0.47714,-0.98323,1.09289,0.98284,0.99152,1.86309,1,0,1,0
52,0.18810,0.67606,0.70174,0.00898,0.14958,1.61399,1,0,1,0
52,0.02754,0.85519,0.85563,0.00877,0.99811,1.26520,1,0,0,0
52,-0.43557,0.98123,1.07356,0.00987,0.98199,1.27099,1,0,0,0
52,-0.37690,-0.24239,0.44811,0.82087,0.15330,1.79871,1,0,0,0
52,0.65991,-0.76474,1.01010,0.98249,0.99124,1.86317,1,0,1,0
52,0.76552,-0.33495,0.83559,0.97779,0.13751,1.65976,1,0,0,0
52,-0.79596,0.26769,0.83977,0.00792,0.98505,1.26738,1,0,0,0
52,0.69252,0.30992,0.75871,0.02942,0.99846,1.29414,1,0,0,0
52,-0.72512,0.50701,0.88479,0.00771,0.98515,1.26705,1,0,0,0
52,0.88745,-0.68303,1.11987,0.98248,0.99123,1.86318,1,0,1,0
52,0.78967,-0.61534,1.00111,0.98223,0.99102,1.86324,1,0,1,0
52,-0.31252,-0.61953,0.69389,0.97348,0.70115,2.21883,1,0,1,0
52,-0.72972,0.85562,1.12453,0.01001,0.98551,1.27026,1,0,0,0
52,-0.36420,0.71219,0.79991,0.01021,0.13507,1.62770,1,0,1,0
52,0.89962,-0.28506,0.94371,0.97791,0.77610,2.19611,1,0,1,0
52,0.60651,0.14486,0.62357,0.83048,0.14026,1.76723,1,0,0,0
52,0.52940,0.09568,0.53797,0.83097,0.13561,1.75504,1,0,0,0
52,-0.10633,0.74140,0.74898,0.01018,0.98126,1.27163,1,0,0,0
52,-0.54732,-0.83224,0.99609,0.82820,0.72330,2.27477,1,0,1,0
52,0.37237,0.92794,0.99986,0.00871,0.16616,1.60577,1,0,1,0
52,0.24219,-0.49115,0.54762,0.98128,0.17243,1.75443,1,0,0,0
52,-0.42953,-0.92950,1.02394,0.83003,0.99919,1.91702,1,0,1,0
52,-0.10629,-0.76206,0.76944,0.97479,0.17576,1.77297,1,0,0,0
52,-0.12102,-0.41890,0.43603,0.97320,0.16368,1.74030,1,0,0,0
52,0.66638,0.55859,0.86954,0.02784,0.16044,1.84561,1,0,1,0
52,0.78302,0.86217,1.16466,0.00881,0.99756,1.26540,1,0,0,0
52,0.94133,-0.08970,0.94560,0.97380,0.99052,1.86291,1,0,1,0
52,-0.65555,0.12496,0.66735,0.01500,0.12352,1.72055,1,0,1,0
52,-0.85619,-0.69094,1.10020,0.82461,0.72769,2.27013,1,0,1,0
52,-0.04350,0.50962,0.51147,0.00916,0.13528,1.60872,1,0,1,0
52,-0.13761,-0.96100,0.97081,0.97546,0.99912,1.85992,1,0,1,0
52,0.83700,0.74836,1.12277,0.01136,0.99855,1.26876,1,0,0,0
52,0.63565,-0.31883,0.71113,0.98121,0.13391,1.65016,1,0,0,0
52,0.82107,-0.20172,0.84549,0.97748,0.13710,1.65874,1,0,0,0
52,0.52759,0.46581,0.70380,0.02814,0.15171,1.87560,1,0,1,0
52,-0.58152,0.23883,0.62865,0.00801,0.12432,1.53936,1,0,1,0
52,-0.94769,-0.46049,1.05365,0.79210,0.99840,1.92272,1,0,1,0
52,0.15814,0.50210,0.52641,0.00918,0.14124,1.61526,1,0,1,0
52,-0.05774,0.64126,0.64385,0.00900,0.14034,1.61168,1,0,1,0
52,-0.06935,-0.63681,0.64058,0.97439,0.17225,1.76401,1,0,0,0
52,-0.74858,-0.22493,0.78164,0.81825,0.67838,2.26467,1,0,1,0
52,-0.51422,-0.93357,1.06582,0.82959,0.72669,2.27547,1,0,1,0
52,0.31222,-0.63190,0.70482,0.98179,0.17857,1.76915,1,0,0,0
52,0.07784,-0.73696,0.74106,0.98181,0.17805,1.76787,1,0,0,0
52,-0.61687,0.59306,0.85572,0.00766,0.13423,1.57922,1,0,1,0
52,-0.74272,-0.94141,1.19912,0.74109,0.73417,2.18276,1,0,1,0
52,-0.43172,0.77302,0.88541,0.01013,0.98110,1.27159,1,0,0,0
52,0.00943,0.76370,0.76376,0.00887,0.99808,1.26535,1,0,0,0
52,0.55471,-0.54145,0.77516,0.98180,0.99063,1.86335,1,0,1,0
52,0.87737,-0.35304,0.94573,0.97807,0.77709,2.19356,1,0,1,0
52,0.76121,-0.79649,1.10174,0.98265,0.99138,1.86314,1,0,1,0
52,-0.56987,0.62091,0.84278,0.00765,0.13454,1.57973,1,0,1,0
52,0.80111,-0.63908,1.02479,0.98230,0.99108,1.86322,1,0,1,0
52,0.60341,-0.11123,0.61358,0.92482,0.12996,1.65334,1,0,0,0
52,0.79612,0.39525,0.88883,0.02907,0.99849,1.29364,1,0,0,0
52,0.64481,0.07389,0.64903,0.83342,0.12887,1.73717,1,0,0,0
52,0.64534,-0.91233,1.11750,0.98282,0.99151,1.86310,1,0,1,0
52,-0.83995,-0.29749,0.89108,0.79058,0.68522,2.24149,1,0,1,0
52,0.93521,-0.80350,1.23297,0.98280,0.99150,1.86310,1,0,1,0
52,-0.49532,0.51783,0.71659,0.00776,0.13100,1.57154,1,0,1,0
52,-0.51201,-0.17436,0.54088,0.81888,0.66152,2.26077,1,0,1,0
52,0.78806,0.89188,1.19017,0.00877,0.99757,1.26535,1,0,0,0
52,0.24569,0.94802,0.97934,0.00869,0.99816,1.26508,1,0,0,0
52,0.30534,-0.33187,0.45097,0.98084,0.16762,1.74219,1,0,0,0
52,-0.26887,-0.44305,0.51825,0.97277,0.68696,2.21124,1,0,1,0
52,-0.19484,0.44680,0.48743,0.00791,0.12568,1.54761,1,0,1,0
52,0.91922,0.87992,1.27249,0.01114,0.99857,1.26844,1,0,0,0
52,0.56718,-0.68444,0.88891,0.98220,0.99099,1.86325,1,0,1,0
52,0.88161,-0.42029,0.97667,0.97828,0.77889,2.18900,1,0,1,0
52,0.05508,0.92883,0.93046,0.00870,0.99736,1.26530,1,0,0,0
52,-0.23231,-0.63791,0.67889,0.97385,0.16956,1.75715,1,0,0,0
52,0.81470,0.93271,1.23842,0.00873,0.99759,1.26529,1,0,0,0
52,-0.11587,0.48196,0.49570,0.00919,0.13631,1.61080,1,0,1,0
52,0.69572,0.73893,1.01491,0.01130,0.69071,1.35921,1,0,0,0
52,0.19534,0.42926,0.47162,0.00928,0.13932,1.61553,1,0,1,0
52,-0.38841,0.90866,0.98820,0.00996,0.98174,1.27118,1,0,0,0
52,0.73431,0.11306,0.74296,0.83342,0.99844,1.91697,1,0,1,0
52,-0.43467,-0.23037,0.49194,0.82030,0.15466,1.80188,1,0,0,0
52,-0.01223,0.82868,0.82877,0.00880,0.99810,1.26524,1,0,0,0
52,-0.65392,-0.38136,0.75700,0.82135,0.70388,2.26996,1,0,1,0
52,0.03081,-0.73471,0.73535,0.98175,0.17718,1.76583,1,0,0,0
52,0.47846,0.68191,0.83302,0.00899,0.15939,1.61194,1,0,1,0
52,0.21829,0.79654,0.82591,0.00884,0.15564,1.61123,1,0,1,0
52,0.76169,0.57320,0.95327,0.02793,0.99851,1.29205,1,0,0,0
52,0.72425,-0.81396,1.08953,0.98266,0.99138,1.86313,1,0,1,0
52,-0.27977,-0.28744,0.40112,0.94424,0.15203,1.72398,1,0,0,0
52,-0.05640,-0.95942,0.96107,0.98225,0.18257,1.77793,1,0,0,0
52,0.95932,-0.24999,0.99136,0.97793,0.77726,2.19387,1,0,1,0
52,0.56080,-0.29090,0.63176,0.98103,0.13157,1.64456,1,0,0,0
52,-0.85438,0.51878,0.99955,0.00766,0.98546,1.26691,1,0,0,0
52,-0.63382,0.80594,1.02531,0.01007,0.13999,1.62942,1,0,1,0
52,-0.82888,0.70155,1.08592,0.00751,0.98558,1.26666,1,0,0,0
52,-0.43244,-0.39268,0.58412,0.82288,0.69298,2.27076,1,0,1,0
52,-0.48871,-0.18147,0.52132,0.81915,0.66024,2.26055,1,0,1,0
52,-0.65467,0.82475,1.05300,0.01005,0.95719,1.27777,1,0,0,0
52,0.70420,0.89121,1.13585,0.00877,0.70015,1.35066,1,0,0,0
52,0.94696,0.51794,1.07935,0.02859,0.99854,1.29295,1,0,0,0
52,-0.98959,-0.42279,1.07612,0.79165,0.99841,1.92273,1,0,1,0
52,0.89262,-0.38849,0.97350,0.97821,0.77849,2.19016,1,0,1,0
52,-0.87851,-0.93170,1.28056,0.73992,0.73735,2.18015,1,0,1,0
52,0.86121,0.06369,0.86357,0.78456,0.99845,1.92284,1,0,1,0
52,-0.70785,0.86966,1.12133,0.00999,0.95751,1.27760,1,0,0,0
52,-0.89978,-0.03371,0.90041,0.51402,0.68002,2.01720,1,0,1,0
52,0.18270,-0.51031,0.54203,0.98126,0.17210,1.75359,1,0,0,0
53,-0.33310,-0.19636,0.38667,0.98646,0.07555,1.42901,1,1,1,1
53,0.29630,0.02919,0.29773,0.70019,0.09617,1.69585,1,1,1,1
53,0.16063,-0.27962,0.32247,0.98951,0.03819,1.39060,1,1,1,1
53,-0.17843,-0.32235,0.36844,0.98539,0.09696,1.45498,1,1,1,1
53,0.16365,0.06933,0.17773,0.18225,0.09537,1.87746,1,1,1,1
53,-0.12587,0.34473,0.36699,0.02391,0.12687,1.59854,1,1,1,1
53,-0.17212,0.10930,0.20389,0.03966,0.04809,1.88620,1,1,1,1
53,-0.05239,0.37478,0.37842,0.02381,0.71351,1.42332,1,1,1,1
53,0.04417,-0.18316,0.18841,0.98776,0.03828,1.39170,1,1,1,1
53,0.10710,0.06709,0.12638,0.18286,0.09491,1.87591,1,1,1,1
53,-0.01691,-0.03062,0.03498,0.69516,0.03837,1.55149,1,1,1,1
53,0.20937,0.33905,0.39849,0.03942,0.09729,1.76861,1,1,1,1
53,0.24856,0.15950,0.29533,0.04221,0.09655,1.78785,1,1,1,1
53,-0.07727,-0.18554,0.20099,0.98636,0.03833,1.39258,1,1,1,1
53,-0.11945,0.07015,0.13853,0.04054,0.03847,1.88785,1,1,1,1
53,-0.16683,-0.25076,0.30119,0.98492,0.09631,1.45426,1,1,1,1
53,-0.25707,0.21695,0.33638,0.02473,0.04855,1.80411,1,1,1,1
53,-0.24269,0.05736,0.24938,0.03444,0.04824,1.86959,1,1,1,1
53,-0.34832,0.06265,0.35391,0.03407,0.11706,1.69206,1,1,1,1
53,-0.24510,-0.27122,0.36556,0.98507,0.09625,1.45410,1,1,1,1
53,0.12239,-0.17560,0.21405,0.98904,0.03825,1.39093,1,1,1,1
53,0.08603,0.26195,0.27571,0.02499,0.09592,1.65687,1,1,1,1
53,-0.02178,-0.38998,0.39059,0.98576,0.09813,1.45652,1,1,1,1
53,-0.18765,-0.17982,0.25990,0.98633,0.03839,1.39265,1,1,1,1
53,0.23899,0.17984,0.29909,0.04185,0.09660,1.78552,1,1,1,1
53,0.05912,0.32115,0.32655,0.02443,0.71371,1.42463,1,1,1,1
53,-0.28336,0.22846,0.36399,0.02457,0.04866,1.80219,1,1,1,1
53,-0.00318,-0.23063,0.23066,0.98476,0.03828,1.39349,1,1,1,1
53,-0.15998,0.07283,0.17577,0.04039,0.03849,1.88798,1,1,1,1
53,-0.09924,0.01849,0.10095,0.10077,0.03843,1.73396,1,1,1,1
53,0.12673,0.09909,0.16087,0.04300,0.09526,1.79545,1,1,1,1
53,0.26721,0.11127,0.28945,0.17806,0.09642,1.88234,1,1,1,1
53,-0.28328,0.19800,0.34562,0.03242,0.04861,1.85914,1,1,1,1
53,-0.02838,-0.08595,0.09051,0.98563,0.03835,1.39303,1,1,1,1
53,-0.19548,0.13090,0.23526,0.03351,0.04820,1.86562,1,1,1,1
53,0.20694,-0.08840,0.22503,0.98861,0.03825,1.39118,1,1,1,1
53,-0.19590,-0.02607,0.19762,0.69706,0.03846,1.55216,1,1,1,1
53,-0.30121,0.20987,0.36712,0.03223,0.04870,1.85792,1,1,1,1
53,0.32345,0.13364,0.34997,0.17589,0.09697,1.88490,1,1,1,1
53,-0.32192,0.10545,0.33875,0.03353,0.11662,1.68886,1,1,1,1
53,0.05930,0.38555,0.39008,0.02393,0.71719,1.42223,1,1,1,1
53,-0.33816,-0.12863,0.36180,0.98599,0.11578,1.48467,1,1,1,1
53,-0.23667,-0.23044,0.33033,0.98479,0.07442,1.42857,1,1,1,1
53,-0.29850,0.05218,0.30303,0.03436,0.11574,1.69648,1,1,1,1
53,-0.39043,-0.00212,0.39043,0.03494,0.11778,1.69710,1,1,1,1
53,0.26977,-0.23200,0.35581,0.98932,0.03817,1.39069,1,1,1,1
53,-0.12147,-0.03476,0.12635,0.69750,0.03842,1.55215,1,1,1,1
53,0.18174,0.21517,0.28165,0.04115,0.09637,1.78174,1,1,1,1
53,-0.11233,0.05860,0.12670,0.04079,0.03846,1.88766,1,1,1,1
53,-0.20015,0.33105,0.38685,0.02388,0.06459,1.73126,1,1,1,1
53,-0.01940,-0.02767,0.03379,0.69466,0.03837,1.55139,1,1,1,1
53,-0.00927,0.05839,0.05913,0.04106,0.03841,1.88737,1,1,1,1
53,-0.04063,-0.16433,0.16928,0.98621,0.03832,1.39266,1,1,1,1
53,0.12306,0.21232,0.24540,0.04107,0.09590,1.78230,1,1,1,1
53,-0.02105,-0.36638,0.36698,0.98563,0.09791,1.45626,1,1,1,1
53,-0.38842,0.00576,0.38846,0.03482,0.11777,1.69627,1,1,1,1
53,0.12677,0.16512,0.20817,0.04185,0.09565,1.78763,1,1,1,1
53,-0.39560,-0.05197,0.39900,0.92932,0.11764,1.58481,1,1,1,1
53,-0.23888,-0.17313,0.29502,0.98629,0.07450,1.42800,1,1,1,1
53,0.05969,-0.08709,0.10558,0.98722,0.03831,1.39205,1,1,1,1
53,0.13640,0.14147,0.19651,0.04227,0.09558,1.79035,1,1,1,1
53,0.17077,-0.07846,0.18793,0.92234,0.03827,1.46441,1,1,1,1
53,-0.27580,0.27535,0.38973,0.02419,0.06435,1.73541,1,1,1,1
53,0.03820,0.16400,0.16839,0.06229,0.09496,1.87915,1,1,1,1
53,0.08461,-0.16230,0.18303,0.98765,0.03827,1.39176,1,1,1,1
53,-0.24803,-0.17131,0.30144,0.98628,0.07461,1.42812,1,1,1,1
53,0.29413,-0.21961,0.36706,0.98927,0.03816,1.39071,1,1,1,1
53,-0.24135,-0.27704,0.36743,0.98510,0.09632,1.45418,1,1,1,1
53,0.01195,0.36255,0.36275,0.02401,0.71465,1.42336,1,1,1,1
53,-0.22296,-0.19296,0.29487,0.98642,0.07430,1.42774,1,1,1,1
53,0.29894,-0.09047,0.31233,0.98864,0.08663,1.44013,1,1,1,1
53,-0.32949,0.20318,0.38711,0.03224,0.11734,1.67811,1,1,1,1
53,0.32714,0.08958,0.33919,0.17938,0.09675,1.88258,1,1,1,1
53,0.03183,-0.15071,0.15404,0.98759,0.03830,1.39182,1,1,1,1
53,0.22887,-0.06652,0.23834,0.92092,0.08636,1.51167,1,1,1,1
53,0.33233,-0.19928,0.38749,0.98919,0.08629,1.43951,1,1,1,1
53,-0.26058,-0.25650,0.36564,0.98497,0.07466,1.42874,1,1,1,1
53,0.18944,-0.28135,0.33918,0.98952,0.03818,1.39059,1,1,1,1
53,-0.34029,-0.16836,0.37966,0.98627,0.11562,1.48421,1,1,1,1
53,-0.21235,-0.13333,0.25074,0.98601,0.03842,1.39288,1,1,1,1
53,-0.02569,0.01962,0.03233,0.38988,0.03840,1.56987,1,1,1,1
53,-0.15180,0.15449,0.21659,0.03890,0.04809,1.88444,1,1,1,1
53,-0.06444,0.24239,0.25081,0.02487,0.09465,1.65833,1,1,1,1
53,0.03384,0.25230,0.25456,0.02498,0.09546,1.65764,1,1,1,1
53,-0.32868,0.11941,0.34970,0.03332,0.11686,1.68690,1,1,1,1
53,-0.23120,0.19328,0.30135,0.02499,0.04842,1.80715,1,1,1,1
53,0.32595,0.07540,0.33456,0.18056,0.09666,1.88177,1,1,1,1
53,0.17538,0.28617,0.33563,0.04008,0.09673,1.77413,1,1,1,1
53,-0.01709,-0.36333,0.36373,0.98561,0.09789,1.45624,1,1,1,1
53,0.18771,-0.07604,0.20253,0.92207,0.03826,1.46490,1,1,1,1
53,0.07467,0.34926,0.35715,0.02423,0.71567,1.42346,1,1,1,1
53,0.01727,-0.38565,0.38603,0.98870,0.09822,1.45529,1,1,1,1
53,-0.23864,0.09480,0.25678,0.03390,0.04829,1.86715,1,1,1,1
53,0.11144,-0.01524,0.11248,0.91345,0.03832,1.48098,1,1,1,1
53,-0.07869,-0.11545,0.13972,0.98586,0.03836,1.39291,1,1,1,1
53,-0.07337,-0.28813,0.29733,0.98516,0.09698,1.45512,1,1,1,1
53,0.17236,0.24414,0.29885,0.04069,0.09647,1.77861,1,1,1,1
53,-0.00103,-0.29399,0.29399,0.98519,0.09729,1.45555,1,1,1,1
53,-0.17489,0.10154,0.20223,0.03980,0.04808,1.88650,1,1,1,1
53,0.09330,-0.06219,0.11213,0.92000,0.03831,1.46877,1,1,1,1
53,-0.10696,0.31329,0.33105,0.02419,0.12635,1.60146,1,1,1,1
53,-0.10742,0.18274,0.21197,0.02534,0.09395,1.66429,1,1,1,1
53,0.12350,-0.21448,0.24749,0.98922,0.03823,1.39081,1,1,1,1
53,0.15019,-0.10213,0.18162,0.98867,0.03827,1.39116,1,1,1,1
53,-0.05091,0.21041,0.21648,0.02519,0.09456,1.66158,1,1,1,1
53,-0.30219,0.14350,0.33453,0.03306,0.11632,1.68593,1,1,1,1
53,-0.14228,0.20551,0.24995,0.02505,0.09382,1.66183,1,1,1,1
53,0.24347,0.05638,0.24991,0.18276,0.09591,1.87872,1,1,1,1
53,0.01798,-0.08191,0.08386,0.98560,0.03833,1.39304,1,1,1,1
53,-0.04352,0.32167,0.32460,0.02423,0.12726,1.60078,1,1,1,1
53,-0.17325,-0.17089,0.24335,0.98627,0.03838,1.39269,1,1,1,1
53,0.20982,0.01032,0.21007,0.70347,0.08663,1.67394,1,1,1,1
53,0.32876,0.05130,0.33274,0.18257,0.09654,1.88052,1,1,1,1
53,-0.22246,-0.32214,0.39149,0.98539,0.12663,1.50403,1,1,1,1
53,-0.18936,-0.06919,0.20161,0.98552,0.03844,1.39319,1,1,1,1
53,0.08372,0.16150,0.18191,0.04181,0.09530,1.78823,1,1,1,1
53,-0.23814,-0.14091,0.27671,0.98607,0.07219,1.42575,1,1,1,1
53,-0.00672,-0.10010,0.10033,0.98574,0.03834,1.39296,1,1,1,1
53,-0.28716,-0.24714,0.37887,0.98491,0.07497,1.42908,1,1,1,1
53,0.25496,0.23063,0.34379,0.04106,0.09701,1.77976,1,1,1,1
53,-0.26867,-0.20803,0.33979,0.98653,0.07480,1.42821,1,1,1,1
53,-0.07432,-0.21512,0.22759,0.98466,0.03832,1.39359,1,1,1,1
53,-0.03906,-0.32408,0.32643,0.98538,0.09744,1.45569,1,1,1,1
53,-0.30569,0.15659,0.34346,0.03288,0.11648,1.68433,1,1,1,1
53,0.21251,-0.00135,0.21251,0.91171,0.08659,1.62243,1,1,1,1
53,0.19162,0.01854,0.19252,0.70219,0.08657,1.67358,1,1,1,1
53,0.12033,-0.34269,0.36320,0.98976,0.09817,1.45472,1,1,1,1
53,0.37192,0.13566,0.39589,0.12463,0.09735,1.91781,1,1,1,1
53,-0.13392,0.25790,0.29059,0.02460,0.04797,1.80548,1,1,1,1
53,0.28103,-0.13684,0.31257,0.98888,0.08630,1.43965,1,1,1,1
53,-0.18867,0.02337,0.19012,0.09995,0.03848,1.73613,1,1,1,1
53,-0.23541,-0.22418,0.32507,0.98474,0.07441,1.42858,1,1,1,1
53,0.32850,-0.20743,0.38851,0.98922,0.03816,1.39073,1,1,1,1
53,-0.30238,0.05837,0.30796,0.03426,0.11587,1.69549,1,1,1,1
53,-0.03087,0.33652,0.33793,0.02414,0.71201,1.42461,1,1,1,1
53,-0.05009,-0.32256,0.32642,0.98537,0.09739,1.45562,1,1,1,1
53,0.17730,-0.15896,0.23813,0.98897,0.03823,1.39096,1,1,1,1
53,0.03507,0.30436,0.30637,0.02452,0.09579,1.65269,1,1,1,1
53,-0.28364,0.21571,0.35634,0.02469,0.04864,1.80334,1,1,1,1
53,0.31917,-0.19189,0.37241,0.98915,0.08625,1.43948,1,1,1,1
53,-0.23070,-0.18375,0.29494,0.98636,0.07440,1.42787,1,1,1,1
53,-0.16595,0.34722,0.38484,0.02382,0.04835,1.79623,1,1,1,1
53,0.15048,0.33187,0.36440,0.03941,0.09682,1.76960,1,1,1,1
53,-0.15420,-0.16773,0.22784,0.98624,0.03838,1.39269,1,1,1,1
53,-0.15463,0.14429,0.21149,0.03907,0.04808,1.88486,1,1,1,1
53,0.14974,0.09069,0.17506,0.04321,0.09539,1.79639,1,1,1,1
53,0.33479,0.11817,0.35503,0.17703,0.09697,1.88432,1,1,1,1
53,-0.20304,0.08386,0.21967,0.03416,0.04815,1.86863,1,1,1,1
53,0.22411,-0.24183,0.32971,0.98936,0.03818,1.39068,1,1,1,1
53,0.09907,-0.02916,0.10327,0.91543,0.03832,1.47728,1,1,1,1
53,-0.19174,0.31244,0.36658,0.02404,0.06439,1.73369,1,1,1,1
53,0.08702,0.09221,0.12679,0.04304,0.09491,1.79643,1,1,1,1
53,0.27529,0.24111,0.36595,0.04094,0.09722,1.77854,1,1,1,1
53,-0.28654,0.06869,0.29466,0.03415,0.11552,1.69530,1,1,1,1
53,0.35317,0.05303,0.35713,0.18224,0.09674,1.88120,1,1,1,1
53,0.26467,-0.17204,0.31568,0.98905,0.03819,1.39087,1,1,1,1
53,0.03060,0.18728,0.18976,0.02559,0.09504,1.66427,1,1,1,1
53,0.17316,0.33224,0.37465,0.03945,0.09699,1.76945,1,1,1,1
53,0.29614,0.04074,0.29893,0.18371,0.09623,1.87915,1,1,1,1
53,0.30654,-0.21779,0.37603,0.98927,0.03816,1.39071,1,1,1,1
53,-0.00758,0.21600,0.21613,0.02523,0.09492,1.66115,1,1,1,1
53,0.11323,-0.08158,0.13956,0.98855,0.03829,1.39125,1,1,1,1
53,-0.15412,-0.36534,0.39652,0.98564,0.12799,1.50622,1,1,1,1
53,0.25291,0.21924,0.33471,0.04124,0.09693,1.78102,1,1,1,1
53,0.23259,-0.09261,0.25035,0.98864,0.03824,1.39115,1,1,1,1
53,0.12924,0.05672,0.14114,0.18357,0.09502,1.87588,1,1,1,1
53,-0.27867,0.02155,0.27950,0.03489,0.11507,1.70147,1,1,1,1
53,-0.22461,0.04381,0.22885,0.03470,0.04816,1.87086,1,1,1,1
53,0.23130,0.19207,0.30065,0.04163,0.09661,1.78415,1,1,1,1
53,-0.27366,-0.24504,0.36734,0.98489,0.07482,1.42893,1,1,1,1
53,0.17292,0.30222,0.34820,0.03985,0.09681,1.77248,1,1,1,1
53,-0.24987,-0.11434,0.27479,0.98588,0.07240,1.42605,1,1,1,1
53,-0.03078,-0.27368,0.27541,0.98506,0.09699,1.45518,1,1,1,1
53,0.20917,0.29348,0.36040,0.04004,0.09703,1.77322,1,1,1,1
53,-0.00520,-0.28886,0.28891,0.98516,0.09722,1.45547,1,1,1,1
53,-0.08881,-0.38705,0.39711,0.98575,0.09787,1.45615,1,1,1,1
53,0.25267,-0.19886,0.32154,0.98917,0.03819,1.39079,1,1,1,1
53,-0.03244,-0.09672,0.10201,0.98572,0.03835,1.39298,1,1,1,1
53,-0.26028,0.29785,0.39555,0.02404,0.06451,1.73322,1,1,1,1
53,0.30422,0.03413,0.30613,0.69937,0.09626,1.69594,1,1,1,1
53,-0.23331,-0.07295,0.24445,0.98556,0.07244,1.42623,1,1,1,1
53,0.09053,-0.30197,0.31525,0.98834,0.09768,1.45467,1,1,1,1
53,0.22034,-0.20376,0.30011,0.98919,0.03820,1.39079,1,1,1,1
53,-0.20904,-0.25575,0.33031,0.98496,0.09622,1.45411,1,1,1,1
53,0.14544,0.02971,0.14844,0.18579,0.09499,1.87476,1,1,1,1
53,-0.58298,-0.01729,0.58323,0.05181,0.12265,1.79056,1,0,1,0
53,-0.54815,-0.01874,0.54847,0.05202,0.12174,1.79314,1,0,1,0
53,0.90091,-0.86271,1.24736,0.99009,0.98913,1.68436,1,0,1,0
53,0.50992,0.13622,0.52780,0.12408,0.09839,1.91960,1,0,1,0
53,-0.67656,0.51894,0.85267,0.02218,0.85572,1.36874,1,0,0,0
53,0.43399,-0.49933,0.66157,0.99031,0.09898,1.45564,1,0,0,0
53,-0.63013,-0.24646,0.67661,0.98350,0.12258,1.49845,1,0,0,0
53,0.90385,0.12595,0.91259,0.06648,0.98546,1.37842,1,0,0,0
53,0.23389,0.76908,0.80386,0.02988,0.73981,1.42591,1,0,0,0
53,-0.32811,0.39486,0.51339,0.02322,0.06569,1.72021,1,0,1,0
53,-0.79827,0.17962,0.81823,0.02436,0.12942,1.59930,1,0,1,0
53,0.52142,0.56807,0.77109,0.03735,0.73737,1.44234,1,0,0,0
53,0.38801,0.60828,0.72149,0.03131,0.73619,1.43035,1,0,0,0
53,0.74496,0.80911,1.09983,0.02535,0.97511,1.33114,1,0,0,0
53,0.49049,-0.48832,0.69213,0.99028,0.09972,1.45672,1,0,0,0
53,0.95731,0.64543,1.15457,0.02658,0.97856,1.33150,1,0,0,0
53,0.79085,-0.02543,0.79126,0.91673,0.14767,1.68165,1,0,0,0
53,0.46203,0.86206,0.97807,0.02962,0.74810,1.42199,1,0,0,0
53,-0.18682,-0.64593,0.67241,0.98695,0.80806,1.71992,1,0,1,0
53,-0.05888,0.44875,0.45260,0.02328,0.71734,1.42077,1,0,0,0
53,0.17207,-0.98321,0.99815,0.99024,0.83130,1.71305,1,0,1,0
53,0.25433,0.54118,0.59796,0.03167,0.73003,1.43376,1,0,0,0
53,0.62701,-0.31674,0.70247,0.98972,0.10118,1.45914,1,0,0,0
53,0.61417,-0.16605,0.63622,0.98908,0.14224,1.52744,1,0,0,0
53,0.17514,-0.70640,0.72779,0.99082,0.81190,1.71754,1,0,1,0
53,0.05154,-0.58204,0.58432,0.98937,0.80184,1.72043,1,0,1,0
53,-0.16428,-0.77271,0.78998,0.98738,0.81776,1.71745,1,0,1,0
53,-0.03536,0.61209,0.61311,0.02237,0.72637,1.41558,1,0,0,0
53,0.50402,-0.99959,1.11948,0.99030,0.89997,1.70110,1,0,1,0
53,0.82346,-0.06737,0.82621,0.97831,0.98609,1.68688,1,0,1,0
53,0.94969,0.14335,0.96045,0.06605,0.98556,1.37786,1,0,0,0
53,0.82148,-0.86052,1.18967,0.99009,0.98902,1.68438,1,0,1,0
53,-0.28400,-0.34186,0.44444,0.98551,0.12829,1.50686,1,0,0,0
53,0.20745,-0.67750,0.70855,0.99076,0.80945,1.71814,1,0,1,0
53,-0.13044,0.82191,0.83220,0.02136,0.98207,1.32362,1,0,0,0
53,0.36753,-0.71695,0.80567,0.99086,0.81218,1.71746,1,0,1,0
53,0.81463,-0.82361,1.15843,0.99002,0.98898,1.68440,1,0,1,0
53,-0.61428,-0.83376,1.03561,0.98759,0.75569,1.73090,1,0,1,0
53,0.97235,0.98016,1.38065,0.02476,0.99682,1.32281,1,0,0,0
53,0.36167,-0.22448,0.42567,0.98931,0.09743,1.45387,1,0,0,0
53,0.39813,0.24820,0.46916,0.04109,0.09818,1.77737,1,0,1,0
53,0.63019,0.32993,0.71133,0.04037,0.10028,1.76822,1,0,1,0
53,-0.01052,-0.88857,0.88864,0.99009,0.82550,1.71455,1,0,1,0
53,0.16060,-0.92259,0.93646,0.99014,0.82752,1.71403,1,0,1,0
53,0.38975,-0.43149,0.58145,0.99010,0.09824,1.45467,1,0,0,0
53,0.54725,0.05352,0.54986,0.69559,0.14138,1.79026,1,0,0,0
53,0.26136,-0.90574,0.94270,0.99120,0.82630,1.71394,1,0,1,0
53,0.30936,0.42429,0.52509,0.03854,0.72573,1.45060,1,0,0,0
53,0.85074,0.66242,1.07822,0.02634,0.97469,1.33255,1,0,0,0
53,-0.38294,0.23785,0.45080,0.03172,0.11890,1.67160,1,0,1,0
53,0.41544,-0.88374,0.97652,0.99011,0.89694,1.70163,1,0,1,0
53,0.73421,-0.30459,0.79488,0.98852,0.10255,1.46179,1,0,0,0
53,0.03428,-0.45553,0.45682,0.98896,0.09894,1.45621,1,0,0,0
53,-0.53329,-0.83163,0.98793,0.98758,0.82231,1.71627,1,0,1,0
53,0.71099,0.44144,0.83688,0.03906,0.73601,1.44657,1,0,0,0
53,0.20613,0.74036,0.76852,0.03003,0.73798,1.42697,1,0,0,0
53,-0.62808,-0.28231,0.68861,0.98375,0.31343,1.70327,1,0,0,0
53,0.34340,-0.90261,0.96573,0.99120,0.82597,1.71402,1,0,1,0
53,-0.96063,0.99217,1.38102,0.02029,0.98698,1.32058,1,0,0,0
53,-0.22079,-0.77633,0.80711,0.98739,0.81812,1.71736,1,0,1,0
53,-0.38079,0.78821,0.87537,0.01669,0.98670,1.31611,1,0,0,0
53,-0.96537,-0.78772,1.24597,0.98749,0.99299,1.68395,1,0,1,0
53,-0.05398,-0.39640,0.40006,0.98580,0.09808,1.45643,1,0,0,0
53,0.21732,-0.81401,0.84252,0.99104,0.82000,1.71553,1,0,1,0
53,0.52995,-0.54232,0.75826,0.99044,0.10037,1.45759,1,0,0,0
53,-0.71689,0.19944,0.74411,0.02431,0.12739,1.60124,1,0,1,0
53,0.84945,0.63609,1.06122,0.02652,0.97829,1.33151,1,0,0,0
53,-0.55049,0.53658,0.76874,0.02210,0.09907,1.62284,1,0,1,0
53,-0.64027,0.73452,0.97440,0.01663,0.98659,1.31606,1,0,0,0
53,0.57801,0.18834,0.60792,0.06144,0.14281,1.80462,1,0,1,0
53,0.80877,0.00355,0.80878,0.91267,0.14827,1.69337,1,0,0,0
53,-0.30134,0.99667,1.04123,0.01626,0.98703,1.31544,1,0,0,0
53,-0.40204,0.68345,0.79293,0.02160,0.98652,1.32239,1,0,0,0
53,0.49811,0.58458,0.76802,0.03716,0.73758,1.44184,1,0,0,0
53,0.08962,-0.58404,0.59087,0.98937,0.80188,1.72042,1,0,1,0
53,-0.25912,0.95016,0.98486,0.01639,0.99455,1.31310,1,0,0,0
53,-0.11309,-0.80085,0.80879,0.98746,0.81968,1.71695,1,0,1,0
53,0.66248,0.52428,0.84483,0.03803,0.73854,1.44320,1,0,0,0
53,-0.94902,0.25619,0.98300,0.02353,0.96595,1.33198,1,0,0,0
53,-0.98988,-0.31320,1.03825,0.93537,0.96593,1.69779,1,0,1,0
53,0.00719,-0.49139,0.49144,0.98908,0.13242,1.51080,1,0,0,0
53,0.84357,-0.22937,0.87420,0.98822,0.98609,1.68530,1,0,1,0
53,0.79587,0.26056,0.83743,0.05805,0.14895,1.78140,1,0,1,0
53,-0.57308,0.64711,0.86439,0.02156,0.98644,1.32238,1,0,0,0
53,0.64737,0.51778,0.82896,0.03807,0.73793,1.44357,1,0,0,0
53,0.29089,0.91899,0.96393,0.02909,0.74703,1.42139,1,0,0,0
53,0.96034,0.60046,1.13261,0.02691,0.97843,1.33197,1,0,0,0
53,-0.86245,-0.12371,0.87128,0.93149,0.12932,1.60734,1,0,0,0
53,-0.37113,-0.33453,0.49965,0.98548,0.67064,1.74517,1,0,1,0
53,0.30773,-0.83932,0.89396,0.99109,0.82164,1.71512,1,0,1,0
53,-0.71239,0.54465,0.89674,0.02201,0.85636,1.36825,1,0,0,0
53,-0.90537,-0.25678,0.94107,0.93426,0.96577,1.69798,1,0,1,0
53,0.50531,-0.30685,0.59119,0.98967,0.09954,1.45675,1,0,0,0
53,0.88529,0.59707,1.06781,0.02684,0.97825,1.33194,1,0,0,0
53,0.80424,0.84534,1.16679,0.02522,0.97533,1.33089,1,0,0,0
53,0.88748,0.93576,1.28967,0.02487,0.97575,1.33030,1,0,0,0
53,0.60482,-0.04293,0.60634,0.91868,0.14254,1.67128,1,0,0,0
53,0.38473,-0.53458,0.65863,0.99041,0.10093,1.45843,1,0,0,0
53,0.69787,-0.37243,0.79103,0.98878,0.10223,1.46117,1,0,0,0
53,0.31822,-0.41551,0.52337,0.99004,0.09957,1.45661,1,0,0,0
53,0.14805,0.52523,0.54569,0.02313,0.72666,1.41706,1,0,0,0
53,-0.40714,-0.26943,0.48821,0.98507,0.30704,1.69877,1,0,0,0
53,-0.73582,0.66187,0.98970,0.02146,0.85728,1.36708,1,0,0,0
53,-0.50674,-0.46267,0.68619,0.98619,0.68813,1.74263,1,0,1,0
53,-0.38016,0.60733,0.71650,0.02196,0.06795,1.69832,1,0,1,0
53,-0.86980,0.70246,1.11803,0.02119,0.95256,1.33353,1,0,0,0
53,-0.04374,-0.91592,0.91696,0.99015,0.82730,1.71409,1,0,1,0
53,-0.29627,0.65289,0.71697,0.02185,0.37527,1.50327,1,0,1,0
53,-0.96279,-0.33188,1.01838,0.98413,0.96587,1.69015,1,0,1,0
53,-0.78123,-0.17595,0.80080,0.93253,0.12690,1.59798,1,0,0,0
53,0.58192,-0.30752,0.65818,0.98968,0.10056,1.45825,1,0,0,0
53,0.90830,-0.49293,1.03344,0.98921,0.98616,1.68512,1,0,1,0
53,-0.78088,-0.37643,0.86688,0.98437,0.69125,1.74304,1,0,1,0
53,-0.01154,-0.56512,0.56524,0.98932,0.80058,1.72074,1,0,1,0
53,0.02698,0.65536,0.65592,0.02224,0.73000,1.41401,1,0,0,0
53,-0.68446,-0.85211,1.09297,0.98765,0.97276,1.68816,1,0,1,0
53,0.22044,-0.57514,0.61594,0.99051,0.10072,1.45807,1,0,0,0
53,0.96688,-0.72254,1.20703,0.98982,0.98910,1.68441,1,0,1,0
53,-0.08806,-0.61374,0.62002,0.98682,0.80508,1.72067,1,0,1,0
53,0.22668,0.94554,0.97234,0.02889,0.74682,1.42107,1,0,0,0
53,0.29855,0.28351,0.41172,0.04036,0.09764,1.77391,1,0,1,0
53,-0.95588,-0.25461,0.98921,0.93426,0.96587,1.69796,1,0,1,0
53,0.53544,-0.49961,0.73233,0.99032,0.10035,1.45762,1,0,0,0
53,0.05037,0.93662,0.93798,0.01668,0.99735,1.31254,1,0,0,0
53,0.32036,0.51153,0.60357,0.03207,0.73021,1.43453,1,0,0,0
53,0.89573,-0.39343,0.97832,0.98888,0.98616,1.68518,1,0,1,0
53,0.59442,0.14306,0.61140,0.06234,0.14307,1.80804,1,0,1,0
53,0.69738,0.81928,1.07590,0.03554,0.75083,1.43252,1,0,0,0
53,-0.35307,0.53938,0.64466,0.02233,0.06718,1.70511,1,0,1,0
53,0.91000,0.19917,0.93154,0.06490,0.98550,1.37649,1,0,0,0
53,-0.61101,-0.80202,1.00825,0.98750,0.97216,1.68831,1,0,1,0
53,0.40456,0.79497,0.89199,0.02995,0.74439,1.42417,1,0,0,0
53,0.31574,-0.72151,0.78758,0.99086,0.81270,1.71734,1,0,1,0
53,-0.91962,0.71128,1.16259,0.02112,0.95267,1.33340,1,0,0,0
53,-0.28869,-0.56017,0.63019,0.98662,0.80115,1.72165,1,0,1,0
53,-0.87850,0.57138,1.04797,0.02173,0.95251,1.33426,1,0,0,0
53,0.90020,0.30854,0.95161,0.06283,0.98553,1.37397,1,0,0,0
53,-0.67881,0.02794,0.67938,0.05073,0.12541,1.78048,1,0,1,0
53,-0.46013,-0.99923,1.10009,0.98799,0.83230,1.71364,1,0,1,0
53,0.56914,0.52922,0.77718,0.03782,0.73672,1.44363,1,0,0,0
53,0.85223,0.19609,0.87450,0.06500,0.98538,1.37667,1,0,0,0
53,-0.39530,0.32250,0.51016,0.02362,0.11968,1.60508,1,0,1,0
53,-0.11344,0.79438,0.80244,0.02148,0.38152,1.50284,1,0,1,0
53,-0.67817,-0.39092,0.78277,0.98444,0.68850,1.74338,1,0,1,0
53,-0.68326,-0.11308,0.69255,0.93106,0.12471,1.59791,1,0,0,0
53,-0.48318,-0.49347,0.69064,0.98634,0.68991,1.74232,1,0,1,0
53,-0.22839,0.74235,0.77668,0.02155,0.37913,1.50273,1,0,1,0
53,0.30491,0.48084,0.56936,0.03790,0.72837,1.44787,1,0,0,0
53,0.36615,-0.67001,0.76353,0.99075,0.10212,1.46002,1,0,0,0
53,-0.93493,-0.39325,1.01427,0.98449,0.98340,1.68647,1,0,1,0
53,0.57821,-0.16785,0.60208,0.98908,0.10022,1.45803,1,0,0,0
53,-0.58958,0.39219,0.70811,0.02302,0.12515,1.59317,1,0,1,0
53,0.61322,0.93443,1.11768,0.02941,0.75342,1.41943,1,0,0,0
53,-0.86023,0.49907,0.99452,0.02210,0.85819,1.36774,1,0,0,0
53,0.89161,-0.33654,0.95301,0.98867,0.98617,1.68521,1,0,1,0
53,0.38020,0.49986,0.62802,0.03782,0.73108,1.44636,1,0,0,0
53,-0.44390,0.62909,0.76994,0.02178,0.98642,1.32266,1,0,0,0
53,0.84738,-0.64508,1.06498,0.98963,0.98887,1.68449,1,0,1,0
53,0.13176,0.88761,0.89734,0.02142,0.74263,1.40784,1,0,0,0
53,0.94655,-0.87437,1.28860,0.99012,0.98920,1.68434,1,0,1,0
53,-0.59843,0.69697,0.91863,0.01677,0.98653,1.31627,1,0,0,0
53,0.99565,-0.51659,1.12169,0.98929,0.98634,1.68507,1,0,1,0
53,0.80031,-0.64333,1.02682,0.98962,0.98880,1.68450,1,0,1,0
53,0.41051,-0.86373,0.95633,0.99114,0.89633,1.70151,1,0,1,0
53,0.62139,-0.75401,0.97706,0.98987,0.98863,1.68450,1,0,1,0
53,-0.37981,0.19056,0.42494,0.03228,0.11856,1.67635,1,0,1,0
53,-0.29341,0.54645,0.62024,0.02237,0.06701,1.70616,1,0,1,0
53,0.14887,-0.45498,0.47872,0.99015,0.09934,1.45622,1,0,0,0
53,-0.94344,-0.53246,1.08333,0.98522,0.98372,1.68628,1,0,1,0
53,0.23506,-0.65954,0.70018,0.99072,0.80787,1.71852,1,0,1,0
53,0.90338,0.18003,0.92115,0.06530,0.98548,1.37698,1,0,0,0
53,-0.17908,-0.64099,0.66553,0.98693,0.80763,1.72003,1,0,1,0
53,0.36545,0.95660,1.02403,0.02899,0.74984,1.42006,1,0,0,0
53,-0.07241,0.84670,0.84979,0.02134,0.98228,1.32352,1,0,0,0
53,-0.30440,-0.95825,1.00544,0.98788,0.83000,1.71425,1,0,1,0
53,0.96077,-0.45802,1.06436,0.98911,0.98628,1.68512,1,0,1,0
53,-0.66307,0.43851,0.79495,0.02264,0.12736,1.58746,1,0,1,0
53,-0.69114,0.70434,0.98680,0.02133,0.98653,1.32205,1,0,0,0
53,0.11451,0.61181,0.62243,0.02258,0.73003,1.41471,1,0,0,0
53,0.42767,0.40603,0.58972,0.03897,0.72777,1.45049,1,0,0,0
53,-0.03608,0.54263,0.54383,0.02275,0.72286,1.41762,1,0,0,0
53,0.85354,0.64141,1.06767,0.02648,0.97831,1.33146,1,0,0,0
53,0.58694,0.51476,0.78069,0.03800,0.73648,1.44412,1,0,0,0
53,0.68003,0.98215,1.19459,0.02419,0.93015,1.34538,1,0,0,0
53,0.53330,-0.57428,0.78371,0.99053,0.10048,1.45771,1,0,0,0
54,0.25663,-0.01082,0.25686,0.94020,0.04360,0.25020,1,1,1,1
54,-0.02123,0.32481,0.32551,0.01248,0.04371,0.40847,1,1,1,1
54,0.22536,0.09644,0.24512,0.93348,0.04360,0.24393,1,1,1,1
54,0.15675,-0.33947,0.37391,0.98781,0.02589,0.34996,1,1,1,1
54,0.03881,0.09888,0.10622,0.18795,0.04371,0.36214,1,1,1,1
54,-0.11157,0.18454,0.21564,0.01304,0.04379,0.41079,1,1,1,1
54,-0.26935,-0.10313,0.28842,0.31948,0.02582,0.30369,1,1,1,1
54,-0.17025,0.28466,0.33169,0.01272,0.06353,0.39158,1,1,1,1
54,-0.34828,-0.00192,0.34829,0.31214,0.02562,0.30328,1,1,1,1
54,0.02092,-0.19710,0.19821,0.98679,0.02580,0.35012,1,1,1,1
54,-0.05984,-0.02542,0.06502,0.97114,0.04379,0.32407,1,1,1,1
54,-0.10755,0.19170,0.21981,0.01301,0.04378,0.41067,1,1,1,1
54,-0.14338,0.03068,0.14662,0.72343,0.04384,0.26886,1,1,1,1
54,-0.31915,-0.04571,0.32241,0.31513,0.02556,0.30325,1,1,1,1
54,-0.13802,-0.32964,0.35737,0.97463,0.05980,0.31091,1,1,1,1
54,-0.04373,0.00684,0.04427,0.19912,0.04378,0.35598,1,1,1,1
54,-0.36171,0.11021,0.37812,0.11964,0.06428,0.46097,1,1,1,1
54,-0.05080,-0.17038,0.17779,0.98639,0.02580,0.35016,1,1,1,1
54,-0.02596,0.21425,0.21581,0.01286,0.04373,0.41010,1,1,1,1
54,-0.00567,-0.11117,0.11131,0.98628,0.02573,0.35023,1,1,1,1
54,0.06469,0.32486,0.33123,0.01243,0.04365,0.40829,1,1,1,1
54,-0.29844,-0.14533,0.33194,0.32005,0.04011,0.32316,1,1,1,1
54,0.27991,-0.05267,0.28482,0.94270,0.03279,0.24073,1,1,1,1
54,-0.11125,0.38311,0.39894,0.01235,0.30532,0.29844,1,1,1,1
54,-0.12662,-0.20314,0.23937,0.96459,0.02586,0.35371,1,1,1,1
54,-0.07390,0.13544,0.15429,0.18343,0.04377,0.36509,1,1,1,1
54,0.09376,-0.36418,0.37606,0.98771,0.02594,0.34994,1,1,1,1
54,0.04358,-0.30071,0.30385,0.98731,0.02589,0.35001,1,1,1,1
54,-0.19242,-0.27598,0.33644,0.97379,0.05947,0.31024,1,1,1,1
54,-0.08054,0.05074,0.09519,0.19360,0.04379,0.35903,1,1,1,1
54,0.20774,-0.24077,0.31800,0.98761,0.02577,0.35005,1,1,1,1
54,0.19443,0.03287,0.19719,0.93695,0.04363,0.24616,1,1,1,1
54,0.05174,0.17070,0.17837,0.17975,0.04369,0.36728,1,1,1,1
54,-0.02735,-0.34774,0.34881,0.97542,0.05952,0.31193,1,1,1,1
54,0.25641,0.23154,0.34548,0.17415,0.19434,0.46656,1,1,1,1
54,0.11614,-0.24629,0.27230,0.98734,0.02581,0.35006,1,1,1,1
54,-0.04195,-0.07747,0.08810,0.96425,0.02571,0.35406,1,1,1,1
54,0.29649,-0.25405,0.39044,0.95228,0.02576,0.36154,1,1,1,1
54,-0.10617,-0.35039,0.36612,0.97500,0.05988,0.31124,1,1,1,1
54,-0.04588,0.26165,0.26564,0.01271,0.04373,0.40943,1,1,1,1
54,0.22082,0.27221,0.35052,0.16979,0.19363,0.45986,1,1,1,1
54,0.04298,0.11597,0.12367,0.18596,0.04370,0.36335,1,1,1,1
54,-0.12785,-0.27792,0.30592,0.97421,0.05921,0.31088,1,1,1,1
54,-0.30847,-0.16336,0.34906,0.32038,0.04022,0.32330,1,1,1,1
54,0.18750,-0.07161,0.20071,0.94277,0.04365,0.25527,1,1,1,1
54,-0.17169,0.28447,0.33227,0.01272,0.06354,0.39158,1,1,1,1
54,-0.01089,0.15075,0.15114,0.18182,0.04373,0.36603,1,1,1,1
54,-0.01926,0.32640,0.32696,0.01247,0.04371,0.40844,1,1,1,1
54,-0.26640,0.28681,0.39144,0.01279,0.30984,0.29851,1,1,1,1
54,0.17758,0.22059,0.28319,0.17487,0.04360,0.37039,1,1,1,1
54,0.06715,-0.20424,0.21500,0.98699,0.02579,0.35011,1,1,1,1
54,0.01009,0.22197,0.22220,0.17398,0.04370,0.37124,1,1,1,1
54,0.16703,0.14540,0.22145,0.18299,0.04362,0.36504,1,1,1,1
54,-0.31076,0.09311,0.32441,0.12092,0.06375,0.45920,1,1,1,1
54,-0.14703,-0.16625,0.22194,0.96433,0.02584,0.35383,1,1,1,1
54,-0.12310,-0.13107,0.17981,0.96423,0.02579,0.35393,1,1,1,1
54,0.01506,0.27799,0.27840,0.01261,0.04369,0.40906,1,1,1,1
54,0.13153,-0.18563,0.22751,0.98714,0.02575,0.35012,1,1,1,1
54,-0.02970,-0.39796,0.39907,0.97582,0.06006,0.31194,1,1,1,1
54,-0.12078,-0.35650,0.37641,0.97497,0.06001,0.31112,1,1,1,1
54,-0.35233,0.09209,0.36417,0.11986,0.06411,0.46054,1,1,1,1
54,0.05007,-0.29062,0.29490,0.98729,0.02588,0.35002,1,1,1,1
54,0.17621,-0.02122,0.17748,0.93988,0.04365,0.24973,1,1,1,1
54,-0.31021,0.05097,0.31437,0.12088,0.02557,0.35667,1,1,1,1
54,-0.13971,-0.01557,0.14058,0.93589,0.04384,0.24547,1,1,1,1
54,0.10095,-0.10377,0.14477,0.94362,0.02568,0.29287,1,1,1,1
54,0.07978,-0.27619,0.28748,0.98734,0.02586,0.35003,1,1,1,1
54,0.02957,0.01268,0.03217,0.19841,0.04373,0.35626,1,1,1,1
54,-0.10706,0.07973,0.13349,0.19002,0.04380,0.36112,1,1,1,1
54,-0.18641,0.26341,0.32269,0.01281,0.06355,0.39188,1,1,1,1
54,0.33767,0.05023,0.34138,0.93771,0.19562,0.30519,1,1,1,1
54,0.15629,0.23524,0.28242,0.17322,0.04361,0.37156,1,1,1,1
54,0.10446,0.19934,0.22505,0.17680,0.04365,0.36917,1,1,1,1
54,0.05571,0.28142,0.28688,0.01257,0.04367,0.40892,1,1,1,1
54,-0.36442,0.06430,0.37005,0.11952,0.06408,0.46072,1,1,1,1
54,-0.16713,0.19664,0.25807,0.01304,0.06305,0.39306,1,1,1,1
54,0.05748,-0.18522,0.19393,0.98688,0.02578,0.35013,1,1,1,1
54,0.15997,0.22349,0.27484,0.17448,0.04361,0.37069,1,1,1,1
54,-0.13229,0.09084,0.16048,0.18864,0.04382,0.36197,1,1,1,1
54,0.17995,-0.27032,0.32474,0.98764,0.02581,0.35003,1,1,1,1
54,-0.11120,-0.35761,0.37450,0.97504,0.05998,0.31120,1,1,1,1
54,-0.01960,0.19024,0.19125,0.17734,0.04373,0.36898,1,1,1,1
54,-0.05032,0.13667,0.14564,0.18334,0.04376,0.36511,1,1,1,1
54,-0.04969,0.38982,0.39298,0.01229,0.11048,0.37273,1,1,1,1
54,-0.34864,0.09450,0.36122,0.11995,0.06409,0.46044,1,1,1,1
54,-0.30990,-0.01899,0.31048,0.31438,0.02555,0.30322,1,1,1,1
54,0.05350,-0.15919,0.16794,0.98674,0.02575,0.35016,1,1,1,1
54,-0.27172,0.08553,0.28486,0.12191,0.06338,0.45783,1,1,1,1
54,-0.21839,0.18333,0.28513,0.01313,0.06342,0.39315,1,1,1,1
54,0.04789,-0.09189,0.10362,0.98640,0.02569,0.35024,1,1,1,1
54,-0.01905,-0.20991,0.21077,0.98670,0.02583,0.35011,1,1,1,1
54,0.35090,-0.12652,0.37301,0.94700,0.04799,0.26786,1,1,1,1
54,-0.20599,0.24716,0.32174,0.01288,0.06364,0.39210,1,1,1,1
54,-0.03462,-0.28650,0.28858,0.98698,0.02591,0.35003,1,1,1,1
54,-0.04460,-0.30443,0.30768,0.98702,0.02593,0.35001,1,1,1,1
54,-0.04403,0.09929,0.10862,0.18775,0.04376,0.36238,1,1,1,1
54,-0.25606,0.04815,0.26055,0.12228,0.02548,0.35528,1,1,1,1
54,-0.00536,0.09041,0.09056,0.18887,0.04374,0.36165,1,1,1,1
54,-0.14415,0.20136,0.24764,0.01300,0.04380,0.41062,1,1,1,1
54,-0.21986,-0.04671,0.22476,0.31913,0.02575,0.30358,1,1,1,1
54,0.02519,0.33531,0.33626,0.01242,0.04368,0.40823,1,1,1,1
54,0.07416,-0.00111,0.07417,0.20016,0.04370,0.35528,1,1,1,1
54,-0.10859,0.32289,0.34066,0.01254,0.06320,0.39117,1,1,1,1
54,0.12345,-0.14371,0.18945,0.98693,0.02571,0.35017,1,1,1,1
54,0.16524,0.11181,0.19951,0.18678,0.04363,0.36268,1,1,1,1
54,0.00629,-0.10861,0.10880,0.98632,0.02572,0.35023,1,1,1,1
54,-0.11226,-0.10843,0.15607,0.96415,0.02577,0.35400,1,1,1,1
54,-0.30944,0.17959,0.35778,0.12105,0.06418,0.45981,1,1,1,1
54,-0.00005,-0.03704,0.03704,0.97137,0.04376,0.32436,1,1,1,1
54,0.10350,-0.01452,0.10452,0.93864,0.04369,0.24804,1,1,1,1
54,0.18490,-0.06192,0.19499,0.94223,0.04365,0.25405,1,1,1,1
54,0.34873,-0.07545,0.35680,0.94452,0.03293,0.24690,1,1,1,1
54,-0.17817,-0.23886,0.29799,0.97350,0.04031,0.33138,1,1,1,1
54,0.12197,-0.20006,0.23431,0.98717,0.02577,0.35011,1,1,1,1
54,0.03674,-0.12472,0.13002,0.98652,0.02572,0.35020,1,1,1,1
54,0.20857,0.21101,0.29669,0.17604,0.04359,0.36955,1,1,1,1
54,-0.31272,-0.15519,0.34910,0.31988,0.04019,0.32327,1,1,1,1
54,0.04897,-0.13869,0.14708,0.98663,0.02573,0.35018,1,1,1,1
54,0.14826,0.21503,0.26119,0.17531,0.04362,0.37012,1,1,1,1
54,-0.12313,0.04434,0.13087,0.72335,0.04382,0.26887,1,1,1,1
54,-0.26359,0.12690,0.29254,0.12217,0.06352,0.45789,1,1,1,1
54,0.19353,0.16414,0.25376,0.18102,0.04360,0.36626,1,1,1,1
54,-0.17700,0.32879,0.37341,0.01257,0.30613,0.29852,1,1,1,1
54,0.31556,0.23318,0.39236,0.17433,0.19579,0.46457,1,1,1,1
54,0.15458,-0.02344,0.15635,0.93976,0.04366,0.24956,1,1,1,1
54,0.17001,-0.02842,0.17236,0.94021,0.04365,0.25027,1,1,1,1
54,0.09056,-0.00069,0.09057,0.93766,0.04369,0.24691,1,1,1,1
54,-0.04675,-0.32484,0.32819,0.97512,0.02595,0.35144,1,1,1,1
54,-0.17294,0.20762,0.27021,0.01300,0.06315,0.39285,1,1,1,1
54,0.08722,0.03332,0.09336,0.19591,0.04369,0.35752,1,1,1,1
54,-0.32264,0.09621,0.33668,0.12062,0.06387,0.45961,1,1,1,1
54,-0.10563,0.29498,0.31332,0.01264,0.06303,0.39161,1,1,1,1
54,0.01120,-0.14846,0.14889,0.98653,0.02576,0.35018,1,1,1,1
54,0.21447,-0.14734,0.26021,0.94689,0.02568,0.35039,1,1,1,1
54,-0.09166,-0.34127,0.35336,0.97501,0.05972,0.31135,1,1,1,1
54,0.32963,-0.01385,0.32993,0.94116,0.03291,0.23975,1,1,1,1
54,-0.07811,0.33930,0.34818,0.01247,0.06303,0.39101,1,1,1,1
54,-0.16639,0.24693,0.29776,0.01285,0.06330,0.39221,1,1,1,1
54,0.15746,-0.27062,0.31309,0.98757,0.02582,0.35003,1,1,1,1
54,-0.25429,-0.26675,0.36854,0.68380,0.05963,0.28689,1,1,1,1
54,-0.11078,0.13220,0.17248,0.01324,0.04379,0.41164,1,1,1,1
54,-0.12272,-0.21583,0.24828,0.97363,0.02587,0.35175,1,1,1,1
54,0.22084,0.31327,0.38329,0.16574,0.19380,0.45316,1,1,1,1
54,0.04637,0.07120,0.08497,0.19126,0.04371,0.36019,1,1,1,1
54,0.35223,0.03619,0.35408,0.93868,0.19592,0.30543,1,1,1,1
54,-0.04723,-0.37722,0.38017,0.97556,0.05991,0.31178,1,1,1,1
54,-0.07144,0.26485,0.27432,0.01271,0.04375,0.40945,1,1,1,1
54,-0.16111,0.07607,0.17817,0.71885,0.04384,0.26996,1,1,1,1
54,0.11313,-0.35405,0.37169,0.98773,0.02592,0.34995,1,1,1,1
54,0.03020,0.00330,0.03038,0.19959,0.04373,0.35564,1,1,1,1
54,-0.12116,-0.33586,0.35704,0.97479,0.05979,0.31108,1,1,1,1
54,-0.04263,-0.09288,0.10219,0.96433,0.02572,0.35401,1,1,1,1
54,-0.15962,0.15911,0.22538,0.01317,0.04382,0.41134,1,1,1,1
54,0.07007,0.18314,0.19609,0.17844,0.04367,0.36812,1,1,1,1
54,0.35688,0.16830,0.39457,0.93090,0.19654,0.30435,1,1,1,1
54,-0.38943,-0.08132,0.39783,0.31385,0.07024,0.36070,1,1,1,1
54,0.29140,0.23340,0.37335,0.17416,0.19520,0.46521,1,1,1,1
54,-0.27115,0.17883,0.32481,0.01320,0.06385,0.39309,1,1,1,1
54,0.27370,0.17354,0.32408,0.18036,0.19453,0.47862,1,1,1,1
54,0.21471,-0.18095,0.28079,0.94849,0.02571,0.36371,1,1,1,1
54,0.12060,-0.13275,0.17935,0.98687,0.02570,0.35018,1,1,1,1
54,0.29430,0.26843,0.39833,0.17063,0.19541,0.45829,1,1,1,1
54,-0.08976,0.23101,0.24784,0.01285,0.04376,0.41001,1,1,1,1
54,-0.00769,0.38347,0.38354,0.01229,0.04369,0.40763,1,1,1,1
54,0.18511,-0.34735,0.39359,0.98793,0.02589,0.34995,1,1,1,1
54,0.19593,-0.32716,0.38134,0.98789,0.02586,0.34997,1,1,1,1
54,-0.16624,-0.08376,0.18615,0.96381,0.02576,0.35411,1,1,1,1
54,0.25204,0.10881,0.27453,0.93309,0.04358,0.24377,1,1,1,1
54,-0.26706,0.22967,0.35223,0.01300,0.06407,0.39223,1,1,1,1
54,0.03377,0.30646,0.30831,0.01250,0.04368,0.40861,1,1,1,1
54,-0.00624,-0.18301,0.18312,0.98663,0.02580,0.35014,1,1,1,1
54,0.15446,0.17649,0.23453,0.17950,0.04362,0.36730,1,1,1,1
54,-0.32400,0.14464,0.35481,0.12064,0.06413,0.46002,1,1,1,1
54,0.10158,-0.31159,0.32773,0.98754,0.02588,0.34999,1,1,1,1
54,0.22620,-0.23262,0.32447,0.98764,0.02576,0.35006,1,1,1,1
54,0.00425,0.13426,0.13432,0.18375,0.04372,0.36478,1,1,1,1
54,-0.28365,-0.05536,0.28900,0.31694,0.02550,0.30319,1,1,1,1
54,0.04941,0.23311,0.23829,0.17295,0.04368,0.37190,1,1,1,1
54,-0.15486,0.00405,0.15491,0.72499,0.04385,0.26850,1,1,1,1
54,0.23099,-0.05574,0.23762,0.94237,0.04362,0.25434,1,1,1,1
54,0.25748,-0.12217,0.28499,0.94602,0.02565,0.33437,1,1,1,1
54,-0.07144,-0.25406,0.26391,0.98670,0.02589,0.35007,1,1,1,1
54,-0.20392,0.19227,0.28027,0.01309,0.06334,0.39303,1,1,1,1
54,-0.13530,-0.00242,0.13532,0.72648,0.04384,0.26816,1,1,1,1
54,0.24700,0.12204,0.27550,0.93218,0.04358,0.24350,1,1,1,1
54,0.48873,-0.96417,1.08096,0.98912,0.97321,0.33001,1,0,1,0
54,0.80696,0.19780,0.83085,0.93554,0.86019,0.32578,1,0,1,0
54,-0.64876,-0.98136,1.17642,0.97703,0.97708,0.32902,1,0,1,0
54,-0.99478,-0.73536,1.23707,0.65390,0.97729,0.29734,1,0,1,0
54,-0.31874,0.67860,0.74973,0.01164,0.34365,0.29699,1,0,1,0
54,0.75998,0.66869,1.01228,0.01061,0.87214,0.25645,1,0,0,0
54,0.02923,-0.69120,0.69182,0.97803,0.06296,0.31214,1,0,0,0
54,-0.96614,-0.33401,1.02225,0.30290,0.96399,0.28116,1,0,0,0
54,0.02075,-0.70967,0.70997,0.97810,0.06320,0.31206,1,0,0,0
54,0.32940,0.25295,0.41531,0.17241,0.19620,0.46014,1,0,1,0
54,0.29195,-0.61137,0.67750,0.98893,0.49502,0.33725,1,0,0,0
54,-0.44116,0.35933,0.56898,0.01269,0.32926,0.29789,1,0,1,0
54,-0.75374,0.83245,1.12299,0.01152,0.76214,0.26588,1,0,0,0
54,-0.41875,0.59805,0.73008,0.01191,0.34518,0.29707,1,0,1,0
54,-0.03484,0.54254,0.54365,0.01185,0.31211,0.29800,1,0,1,0
54,-0.52331,-0.35228,0.63084,0.31956,0.52958,0.34246,1,0,0,0
54,0.56179,0.60759,0.82751,0.01072,0.86353,0.25718,1,0,0,0
54,-0.88635,-0.90029,1.26338,0.97532,0.97754,0.32888,1,0,1,0
54,-0.03116,0.69304,0.69374,0.01148,0.32356,0.29750,1,0,1,0
54,0.68051,0.77196,1.02909,0.01042,0.87213,0.25642,1,0,0,0
54,-0.02202,-0.63315,0.63353,0.97750,0.06255,0.31190,1,0,0,0
54,-0.55744,0.18980,0.58887,0.11501,0.09700,0.49108,1,0,1,0
54,-0.47737,0.30597,0.56701,0.02080,0.32797,0.30161,1,0,1,0
54,-0.77264,0.73350,1.06536,0.00838,0.75982,0.26545,1,0,0,0
54,-0.72494,-0.34986,0.80495,0.31204,0.96053,0.28229,1,0,0,0
54,-0.68134,-0.55615,0.87950,0.65542,0.73211,0.32719,1,0,1,0
54,-0.00403,0.60365,0.60367,0.01168,0.31457,0.29785,1,0,1,0
54,0.89563,-0.50005,1.02577,0.99007,0.92256,0.33006,1,0,1,0
54,-0.90129,0.57640,1.06984,0.01958,0.75904,0.26781,1,0,0,0
54,0.30515,0.56277,0.64018,0.01083,0.35396,0.29631,1,0,1,0
54,-0.66937,0.85927,1.08921,0.01140,0.76040,0.26602,1,0,0,0
54,-0.82181,-0.72268,1.09436,0.65929,0.97666,0.29755,1,0,1,0
54,-0.44749,-0.77075,0.89124,0.97654,0.97502,0.32897,1,0,1,0
54,0.13414,0.62497,0.63920,0.01072,0.87582,0.25617,1,0,0,0
54,-0.93804,-0.02960,0.93851,0.07689,0.98757,0.25721,1,0,0,0
54,-0.17594,-0.49113,0.52169,0.97580,0.06168,0.31081,1,0,0,0
54,0.06855,0.69332,0.69670,0.01059,0.87825,0.25595,1,0,0,0
54,0.32497,-0.57835,0.66339,0.98893,0.49423,0.33726,1,0,0,0
54,-0.28969,-0.90635,0.95152,0.97802,0.97486,0.32910,1,0,1,0
54,0.94077,-0.09912,0.94597,0.94966,0.99228,0.32673,1,0,1,0
54,0.29739,0.37298,0.47703,0.16066,0.33952,0.35541,1,0,1,0
54,0.61050,0.48415,0.77917,0.15417,0.86157,0.27846,1,0,0,0
54,0.95532,0.44234,1.05276,0.92442,0.87274,0.32473,1,0,1,0
54,-0.45459,-0.98659,1.08628,0.97784,0.97628,0.32909,1,0,1,0
54,0.45423,-0.56803,0.72731,0.98966,0.51091,0.33693,1,0,1,0
54,-0.39952,0.39491,0.56176,0.01253,0.32877,0.29783,1,0,1,0
54,0.11043,0.49871,0.51079,0.01190,0.23871,0.30103,1,0,1,0
54,-0.54087,-0.31387,0.62534,0.31741,0.52582,0.34308,1,0,0,0
54,0.66408,0.14253,0.67921,0.93663,0.32052,0.33063,1,0,0,0
54,0.35790,0.76001,0.84006,0.01043,0.86014,0.25741,1,0,0,0
54,0.86235,0.03537,0.86307,0.94379,0.99187,0.32622,1,0,1,0
54,-0.26864,0.54543,0.60799,0.01197,0.33023,0.29753,1,0,1,0
54,0.99154,0.89446,1.33537,0.01459,0.88239,0.25632,1,0,0,0
54,-0.29513,-0.95203,0.99673,0.97824,0.97519,0.32912,1,0,1,0
54,0.87061,0.44550,0.97798,0.92258,0.87010,0.32458,1,0,1,0
54,0.85964,-0.63052,1.06609,0.99023,0.99394,0.33017,1,0,1,0
54,-0.59828,0.51859,0.79175,0.02022,0.74609,0.26917,1,0,0,0
54,0.23884,-0.93025,0.96042,0.97471,0.97212,0.32881,1,0,1,0
54,-0.24696,-0.50017,0.55782,0.97550,0.06208,0.31024,1,0,0,0
54,-0.79158,-0.26656,0.83526,0.30634,0.96091,0.28180,1,0,0,0
54,-0.89627,0.52408,1.03825,0.01966,0.75718,0.26800,1,0,0,0
54,0.05013,-0.91397,0.91534,0.97917,0.97106,0.32918,1,0,1,0
54,-0.57488,-0.26278,0.63210,0.31413,0.52331,0.34352,1,0,0,0
54,0.73048,0.15185,0.74610,0.93696,0.32640,0.33143,1,0,0,0
54,-0.53441,-0.84689,1.00141,0.97666,0.97596,0.32899,1,0,1,0
54,-0.01841,-0.94998,0.95016,0.97912,0.99664,0.32926,1,0,1,0
54,-0.19826,-0.63277,0.66310,0.97673,0.06332,0.31068,1,0,0,0
54,0.41228,-0.76349,0.86769,0.99013,0.53564,0.33624,1,0,1,0
54,-0.36397,-0.27753,0.45770,0.32274,0.06021,0.34820,1,0,1,0
54,-0.45628,-0.72130,0.85350,0.97614,0.99010,0.32899,1,0,1,0
54,-0.89510,-0.52511,1.03776,0.64576,0.96427,0.29866,1,0,1,0
54,-0.57753,0.57761,0.81680,0.01209,0.74762,0.26733,1,0,0,0
54,0.40893,-0.13651,0.43111,0.94791,0.04828,0.27015,1,0,0,0
54,-0.87196,0.83026,1.20401,0.00824,0.76544,0.26495,1,0,0,0
54,0.17550,-0.66649,0.68921,0.98881,0.48699,0.33734,1,0,0,0
54,-0.38216,-0.98741,1.05879,0.97811,0.97591,0.32911,1,0,1,0
54,0.62222,0.69605,0.93362,0.01055,0.86830,0.25676,1,0,0,0
54,-0.88664,-0.23407,0.91702,0.30166,0.96217,0.28128,1,0,0,0
54,-0.58617,-0.35938,0.68757,0.31749,0.54527,0.33988,1,0,0,0
54,0.39820,0.25165,0.47105,0.92616,0.19785,0.30400,1,0,0,0
54,0.56437,-0.05487,0.56703,0.94538,0.48511,0.33973,1,0,0,0
54,-0.29048,0.84299,0.89163,0.01124,0.74700,0.26721,1,0,0,0
54,-0.90823,0.81944,1.22326,0.01929,0.76615,0.26709,1,0,0,0
54,0.65924,-0.45791,0.80267,0.98972,0.98947,0.33011,1,0,1,0
54,-0.94611,0.43389,1.04086,0.01970,0.96422,0.25054,1,0,0,0
54,0.89654,0.90622,1.27476,0.01025,0.88052,0.25570,1,0,0,0
54,0.96201,0.42049,1.04989,0.92581,0.87241,0.32485,1,0,1,0
54,-0.48022,-0.06966,0.48525,0.30985,0.07162,0.36277,1,0,1,0
54,0.69739,-0.62757,0.93819,0.99007,0.99359,0.33016,1,0,1,0
54,-0.68475,-0.59101,0.90453,0.65720,0.73574,0.32677,1,0,1,0
54,-0.98292,0.32295,1.03462,0.02218,0.96526,0.25087,1,0,0,0
54,0.84890,-0.86533,1.21220,0.99051,0.99459,0.33020,1,0,1,0
54,-0.83169,0.03193,0.83230,0.07733,0.98685,0.25733,1,0,0,0
54,-0.77756,0.42124,0.88434,0.02002,0.74923,0.26883,1,0,0,0
54,0.88068,0.86923,1.23740,0.01030,0.87953,0.25579,1,0,0,0
54,-0.79493,0.64610,1.02439,0.01968,0.75781,0.26795,1,0,0,0
54,-0.92250,-0.20595,0.94521,0.29926,0.96248,0.28105,1,0,0,0
54,-0.55437,0.74910,0.93192,0.01160,0.75312,0.26672,1,0,0,0
54,0.08047,0.81054,0.81452,0.01036,0.88338,0.25549,1,0,0,0
54,0.54039,-0.55080,0.77162,0.98975,0.51955,0.33672,1,0,1,0
54,0.88872,-0.58908,1.06623,0.99020,0.99394,0.33017,1,0,1,0
54,0.45363,-0.69509,0.83002,0.99007,0.53050,0.33640,1,0,1,0
54,0.76202,0.26545,0.80693,0.93127,0.86060,0.32541,1,0,1,0
54,-0.84825,-0.86691,1.21287,0.97525,0.97731,0.32887,1,0,1,0
54,-0.66826,-0.80659,1.04746,0.97572,0.97640,0.32891,1,0,1,0
54,0.65143,-0.07692,0.65596,0.94703,0.50632,0.33932,1,0,1,0
54,0.55427,0.40536,0.68669,0.91867,0.85643,0.32435,1,0,1,0
54,-0.06325,-0.89459,0.89682,0.97874,0.99654,0.32923,1,0,1,0
54,0.67291,-0.46339,0.81703,0.98975,0.98954,0.33012,1,0,1,0
54,-0.04786,0.71643,0.71803,0.01143,0.32659,0.29739,1,0,1,0
54,-0.28597,0.42252,0.51020,0.01235,0.32213,0.29794,1,0,1,0
54,0.53107,-0.29588,0.60793,0.98575,0.51574,0.33702,1,0,1,0
54,0.32985,0.75109,0.82032,0.01045,0.85866,0.25753,1,0,0,0
54,0.70491,-0.28990,0.76220,0.98599,0.91011,0.32975,1,0,1,0
54,0.91729,0.60197,1.09717,0.18605,0.87528,0.28068,1,0,0,0
54,0.98022,0.24473,1.01031,0.93539,0.99215,0.32548,1,0,1,0
54,0.66010,0.70446,0.96540,0.01054,0.86981,0.25663,1,0,0,0
54,0.89210,0.46844,1.00761,0.92160,0.87139,0.32449,1,0,1,0
54,0.83043,-0.24018,0.86446,0.95417,0.91397,0.32709,1,0,1,0
54,0.46201,-0.17620,0.49447,0.95001,0.48313,0.33948,1,0,0,0
54,0.76904,-0.35149,0.84556,0.98965,0.91470,0.33004,1,0,1,0
54,0.89525,0.58162,1.06760,0.18704,0.87420,0.28093,1,0,0,0
54,0.29222,0.93368,0.97835,0.01014,0.88959,0.25494,1,0,0,0
54,0.72589,0.43322,0.84534,0.92041,0.86455,0.32444,1,0,1,0
54,-0.48734,-0.72948,0.87729,0.97605,0.99024,0.32898,1,0,1,0
54,0.38696,0.92987,1.00717,0.01015,0.86630,0.25685,1,0,0,0
54,-0.20480,0.92521,0.94761,0.01105,0.74695,0.26717,1,0,0,0
54,0.55654,0.28684,0.62611,0.92664,0.85204,0.32509,1,0,1,0
54,0.97162,-0.19081,0.99018,0.95299,0.91794,0.32698,1,0,1,0
54,-0.35464,-0.58693,0.68576,0.97563,0.98908,0.32894,1,0,1,0
54,-0.90457,-0.82693,1.22559,0.74808,0.97734,0.30662,1,0,1,0
54,0.12512,-0.61686,0.62942,0.98857,0.46994,0.33744,1,0,0,0
54,0.72455,0.17168,0.74461,0.93585,0.85560,0.32585,1,0,1,0
54,0.87488,-0.26501,0.91413,0.95512,0.91639,0.32717,1,0,1,0
54,0.33793,-0.87159,0.93481,0.97488,0.97218,0.32883,1,0,1,0
54,0.31890,0.51124,0.60255,0.01094,0.35176,0.29643,1,0,1,0
54,0.52029,0.21810,0.56415,0.93033,0.35171,0.33474,1,0,0,0
54,0.35268,-0.51091,0.62081,0.98883,0.48672,0.33735,1,0,0,0
54,-0.40632,0.91216,0.99856,0.01115,0.75365,0.26658,1,0,0,0
54,-0.20982,-0.74980,0.77861,0.97744,0.98917,0.32909,1,0,1,0
54,-0.66768,-0.54206,0.86001,0.65514,0.72928,0.32754,1,0,1,0
54,0.32986,-0.81838,0.88236,0.97458,0.53382,0.33708,1,0,1,0
54,0.95736,0.87750,1.29867,0.01464,0.88140,0.25641,1,0,0,0
54,-0.29292,0.48575,0.56723,0.01216,0.32754,0.29770,1,0,1,0
54,-0.59718,0.17383,0.62196,0.11406,0.09776,0.49121,1,0,1,0
54,0.56784,-0.09956,0.57650,0.94741,0.49294,0.33953,1,0,0,0
54,0.09535,0.84014,0.84553,0.01031,0.88471,0.25537,1,0,0,0
54,0.03180,0.65090,0.65168,0.01155,0.87590,0.25631,1,0,0,0
54,0.97407,-0.25375,1.00658,0.95502,0.91958,0.32715,1,0,1,0
54,0.90504,-0.74882,1.17466,0.99042,0.99416,0.33019,1,0,1,0
54,-0.33306,-0.29910,0.44765,0.68192,0.06031,0.28796,1,0,0,0
54,0.30750,0.49398,0.58187,0.01099,0.34936,0.29652,1,0,1,0
54,-0.18315,-0.73963,0.76197,0.97749,0.98899,0.32910,1,0,1,0
54,0.39607,-0.27302,0.48105,0.98533,0.07597,0.31173,1,0,0,0
54,-0.87589,-0.14360,0.88758,0.03437,0.96120,0.25315,1,0,0,0
54,0.59438,-0.79027,0.98884,0.99020,0.70683,0.33133,1,0,1,0
54,-0.21542,0.45684,0.50508,0.01219,0.31934,0.29795,1,0,1,0
54,-0.46862,-0.98873,1.09416,0.97780,0.97636,0.32908,1,0,1,0
54,0.45712,-0.72987,0.86120,0.99013,0.53605,0.33622,1,0,1,0
54,0.00652,0.48169,0.48174,0.01199,0.09074,0.37655,1,0,1,0
54,-0.91800,0.24014,0.94889,0.07565,0.98696,0.25709,1,0,0,0
54,-0.95278,0.84203,1.27154,0.01920,0.76788,0.26691,1,0,0,0
54,-0.40534,0.48528,0.63230,0.01224,0.33603,0.29749,1,0,1,0
54,-0.59022,0.10875,0.60015,0.11411,0.09596,0.49092,1,0,1,0
54,0.99554,0.43711,1.08727,0.92547,0.87384,0.32481,1,0,1,0
54,0.38174,-0.13036,0.40338,0.94742,0.04814,0.26893,1,0,0,0
54,0.54327,-0.81677,0.98094,0.99019,0.70616,0.33133,1,0,1,0
54,-0.90554,-0.55024,1.05960,0.64683,0.96453,0.29866,1,0,1,0
54,0.89709,0.08373,0.90099,0.94198,0.99198,0.32606,1,0,1,0
54,0.98113,-0.77977,1.25326,0.99051,0.99431,0.33020,1,0,1,0
54,0.55176,0.31007,0.63291,0.92506,0.85272,0.32494,1,0,1,0
54,-0.15224,0.49735,0.52013,0.01203,0.31762,0.29793,1,0,1,0
54,-0.93918,-0.81331,1.24239,0.74720,0.97739,0.30653,1,0,1,0
54,-0.44257,-0.37377,0.57929,0.32343,0.51495,0.34486,1,0,0,0
54,0.61501,-0.46201,0.76921,0.98967,0.98930,0.33011,1,0,1,0
54,0.40120,0.23284,0.46387,0.92746,0.19785,0.30419,1,0,0,0
54,0.89147,0.55433,1.04976,0.70082,0.87346,0.31078,1,0,1,0
54,-0.50554,0.90236,1.03432,0.01121,0.75660,0.26633,1,0,0,0
54,0.46340,-0.21391,0.51039,0.95158,0.48945,0.33933,1,0,0,0
54,0.62389,0.79786,1.01283,0.01037,0.87097,0.25651,1,0,0,0
54,-0.58689,0.50293,0.77291,0.02027,0.35066,0.30059,1,0,1,0
54,-0.73515,0.78958,1.07883,0.01161,0.76034,0.26607,1,0,0,0
54,0.46367,-0.64891,0.79754,0.98983,0.52478,0.33658,1,0,1,0
54,0.77183,-0.13114,0.78289,0.94998,0.90788,0.32675,1,0,1,0
54,-0.33696,0.30626,0.45535,0.01278,0.31698,0.29829,1,0,1,0
55,0.02582,-0.18527,0.18706,0.98687,0.06942,0.39795,1,1,1,1
55,0.01004,0.25323,0.25343,0.01995,0.10595,0.48087,1,1,1,1
55,-0.00426,0.39067,0.39069,0.01926,0.10937,0.47724,1,1,1,1
55,0.10370,-0.14181,0.17568,0.98686,0.06891,0.39800,1,1,1,1
55,0.18545,-0.35180,0.39768,0.98928,0.07131,0.39761,1,1,1,1
55,0.19960,-0.31199,0.37038,0.98729,0.07085,0.39778,1,1,1,1
55,0.12301,-0.27424,0.30056,0.98715,0.07044,0.39783,1,1,1,1
55,-0.22873,0.29594,0.37403,0.01417,0.10867,0.46318,1,1,1,1
55,0.31039,0.06630,0.31739,0.58072,0.08297,0.49952,1,1,1,1
55,-0.06921,0.04773,0.08407,0.81341,0.10103,0.39417,1,1,1,1
55,0.12356,0.31675,0.33999,0.01981,0.10734,0.47968,1,1,1,1
55,-0.04266,0.23268,0.23656,0.01997,0.10552,0.48120,1,1,1,1
55,-0.27076,0.03350,0.27282,0.04903,0.10896,0.51175,1,1,1,1
55,0.28495,0.18577,0.34016,0.57231,0.08394,0.50027,1,1,1,1
55,0.23193,-0.24813,0.33965,0.98720,0.07012,0.39786,1,1,1,1
55,0.32418,0.05571,0.32894,0.58188,0.08291,0.49934,1,1,1,1
55,0.05474,0.14527,0.15524,0.02059,0.10313,0.48441,1,1,1,1
55,-0.25955,0.26343,0.36981,0.01424,0.10971,0.46305,1,1,1,1
55,-0.23190,-0.10477,0.25446,0.81739,0.10663,0.39195,1,1,1,1
55,-0.07375,-0.15336,0.17017,0.94591,0.07824,0.39923,1,1,1,1
55,0.04317,0.25004,0.25374,0.02002,0.10582,0.48113,1,1,1,1
55,-0.04908,0.19184,0.19802,0.02017,0.10449,0.48238,1,1,1,1
55,0.00233,0.19516,0.19517,0.02023,0.10449,0.48255,1,1,1,1
55,-0.01734,0.17809,0.17894,0.02029,0.10409,0.48297,1,1,1,1
55,-0.26364,-0.16532,0.31119,0.63674,0.10760,0.37618,1,1,1,1
55,-0.01043,-0.11640,0.11686,0.94584,0.07790,0.39929,1,1,1,1
55,0.10543,-0.22480,0.24830,0.98703,0.06987,0.39790,1,1,1,1
55,-0.10715,-0.01188,0.10780,0.81530,0.10215,0.39378,1,1,1,1
55,0.21290,-0.12554,0.24715,0.98693,0.06335,0.39853,1,1,1,1
55,-0.27788,0.14596,0.31388,0.04762,0.10983,0.50868,1,1,1,1
55,-0.24870,0.18410,0.30943,0.01448,0.10886,0.46457,1,1,1,1
55,0.13258,0.17761,0.22164,0.02054,0.08352,0.50179,1,1,1,1
55,-0.15838,0.33211,0.36795,0.01411,0.09087,0.47085,1,1,1,1
55,0.07688,-0.38854,0.39607,0.98635,0.07178,0.39775,1,1,1,1
55,0.29797,0.04062,0.30073,0.58192,0.08272,0.49955,1,1,1,1
55,-0.02375,-0.22344,0.22470,0.94692,0.06988,0.40037,1,1,1,1
55,0.11568,-0.15172,0.19079,0.98689,0.06902,0.39799,1,1,1,1
55,0.11585,-0.03338,0.12057,0.98664,0.08163,0.39671,1,1,1,1
55,-0.29548,-0.15709,0.33464,0.15957,0.10896,0.56543,1,1,1,1
55,-0.06309,0.12135,0.13677,0.02052,0.08636,0.49869,1,1,1,1
55,0.20206,-0.05626,0.20975,0.98678,0.02206,0.40148,1,1,1,1
55,0.13221,0.08899,0.15937,0.57291,0.08275,0.50124,1,1,1,1
55,-0.21926,0.08460,0.23501,0.04859,0.10716,0.51644,1,1,1,1
55,0.26107,0.06766,0.26969,0.57889,0.08287,0.50000,1,1,1,1
55,-0.03942,0.26479,0.26771,0.01981,0.10633,0.48030,1,1,1,1
55,0.07936,-0.31421,0.32408,0.98914,0.07091,0.39766,1,1,1,1
55,0.02371,0.25407,0.25518,0.01996,0.10595,0.48092,1,1,1,1
55,0.07818,-0.19918,0.21397,0.98695,0.06958,0.39793,1,1,1,1
55,-0.18553,0.23240,0.29737,0.01438,0.10664,0.46495,1,1,1,1
55,-0.32192,0.17176,0.36488,0.01446,0.11173,0.46322,1,1,1,1
55,0.09045,0.02658,0.09427,0.57539,0.08210,0.50141,1,1,1,1
55,0.28242,0.27461,0.39392,0.56675,0.08468,0.50076,1,1,1,1
55,0.13326,0.04750,0.14147,0.57559,0.08239,0.50110,1,1,1,1
55,-0.18552,-0.05328,0.19301,0.81596,0.10503,0.39254,1,1,1,1
55,-0.28139,0.17138,0.32947,0.01449,0.11010,0.46409,1,1,1,1
55,0.34848,-0.12136,0.36901,0.98705,0.06330,0.39852,1,1,1,1
55,-0.11256,-0.16223,0.19746,0.94580,0.07896,0.39913,1,1,1,1
55,0.05248,-0.28683,0.29159,0.98908,0.07060,0.39770,1,1,1,1
55,0.09995,-0.02089,0.10211,0.57879,0.08170,0.50122,1,1,1,1
55,0.35616,-0.10644,0.37172,0.98703,0.06317,0.39854,1,1,1,1
55,-0.05909,0.01433,0.06081,0.45374,0.10043,0.52028,1,1,1,1
55,-0.28899,0.02187,0.28981,0.04910,0.10964,0.50986,1,1,1,1
55,-0.16982,-0.10055,0.19736,0.81800,0.10413,0.39308,1,1,1,1
55,0.12256,0.37598,0.39546,0.01951,0.10878,0.47817,1,1,1,1
55,0.12873,-0.04046,0.13494,0.98667,0.02207,0.40149,1,1,1,1
55,-0.20416,0.18546,0.27582,0.01450,0.10711,0.46520,1,1,1,1
55,-0.00857,0.36873,0.36883,0.01935,0.10884,0.47774,1,1,1,1
55,0.07807,-0.34398,0.35273,0.98917,0.07126,0.39763,1,1,1,1
55,-0.30437,-0.10450,0.32181,0.05069,0.10961,0.51062,1,1,1,1
55,-0.30931,-0.20816,0.37283,0.63667,0.10927,0.37502,1,1,1,1
55,0.09142,0.04673,0.10267,0.57413,0.08228,0.50145,1,1,1,1
55,0.02050,-0.23864,0.23952,0.98899,0.07005,0.39776,1,1,1,1
55,0.07211,-0.13474,0.15282,0.98681,0.06883,0.39801,1,1,1,1
55,0.20088,-0.32012,0.37793,0.98731,0.07094,0.39777,1,1,1,1
55,0.10954,0.22392,0.24928,0.02026,0.10505,0.48224,1,1,1,1
55,-0.09812,0.38112,0.39355,0.01402,0.10932,0.46218,1,1,1,1
55,-0.24906,0.30034,0.39018,0.01414,0.10948,0.46269,1,1,1,1
55,-0.11457,0.10854,0.15782,0.02051,0.10315,0.48418,1,1,1,1
55,0.31651,0.04711,0.32000,0.58216,0.08282,0.49939,1,1,1,1
55,-0.21653,-0.12455,0.24979,0.81834,0.10589,0.39234,1,1,1,1
55,0.13871,-0.04770,0.14668,0.98669,0.02207,0.40149,1,1,1,1
55,-0.03682,0.00503,0.03717,0.45410,0.09951,0.52018,1,1,1,1
55,0.14753,0.11000,0.18402,0.57213,0.08297,0.50118,1,1,1,1
55,-0.07097,0.27404,0.28308,0.01972,0.10662,0.47989,1,1,1,1
55,-0.19629,0.05676,0.20434,0.04903,0.10609,0.51955,1,1,1,1
55,0.20500,0.33015,0.38861,0.01987,0.10753,0.47973,1,1,1,1
55,-0.18192,-0.34999,0.39444,0.98594,0.08193,0.39672,1,1,1,1
55,0.23409,0.03289,0.23639,0.58014,0.08250,0.50014,1,1,1,1
55,0.12328,-0.05033,0.13316,0.98668,0.02208,0.40149,1,1,1,1
55,-0.15560,0.23608,0.28275,0.01439,0.08921,0.47295,1,1,1,1
55,-0.35633,-0.08737,0.36688,0.05024,0.11186,0.50377,1,1,1,1
55,0.15717,0.28071,0.32172,0.02004,0.10640,0.48084,1,1,1,1
55,0.00857,-0.21377,0.21394,0.98691,0.06976,0.39792,1,1,1,1
55,-0.18868,0.01843,0.18958,0.81310,0.10557,0.39210,1,1,1,1
55,-0.26354,0.15299,0.30473,0.01456,0.10929,0.46478,1,1,1,1
55,-0.09646,-0.04025,0.10452,0.81655,0.10156,0.39412,1,1,1,1
55,0.26956,0.22792,0.35300,0.56915,0.08426,0.50062,1,1,1,1
55,0.19968,-0.05986,0.20846,0.98678,0.04039,0.40041,1,1,1,1
55,-0.24292,0.15130,0.28618,0.01458,0.10846,0.46506,1,1,1,1
55,-0.13905,-0.05720,0.15036,0.81669,0.10315,0.39342,1,1,1,1
55,0.21268,-0.10351,0.23653,0.98689,0.06314,0.39855,1,1,1,1
55,0.33958,-0.05327,0.34373,0.98690,0.02203,0.40147,1,1,1,1
55,0.06618,-0.27816,0.28593,0.98908,0.07050,0.39771,1,1,1,1
55,0.04529,0.38572,0.38837,0.01935,0.10915,0.47758,1,1,1,1
55,-0.08503,-0.18646,0.20493,0.94620,0.07873,0.39915,1,1,1,1
55,0.04587,-0.13046,0.13829,0.98678,0.06878,0.39802,1,1,1,1
55,-0.27640,0.20417,0.34363,0.01440,0.11007,0.46365,1,1,1,1
55,0.06314,-0.07541,0.09835,0.94579,0.04045,0.40406,1,1,1,1
55,0.00759,0.19832,0.19846,0.02023,0.10456,0.48248,1,1,1,1
55,0.20890,-0.07789,0.22295,0.98683,0.04038,0.40040,1,1,1,1
55,-0.04390,-0.04479,0.06272,0.94487,0.09948,0.39596,1,1,1,1
55,0.20877,-0.25016,0.32582,0.98718,0.07014,0.39786,1,1,1,1
55,-0.29915,-0.02447,0.30015,0.04965,0.10981,0.50960,1,1,1,1
55,0.04100,-0.02378,0.04740,0.45520,0.08153,0.51831,1,1,1,1
55,-0.17889,-0.04058,0.18344,0.81555,0.10484,0.39260,1,1,1,1
55,0.02522,-0.01904,0.03160,0.45503,0.08154,0.51834,1,1,1,1
55,-0.21690,-0.28983,0.36201,0.98580,0.08196,0.39672,1,1,1,1
55,-0.05345,0.18642,0.19393,0.02019,0.10436,0.48252,1,1,1,1
55,0.03479,-0.14457,0.14870,0.98679,0.06895,0.39800,1,1,1,1
55,-0.24996,0.21696,0.33098,0.01438,0.10909,0.46400,1,1,1,1
55,-0.01225,0.31313,0.31337,0.01961,0.10749,0.47913,1,1,1,1
55,-0.22323,-0.27467,0.35394,0.98577,0.08192,0.39673,1,1,1,1
55,0.09781,-0.12586,0.15940,0.98682,0.06873,0.39802,1,1,1,1
55,0.30312,-0.02468,0.30413,0.98681,0.08215,0.39665,1,1,1,1
55,-0.17746,-0.11561,0.21180,0.81848,0.10435,0.39301,1,1,1,1
55,0.06220,-0.11634,0.13192,0.98676,0.06862,0.39804,1,1,1,1
55,-0.16358,-0.06675,0.17668,0.81676,0.10408,0.39302,1,1,1,1
55,0.30940,-0.09916,0.32490,0.98697,0.06310,0.39855,1,1,1,1
55,-0.10350,-0.24120,0.26247,0.98589,0.07955,0.39698,1,1,1,1
55,-0.07788,0.23434,0.24694,0.01990,0.10562,0.48097,1,1,1,1
55,0.37187,0.01556,0.37220,0.58610,0.08267,0.49873,1,1,1,1
55,-0.29672,-0.11975,0.31997,0.05092,0.10921,0.51187,1,1,1,1
55,0.04124,-0.11653,0.12362,0.94612,0.06862,0.40059,1,1,1,1
55,0.10901,0.23268,0.25695,0.02021,0.10527,0.48198,1,1,1,1
55,-0.09283,-0.16362,0.18812,0.94592,0.07865,0.39917,1,1,1,1
55,0.35198,-0.07334,0.35954,0.98696,0.04031,0.40039,1,1,1,1
55,0.04590,0.30922,0.31261,0.01972,0.10729,0.47951,1,1,1,1
55,-0.06121,0.06172,0.08692,0.02086,0.10080,0.48686,1,1,1,1
55,-0.06763,-0.29250,0.30022,0.98602,0.07071,0.39788,1,1,1,1
55,-0.06947,0.11796,0.13690,0.02053,0.08636,0.49872,1,1,1,1
55,-0.21125,-0.21735,0.30310,0.94586,0.08115,0.39880,1,1,1,1
55,-0.17350,-0.13369,0.21903,0.81923,0.10409,0.39318,1,1,1,1
55,-0.39782,0.02684,0.39873,0.04861,0.11414,0.49633,1,1,1,1
55,0.01928,0.30334,0.30395,0.01971,0.10719,0.47954,1,1,1,1
55,-0.34651,-0.13873,0.37325,0.05096,0.11119,0.50604,1,1,1,1
55,-0.00411,0.07059,0.07071,0.02090,0.05440,0.54820,1,1,1,1
55,0.04878,-0.35416,0.35751,0.98626,0.07139,0.39780,1,1,1,1
55,0.06198,0.30435,0.31059,0.01977,0.10714,0.47972,1,1,1,1
55,0.05724,0.20490,0.21274,0.02027,0.10465,0.48254,1,1,1,1
55,-0.15576,0.07823,0.17430,0.02364,0.10460,0.49069,1,1,1,1
55,-0.16608,0.21194,0.26926,0.01445,0.10576,0.46544,1,1,1,1
55,0.17209,0.14874,0.22746,0.57058,0.08337,0.50112,1,1,1,1
55,-0.05481,0.21018,0.21720,0.02006,0.10497,0.48180,1,1,1,1
55,0.19094,-0.22525,0.29529,0.98712,0.06986,0.39789,1,1,1,1
55,0.25548,0.15442,0.29852,0.57322,0.08361,0.50039,1,1,1,1
55,-0.08545,-0.34253,0.35303,0.98606,0.08019,0.39690,1,1,1,1
55,0.08003,0.25865,0.27075,0.02003,0.10597,0.48107,1,1,1,1
55,-0.20200,-0.26855,0.33604,0.98579,0.08149,0.39677,1,1,1,1
55,-0.08848,0.31977,0.33179,0.01419,0.10779,0.46371,1,1,1,1
55,0.19269,-0.20407,0.28066,0.98707,0.06962,0.39792,1,1,1,1
55,-0.03156,0.02558,0.04062,0.45316,0.09943,0.52040,1,1,1,1
55,-0.11768,0.04038,0.12442,0.81310,0.10288,0.39331,1,1,1,1
55,0.03795,0.28681,0.28931,0.01982,0.10675,0.48007,1,1,1,1
55,-0.37416,0.04452,0.37680,0.04848,0.11324,0.49906,1,1,1,1
55,0.23315,0.27962,0.36407,0.02017,0.08461,0.49922,1,1,1,1
55,-0.25447,0.13416,0.28767,0.04785,0.10883,0.51153,1,1,1,1
55,0.23713,0.02902,0.23890,0.58050,0.08247,0.50011,1,1,1,1
55,0.24150,-0.30395,0.38821,0.98732,0.07075,0.39779,1,1,1,1
55,0.03007,-0.26913,0.27081,0.98612,0.07040,0.39790,1,1,1,1
55,0.28131,0.27826,0.39568,0.02026,0.08471,0.49945,1,1,1,1
55,-0.25235,-0.08174,0.26526,0.05061,0.10759,0.51633,1,1,1,1
55,0.14932,0.11744,0.18997,0.57173,0.08304,0.50119,1,1,1,1
55,0.31056,0.07255,0.31892,0.58033,0.08302,0.49954,1,1,1,1
55,-0.23415,-0.28085,0.36565,0.98576,0.08217,0.39670,1,1,1,1
55,-0.01975,-0.39663,0.39712,0.98623,0.07191,0.39775,1,1,1,1
55,-0.30809,0.20495,0.37003,0.01437,0.11134,0.46297,1,1,1,1
55,0.00278,-0.09337,0.09341,0.94566,0.07756,0.39934,1,1,1,1
55,0.36970,-0.15217,0.39979,0.98714,0.06358,0.39849,1,1,1,1
55,-0.37091,-0.08953,0.38156,0.05020,0.11246,0.50193,1,1,1,1
55,0.10518,0.09042,0.13870,0.57184,0.08270,0.50147,1,1,1,1
55,0.04831,-0.10414,0.11480,0.94602,0.06848,0.40062,1,1,1,1
55,-0.26567,0.01196,0.26594,0.04932,0.10864,0.51278,1,1,1,1
55,-0.08570,-0.32729,0.33833,0.98604,0.08006,0.39691,1,1,1,1
55,-0.11462,0.09963,0.15187,0.02056,0.10310,0.48434,1,1,1,1
55,-0.27872,0.18839,0.33642,0.01444,0.11008,0.46386,1,1,1,1
55,0.93586,-0.87830,1.28345,0.99077,0.74205,0.42499,1,0,1,0
55,-0.78818,-0.53633,0.95335,0.74757,0.98253,0.35607,1,0,1,0
55,-0.51209,-0.09578,0.52097,0.04969,0.11841,0.48222,1,0,1,0
55,0.10117,0.73991,0.74679,0.01326,0.73753,0.21409,1,0,0,0
55,-0.77115,-0.24683,0.80969,0.05054,0.98151,0.22802,1,0,0,0
55,-0.25185,-0.47747,0.53982,0.98602,0.10316,0.39428,1,0,0,0
55,0.00240,0.75773,0.75773,0.01316,0.73826,0.21409,1,0,0,0
55,-0.10612,0.73301,0.74065,0.01316,0.73673,0.21400,1,0,0,0
55,-0.06769,-0.79439,0.79726,0.98668,0.72879,0.42950,1,0,1,0
55,0.64754,0.27016,0.70163,0.57982,0.60438,0.60783,1,0,1,0
55,0.66377,0.38794,0.76882,0.57333,0.60952,0.60392,1,0,1,0
55,0.23755,-0.33651,0.41191,0.98738,0.08668,0.39613,1,0,0,0
55,-0.95270,-0.99569,1.37805,0.98272,0.99522,0.29774,1,0,1,0
55,-0.03063,0.98687,0.98735,0.01269,0.74895,0.21446,1,0,0,0
55,0.84424,0.11603,0.85218,0.96856,0.61548,0.42781,1,0,1,0
55,0.51875,0.86155,1.00566,0.01566,0.98617,0.21617,1,0,0,0
55,0.68324,-0.77649,1.03429,0.99050,0.73027,0.42681,1,0,1,0
55,-0.90293,-0.69469,1.13924,0.75044,0.99501,0.31274,1,0,1,0
55,0.27904,0.77742,0.82598,0.01802,0.73979,0.21611,1,0,0,0
55,0.77618,-0.05411,0.77807,0.96875,0.63439,0.43259,1,0,1,0
55,0.06775,0.79572,0.79860,0.01312,0.74032,0.21418,1,0,0,0
55,-0.88283,0.89590,1.25779,0.01253,0.99356,0.21478,1,0,0,0
55,0.41284,-0.89872,0.98900,0.99002,0.72890,0.42727,1,0,1,0
55,0.25143,0.68378,0.72854,0.01835,0.73487,0.21597,1,0,0,0
55,-0.72728,-0.43242,0.84613,0.74546,0.98192,0.36601,1,0,1,0
55,-0.95791,0.15279,0.97002,0.04524,0.62182,0.21831,1,0,0,0
55,-0.82521,-0.94265,1.25282,0.98260,0.99514,0.29777,1,0,1,0
55,-0.74948,-0.93921,1.20160,0.98256,0.99510,0.29778,1,0,1,0
55,0.63865,0.09505,0.64568,0.59026,0.59750,0.61675,1,0,1,0
55,0.19236,0.57171,0.60320,0.01873,0.11313,0.47432,1,0,1,0
55,-0.17438,-0.94668,0.96261,0.98672,0.75293,0.42573,1,0,1,0
55,0.03774,0.95315,0.95390,0.01278,0.74758,0.21443,1,0,0,0
55,-0.65496,-0.03196,0.65574,0.04833,0.12477,0.45773,1,0,1,0
55,-0.47662,-0.99365,1.10205,0.98253,0.77288,0.42368,1,0,1,0
55,0.80593,-0.93229,1.23235,0.99072,0.74218,0.42500,1,0,1,0
55,0.08412,-0.60072,0.60658,0.98663,0.09115,0.39566,1,0,0,0
55,0.54285,-0.51336,0.74714,0.99014,0.70554,0.42870,1,0,1,0
55,-0.51194,0.68129,0.85220,0.01307,0.10174,0.46096,1,0,1,0
55,-0.80268,-0.86302,1.17860,0.98248,0.99508,0.29778,1,0,1,0
55,-0.50761,0.20632,0.54794,0.04611,0.11940,0.47891,1,0,1,0
55,-0.41334,0.66958,0.78688,0.01314,0.09950,0.46233,1,0,1,0
55,0.16013,-0.51778,0.54198,0.98944,0.09010,0.39565,1,0,0,0
55,0.85820,0.87521,1.22576,0.13299,0.98342,0.25569,1,0,0,0
55,-0.46462,0.22098,0.51449,0.04610,0.11771,0.48464,1,0,1,0
55,-0.62089,0.94704,1.13242,0.01252,0.99894,0.21451,1,0,0,0
55,0.96849,-0.96011,1.36374,0.99085,0.74640,0.42418,1,0,1,0
55,0.89460,0.03239,0.89518,0.96894,0.64208,0.43426,1,0,1,0
55,0.92666,0.15701,0.93986,0.96874,0.62255,0.42962,1,0,1,0
55,-0.39756,0.92756,1.00917,0.01264,0.98718,0.21512,1,0,0,0
55,-0.29916,0.99631,1.04025,0.01255,0.74917,0.21442,1,0,0,0
55,-0.81469,-0.74119,1.10141,0.98231,0.98413,0.30275,1,0,1,0
55,-0.00176,-0.78558,0.78558,0.98675,0.72301,0.42998,1,0,1,0
55,-0.88542,-0.97252,1.31521,0.98266,0.99518,0.29775,1,0,1,0
55,0.78429,0.53503,0.94940,0.56892,0.62250,0.61455,1,0,1,0
55,0.51787,0.77479,0.93193,0.01836,0.74008,0.21626,1,0,0,0
55,0.27992,0.80172,0.84918,0.01793,0.74098,0.21614,1,0,0,0
55,-0.67704,-0.09587,0.68380,0.04903,0.12553,0.45429,1,0,1,0
55,0.77493,0.96192,1.23524,0.13040,0.98690,0.25447,1,0,0,0
55,0.44545,-0.29129,0.53224,0.98747,0.08833,0.39594,1,0,0,0
55,0.41397,-0.82054,0.91905,0.98996,0.72348,0.42785,1,0,1,0
55,-0.36043,0.46889,0.59141,0.01363,0.09618,0.46629,1,0,1,0
55,-0.99391,0.34754,1.05292,0.02199,0.62571,0.20938,1,0,0,0
55,-0.93361,0.40255,1.01670,0.02173,0.62188,0.20894,1,0,0,0
55,-0.40218,-0.63163,0.74880,0.98218,0.73111,0.43230,1,0,1,0
55,0.62029,0.73443,0.96133,0.13343,0.98609,0.25557,1,0,0,0
55,0.29742,-0.49865,0.58061,0.98954,0.09140,0.39550,1,0,0,0
55,-0.46554,-0.93185,1.04167,0.98244,0.76698,0.42542,1,0,1,0
55,-0.13600,-0.37880,0.40248,0.98605,0.08141,0.39677,1,0,0,0
55,0.85477,0.94174,1.27182,0.13163,0.98699,0.25488,1,0,0,0
55,0.16517,-0.89386,0.90899,0.98707,0.71781,0.43014,1,0,1,0
55,-0.57007,-0.45213,0.72760,0.72545,0.62994,0.63587,1,0,1,0
55,-0.25166,-0.95721,0.98974,0.95958,0.75833,0.44522,1,0,1,0
55,-0.64028,0.69493,0.94493,0.01299,0.97831,0.21563,1,0,0,0
55,0.94626,-0.93435,1.32982,0.99082,0.74488,0.42447,1,0,1,0
55,-0.14028,0.74630,0.75937,0.01311,0.73737,0.21402,1,0,0,0
55,0.31250,-0.50421,0.59319,0.98956,0.09177,0.39546,1,0,0,0
55,-0.55185,0.01371,0.55202,0.04818,0.12053,0.47460,1,0,1,0
55,-0.46592,-0.20647,0.50962,0.15978,0.11594,0.54933,1,0,1,0
55,-0.96754,0.99698,1.38928,0.01234,0.99896,0.21445,1,0,0,0
55,-0.33577,-0.37494,0.50331,0.97678,0.08491,0.39684,1,0,0,0
55,0.67289,-0.16250,0.69224,0.98742,0.62802,0.42257,1,0,1,0
55,0.48428,-0.63056,0.79506,0.98983,0.71221,0.42867,1,0,1,0
55,0.82891,-0.39548,0.91842,0.98796,0.70957,0.42996,1,0,1,0
55,0.86509,-0.34075,0.92978,0.98789,0.65191,0.42641,1,0,1,0
55,0.36983,-0.40036,0.54504,0.98761,0.08996,0.39575,1,0,0,0
55,0.74781,0.13083,0.75917,0.96818,0.60827,0.42595,1,0,1,0
55,-0.47690,0.82213,0.95043,0.01280,0.10233,0.45936,1,0,1,0
55,0.63937,-0.07682,0.64397,0.98722,0.07940,0.39692,1,0,0,0
55,0.76290,0.87874,1.16370,0.13191,0.98672,0.25500,1,0,0,0
55,-0.59762,-0.97624,1.14464,0.98255,0.77681,0.42245,1,0,1,0
55,-0.40324,-0.31565,0.51209,0.21706,0.11271,0.62585,1,0,1,0
55,0.91831,0.21326,0.94274,0.96858,0.62341,0.42992,1,0,1,0
55,0.91024,0.32737,0.96732,0.96827,0.62568,0.43065,1,0,1,0
55,0.56339,0.37220,0.67524,0.57079,0.60051,0.58097,1,0,1,0
55,-0.41226,0.45087,0.61093,0.01365,0.11655,0.45728,1,0,1,0
55,-0.03270,-0.84589,0.84652,0.98678,0.73274,0.42898,1,0,1,0
55,0.24442,-0.95084,0.98175,0.98722,0.72582,0.42943,1,0,1,0
55,0.59272,0.37038,0.69893,0.57191,0.60302,0.58857,1,0,1,0
55,-0.94678,0.71330,1.18541,0.01284,0.99346,0.21489,1,0,0,0
55,-0.30456,-0.75044,0.80989,0.95869,0.73919,0.44896,1,0,1,0
55,0.36906,-0.93136,1.00182,0.99002,0.72947,0.42721,1,0,1,0
55,-0.16495,0.37524,0.40989,0.01399,0.09165,0.46992,1,0,1,0
55,0.17568,0.70471,0.72628,0.01816,0.73582,0.21595,1,0,0,0
55,-0.37026,0.60690,0.71093,0.01330,0.09791,0.46388,1,0,1,0
55,0.88335,0.87514,1.24345,0.13326,0.98347,0.25577,1,0,0,0
55,0.74999,-0.26668,0.79599,0.98767,0.63937,0.42454,1,0,1,0
55,0.02406,0.68288,0.68331,0.01334,0.73427,0.21394,1,0,0,0
55,0.52513,0.40163,0.66111,0.56770,0.08618,0.49931,1,0,0,0
55,-0.33925,-0.31966,0.46613,0.97663,0.08441,0.39691,1,0,0,0
55,-0.70112,0.35507,0.78591,0.01373,0.12765,0.45222,1,0,1,0
55,-0.64239,0.42257,0.76892,0.01360,0.12547,0.45281,1,0,1,0
55,0.03537,-0.40248,0.40403,0.98631,0.07196,0.39774,1,0,0,0
55,-0.56755,-0.07410,0.57237,0.04919,0.12087,0.47321,1,0,1,0
55,-0.71102,-0.36176,0.79776,0.21543,0.98159,0.28704,1,0,0,0
55,0.47130,0.31543,0.56712,0.57097,0.08541,0.49923,1,0,0,0
55,-0.91592,-0.35435,0.98208,0.21399,0.98262,0.28625,1,0,0,0
55,0.55364,0.78686,0.96211,0.01836,0.98606,0.21707,1,0,0,0
55,-0.89910,-0.57552,1.06753,0.74795,0.98313,0.35262,1,0,1,0
55,0.54660,0.81391,0.98042,0.01824,0.98611,0.21703,1,0,0,0
55,-0.84363,-0.14797,0.85651,0.04900,0.13271,0.41908,1,0,1,0
55,0.93641,0.38302,1.01172,0.96823,0.62858,0.43141,1,0,1,0
55,-0.58835,-0.04087,0.58976,0.04870,0.12188,0.46938,1,0,1,0
55,-0.05975,-0.53346,0.53680,0.98636,0.10046,0.39459,1,0,0,0
55,0.05108,0.82156,0.82315,0.01305,0.74157,0.21422,1,0,0,0
55,0.88974,-0.33052,0.94915,0.98788,0.65366,0.42666,1,0,1,0
55,0.05358,-0.42792,0.43126,0.98637,0.07224,0.39770,1,0,0,0
55,0.52026,0.26902,0.58570,0.57549,0.59285,0.57135,1,0,1,0
55,0.74609,0.39471,0.84406,0.57575,0.61609,0.61932,1,0,1,0
55,0.68572,0.59179,0.90578,0.13737,0.65830,0.26091,1,0,0,0
55,-0.61897,-0.72524,0.95346,0.98220,0.98335,0.30310,1,0,1,0
55,-0.79633,-0.75221,1.09543,0.98232,0.98410,0.30276,1,0,1,0
55,0.58568,0.09918,0.59401,0.58821,0.59269,0.59869,1,0,1,0
55,-0.39011,0.38613,0.54889,0.01382,0.11542,0.45859,1,0,1,0
55,0.22433,0.40222,0.46055,0.01955,0.10923,0.47800,1,0,1,0
55,0.11297,-0.52638,0.53836,0.98657,0.08969,0.39583,1,0,0,0
55,0.57531,0.11917,0.58752,0.58661,0.59246,0.59418,1,0,1,0
55,-0.65546,-0.88637,1.10240,0.98245,0.98402,0.30281,1,0,1,0
55,-0.43502,-0.20100,0.47921,0.15994,0.11464,0.55257,1,0,1,0
55,-0.77028,-0.77228,1.09075,0.98234,0.98407,0.30277,1,0,1,0
55,0.56888,-0.78957,0.97316,0.99042,0.72728,0.42719,1,0,1,0
55,0.96746,0.56824,1.12199,0.14105,0.98306,0.25847,1,0,0,0
55,0.56781,-0.53817,0.78233,0.99018,0.70881,0.42858,1,0,1,0
55,-0.92389,0.72137,1.17216,0.01283,0.99345,0.21489,1,0,0,0
55,-0.03334,0.44145,0.44271,0.01390,0.11063,0.46104,1,0,1,0
55,-0.67939,-0.36532,0.77138,0.21568,0.98142,0.28717,1,0,0,0
55,0.22343,0.83257,0.86203,0.01558,0.74237,0.21527,1,0,0,0
55,0.04642,-0.98784,0.98893,0.98704,0.98488,0.30297,1,0,1,0
55,-0.96132,0.69150,1.18419,0.01288,0.99345,0.21490,1,0,0,0
55,0.76189,0.51951,0.92215,0.56904,0.62059,0.61234,1,0,1,0
55,-0.51545,-0.93729,1.06968,0.98247,0.76985,0.42460,1,0,1,0
55,0.31098,0.33809,0.45936,0.02000,0.08526,0.49792,1,0,1,0
55,-0.61378,0.93450,1.11804,0.01255,0.99894,0.21452,1,0,0,0
55,-0.04116,0.72488,0.72605,0.01321,0.73643,0.21401,1,0,0,0
55,0.09036,0.66396,0.67008,0.01821,0.73338,0.21583,1,0,0,0
55,-0.50258,-0.21294,0.54583,0.15959,0.11750,0.54540,1,0,1,0
55,-0.22314,-0.85904,0.88754,0.95928,0.74648,0.44755,1,0,1,0
55,-0.46820,-0.58455,0.74894,0.98191,0.72956,0.43265,1,0,1,0
55,-0.54184,0.41801,0.68434,0.01366,0.12150,0.45508,1,0,1,0
55,0.24946,-0.53547,0.59072,0.98954,0.09172,0.39547,1,0,0,0
55,-0.40550,-0.95650,1.03890,0.98245,0.76626,0.42561,1,0,1,0
55,0.90147,0.87343,1.25520,0.13349,0.98351,0.25585,1,0,0,0
55,-0.49360,0.70006,0.85658,0.01304,0.10153,0.46090,1,0,1,0
55,0.77612,0.73095,1.06614,0.13518,0.98290,0.25648,1,0,0,0
55,-0.51279,0.32879,0.60914,0.01390,0.12005,0.45687,1,0,1,0
55,0.79963,0.55284,0.97213,0.13956,0.62394,0.25802,1,0,0,0
55,0.71897,-0.92420,1.17093,0.99065,0.73980,0.42543,1,0,1,0
55,0.54160,-0.13707,0.55867,0.98726,0.05395,0.39933,1,0,0,0
55,-0.49760,0.71340,0.86979,0.01301,0.10174,0.46065,1,0,1,0
55,0.18572,-0.81479,0.83569,0.98701,0.71236,0.43046,1,0,1,0
55,0.25893,0.69614,0.74273,0.01831,0.73555,0.21600,1,0,0,0
55,-0.17275,0.75368,0.77322,0.01308,0.73770,0.21402,1,0,0,0
55,-0.26702,-0.57304,0.63220,0.98613,0.71376,0.43096,1,0,1,0
55,0.45110,0.31023,0.54748,0.57057,0.08533,0.49940,1,0,0,0
55,0.87225,0.68111,1.10667,0.13734,0.98305,0.25720,1,0,0,0
55,0.69236,-0.66334,0.95885,0.99041,0.72327,0.42758,1,0,1,0
55,-0.26977,0.54476,0.60790,0.01350,0.09542,0.46612,1,0,1,0
55,0.85841,-0.33896,0.92291,0.98788,0.65130,0.42633,1,0,1,0
55,0.22459,0.62898,0.66787,0.01853,0.73174,0.21587,1,0,0,0
55,-0.72380,0.28828,0.77910,0.02276,0.12844,0.47295,1,0,1,0
55,0.42694,-0.07249,0.43305,0.98703,0.04028,0.40039,1,0,0,0
55,-0.78339,0.68584,1.04119,0.01295,0.97878,0.21560,1,0,0,0
55,0.61446,0.32556,0.69537,0.57534,0.60339,0.59630,1,0,1,0
55,-0.53039,0.61836,0.81467,0.01320,0.12165,0.45292,1,0,1,0
55,0.85402,-0.51396,0.99674,0.99040,0.71900,0.42792,1,0,1,0
55,-0.15041,-0.40813,0.43496,0.98607,0.08193,0.39671,1,0,0,0
56,-0.31662,0.20189,0.37551,0.02374,0.01093,0.93247,1,1,1,1
56,0.25610,-0.17247,0.30876,0.98861,0.01233,1.36950,1,1,1,1
56,-0.15084,-0.05908,0.16200,0.19850,0.00878,1.17073,1,1,1,1
56,0.10042,0.19712,0.22122,0.20343,0.00947,1.17115,1,1,1,1
56,0.03768,-0.03056,0.04852,0.98538,0.01207,1.37060,1,1,1,1
56,0.15156,-0.07108,0.16740,0.98690,0.01220,1.37008,1,1,1,1
56,0.07551,-0.01093,0.07630,0.22568,0.01211,1.17454,1,1,1,1
56,0.22198,-0.09580,0.24177,0.98720,0.01228,1.37000,1,1,1,1
56,0.16607,-0.11264,0.20067,0.98718,0.01223,1.36999,1,1,1,1
56,-0.06901,-0.19456,0.20644,0.98677,0.01199,1.37006,1,1,1,1
56,-0.08682,-0.18011,0.19994,0.98664,0.01197,1.37010,1,1,1,1
56,0.13707,-0.25272,0.28750,0.98919,0.01222,1.36924,1,1,1,1
56,0.05966,-0.01476,0.06146,0.22597,0.01209,1.17468,1,1,1,1
56,0.06333,-0.18576,0.19626,0.98885,0.01213,1.36934,1,1,1,1
56,0.00885,-0.29800,0.29813,0.98910,0.01209,1.36923,1,1,1,1
56,0.33538,-0.07480,0.34362,0.98732,0.01240,1.37000,1,1,1,1
56,0.00308,0.05190,0.05199,0.21764,0.01202,1.17145,1,1,1,1
56,-0.06359,-0.05200,0.08214,0.98521,0.01197,1.37063,1,1,1,1
56,-0.03666,0.32232,0.32440,0.02290,0.00943,0.96114,1,1,1,1
56,-0.28252,-0.23313,0.36629,0.98632,0.00863,1.36902,1,1,1,1
56,0.07626,0.23360,0.24574,0.19963,0.00946,1.16965,1,1,1,1
56,0.00637,-0.14609,0.14623,0.98675,0.01206,1.37009,1,1,1,1
56,-0.24234,-0.24552,0.34498,0.98651,0.00866,1.36896,1,1,1,1
56,0.21050,0.17846,0.27596,0.20652,0.00951,1.17228,1,1,1,1
56,0.26642,0.20705,0.33742,0.20433,0.00954,1.17136,1,1,1,1
56,0.03260,-0.20059,0.20322,0.98884,0.01210,1.36933,1,1,1,1
56,-0.25138,0.07045,0.26107,0.18317,0.00874,1.16618,1,1,1,1
56,-0.20673,0.12062,0.23935,0.02429,0.00879,0.99014,1,1,1,1
56,-0.35443,-0.17903,0.39707,0.98577,0.00860,1.36920,1,1,1,1
56,-0.36857,0.09628,0.38094,0.02453,0.00866,0.99506,1,1,1,1
56,-0.31220,0.12924,0.33789,0.02426,0.00871,0.99164,1,1,1,1
56,-0.02233,-0.24761,0.24862,0.98889,0.01205,1.36930,1,1,1,1
56,-0.37300,-0.08382,0.38230,0.19336,0.00861,1.16908,1,1,1,1
56,0.04319,0.27285,0.27624,0.19560,0.00945,1.16805,1,1,1,1
56,-0.28904,-0.22140,0.36409,0.98623,0.00863,1.36905,1,1,1,1
56,-0.05213,-0.30812,0.31250,0.98902,0.01203,1.36924,1,1,1,1
56,-0.33204,0.05588,0.33671,0.18184,0.00868,1.16598,1,1,1,1
56,0.30375,-0.02168,0.30453,0.98696,0.01236,1.37012,1,1,1,1
56,-0.28667,0.24037,0.37411,0.02347,0.01096,0.92856,1,1,1,1
56,-0.19602,0.00968,0.19626,0.19045,0.00876,1.16794,1,1,1,1
56,-0.17217,-0.06014,0.18237,0.19788,0.00876,1.17052,1,1,1,1
56,0.38321,0.00805,0.38330,0.98696,0.01244,1.37015,1,1,1,1
56,0.30557,-0.23954,0.38827,0.98890,0.01240,1.36941,1,1,1,1
56,0.04690,0.35701,0.36007,0.02269,0.00947,0.95786,1,1,1,1
56,0.07537,-0.09286,0.11960,0.98686,0.01213,1.37007,1,1,1,1
56,-0.27678,-0.06431,0.28416,0.19474,0.00868,1.16946,1,1,1,1
56,-0.27717,-0.19595,0.33944,0.98613,0.00865,1.36909,1,1,1,1
56,0.17163,0.31130,0.35548,0.19364,0.00951,1.16714,1,1,1,1
56,0.21007,-0.17979,0.27650,0.98855,0.01228,1.36950,1,1,1,1
56,-0.11323,0.19369,0.22436,0.02374,0.01102,0.93003,1,1,1,1
56,0.06936,0.35770,0.36436,0.02268,0.00947,0.95754,1,1,1,1
56,0.00554,0.27393,0.27399,0.02319,0.00944,0.96384,1,1,1,1
56,-0.14834,0.12515,0.19408,0.02424,0.00883,0.98863,1,1,1,1
56,0.35903,0.11574,0.37722,0.21456,0.00956,1.17530,1,1,1,1
56,-0.01185,-0.38089,0.38108,0.98930,0.01209,1.36915,1,1,1,1
56,-0.22965,-0.03364,0.23210,0.19339,0.00873,1.16882,1,1,1,1
56,-0.26163,0.12339,0.28926,0.02429,0.00875,0.99105,1,1,1,1
56,-0.29917,-0.01686,0.29965,0.18949,0.00868,1.16788,1,1,1,1
56,-0.20815,0.30819,0.37190,0.02303,0.01103,0.92136,1,1,1,1
56,-0.15905,-0.15385,0.22128,0.98628,0.00875,1.36907,1,1,1,1
56,0.30016,0.23684,0.38235,0.20187,0.00955,1.17034,1,1,1,1
56,-0.14785,0.05205,0.15674,0.18816,0.00881,1.16727,1,1,1,1
56,-0.02164,0.23544,0.23644,0.02344,0.00942,0.96679,1,1,1,1
56,0.23587,0.08957,0.25230,0.21603,0.00951,1.17598,1,1,1,1
56,-0.00358,-0.21589,0.21592,0.98882,0.01207,1.36933,1,1,1,1
56,-0.37324,-0.10366,0.38736,0.19528,0.00860,1.16985,1,1,1,1
56,0.10070,-0.21901,0.24105,0.98902,0.01217,1.36929,1,1,1,1
56,0.00010,-0.13436,0.13436,0.98667,0.01205,1.37012,1,1,1,1
56,0.25139,-0.06241,0.25902,0.98708,0.01231,1.37006,1,1,1,1
56,-0.29083,0.07356,0.29999,0.02468,0.00871,0.99517,1,1,1,1
56,-0.18180,0.18382,0.25853,0.02383,0.00882,0.98517,1,1,1,1
56,0.11022,-0.36653,0.38274,0.98946,0.01221,1.36914,1,1,1,1
56,0.15575,0.19317,0.24814,0.20445,0.00949,1.17151,1,1,1,1
56,0.21012,0.18699,0.28127,0.20567,0.00951,1.17194,1,1,1,1
56,0.08210,-0.06184,0.10279,0.98669,0.01213,1.37014,1,1,1,1
56,-0.04458,-0.34860,0.35144,0.98916,0.01205,1.36919,1,1,1,1
56,0.03180,0.19405,0.19664,0.20295,0.00944,1.17102,1,1,1,1
56,-0.13144,0.13270,0.18677,0.02418,0.00885,0.98774,1,1,1,1
56,-0.05072,-0.31282,0.31690,0.98904,0.01203,1.36923,1,1,1,1
56,0.13194,0.37044,0.39323,0.18814,0.00950,1.16576,1,1,1,1
56,0.37102,0.11376,0.38807,0.21489,0.00957,1.17542,1,1,1,1
56,-0.25689,-0.13695,0.29112,0.98586,0.00868,1.36920,1,1,1,1
56,0.23026,0.25381,0.34269,0.19950,0.00953,1.16945,1,1,1,1
56,-0.16317,0.02599,0.16523,0.19003,0.00879,1.16777,1,1,1,1
56,-0.28701,-0.22755,0.36627,0.98627,0.00863,1.36903,1,1,1,1
56,-0.08212,0.39004,0.39859,0.02253,0.01113,0.91237,1,1,1,1
56,0.09894,0.18006,0.20546,0.20511,0.00946,1.17182,1,1,1,1
56,0.18054,0.25963,0.31623,0.19839,0.00951,1.16905,1,1,1,1
56,-0.23488,0.19941,0.30811,0.02373,0.01097,0.93142,1,1,1,1
56,-0.01219,-0.07762,0.07857,0.98572,0.01203,1.37046,1,1,1,1
56,0.07167,0.12874,0.14734,0.21006,0.00945,1.17379,1,1,1,1
56,0.22818,-0.16197,0.27982,0.98853,0.01230,1.36952,1,1,1,1
56,-0.36021,0.04095,0.36253,0.18225,0.00865,1.16614,1,1,1,1
56,-0.12365,-0.01053,0.12410,0.19475,0.00881,1.16917,1,1,1,1
56,0.35566,-0.16140,0.39056,0.98875,0.01244,1.36948,1,1,1,1
56,0.19133,0.02254,0.19266,0.22302,0.01223,1.17322,1,1,1,1
56,-0.30910,-0.00249,0.30911,0.18783,0.00868,1.16748,1,1,1,1
56,0.24961,-0.25687,0.35817,0.98886,0.01234,1.36941,1,1,1,1
56,0.12057,-0.08691,0.14863,0.98693,0.01217,1.37006,1,1,1,1
56,0.34317,-0.02611,0.34416,0.98707,0.01240,1.37009,1,1,1,1
56,-0.20335,0.00684,0.20346,0.19047,0.00876,1.16796,1,1,1,1
56,0.13305,0.14629,0.19775,0.20892,0.00947,1.17329,1,1,1,1
56,-0.37551,0.04956,0.37876,0.18100,0.00864,1.16584,1,1,1,1
56,0.15056,-0.20168,0.25168,0.98852,0.01222,1.36949,1,1,1,1
56,0.11754,-0.03772,0.12344,0.98662,0.01216,1.37017,1,1,1,1
56,-0.14557,0.06837,0.16083,0.18678,0.00882,1.16691,1,1,1,1
56,0.04167,-0.29961,0.30250,0.98916,0.01213,1.36922,1,1,1,1
56,0.00866,-0.11959,0.11990,0.98687,0.01206,1.37005,1,1,1,1
56,0.21901,0.26585,0.34444,0.19826,0.00952,1.16896,1,1,1,1
56,0.18504,0.21550,0.28404,0.20260,0.00950,1.17074,1,1,1,1
56,-0.32283,0.18000,0.36962,0.02389,0.00872,0.98833,1,1,1,1
56,0.35867,0.06303,0.36416,0.22022,0.00955,1.17749,1,1,1,1
56,0.02418,-0.05709,0.06200,0.98563,0.01207,1.37051,1,1,1,1
56,-0.35098,-0.04005,0.35326,0.18993,0.00864,1.16808,1,1,1,1
56,0.09779,0.12558,0.15916,0.21068,0.00946,1.17402,1,1,1,1
56,-0.12516,0.00110,0.12516,0.19360,0.00881,1.16871,1,1,1,1
56,-0.04979,-0.23053,0.23584,0.98700,0.01202,1.36998,1,1,1,1
56,0.19242,-0.18630,0.26783,0.98854,0.01227,1.36950,1,1,1,1
56,-0.06834,-0.35321,0.35976,0.98913,0.01202,1.36920,1,1,1,1
56,-0.17139,0.17200,0.24281,0.02391,0.00883,0.98579,1,1,1,1
56,0.35571,0.07337,0.36320,0.21905,0.00956,1.17704,1,1,1,1
56,0.30932,0.21816,0.37851,0.20374,0.00956,1.17108,1,1,1,1
56,-0.17524,-0.30734,0.35379,0.98701,0.01191,1.36994,1,1,1,1
56,-0.12055,-0.02518,0.12315,0.19625,0.00881,1.16977,1,1,1,1
56,0.04029,0.27067,0.27365,0.19576,0.00945,1.16812,1,1,1,1
56,0.06996,-0.20401,0.21567,0.98892,0.01214,1.36931,1,1,1,1
56,-0.27376,-0.23698,0.36208,0.98636,0.00864,1.36900,1,1,1,1
56,-0.11416,-0.01844,0.11564,0.19582,0.00882,1.16958,1,1,1,1
56,0.14900,-0.10993,0.18516,0.98712,0.01221,1.37000,1,1,1,1
56,0.08917,-0.25491,0.27005,0.98911,0.01217,1.36925,1,1,1,1
56,0.28791,-0.05552,0.29321,0.98711,0.01235,1.37006,1,1,1,1
56,-0.22272,-0.13187,0.25884,0.98595,0.00870,1.36917,1,1,1,1
56,0.08128,-0.16053,0.17993,0.98880,0.01214,1.36936,1,1,1,1
56,-0.13072,0.33248,0.35726,0.02287,0.01108,0.91802,1,1,1,1
56,0.39157,0.05629,0.39559,0.22130,0.00957,1.17787,1,1,1,1
56,0.33651,-0.04974,0.34017,0.98719,0.01240,1.37005,1,1,1,1
56,0.15696,0.02161,0.15844,0.22276,0.01219,1.17319,1,1,1,1
56,0.30045,-0.05652,0.30572,0.98715,0.01236,1.37005,1,1,1,1
56,0.08505,-0.24577,0.26007,0.98908,0.01216,1.36926,1,1,1,1
56,0.09603,-0.05037,0.10844,0.98665,0.01214,1.37016,1,1,1,1
56,-0.34376,-0.11768,0.36335,0.19767,0.00862,1.17075,1,1,1,1
56,-0.38990,0.01955,0.39039,0.18318,0.00863,1.16643,1,1,1,1
56,0.05899,-0.18971,0.19867,0.98886,0.01213,1.36933,1,1,1,1
56,-0.07442,0.16681,0.18266,0.02392,0.00890,0.98412,1,1,1,1
56,-0.26812,-0.01079,0.26834,0.18995,0.00870,1.16795,1,1,1,1
56,-0.00943,-0.05260,0.05344,0.98544,0.01203,1.37056,1,1,1,1
56,-0.00697,0.37081,0.37087,0.02262,0.00945,0.95764,1,1,1,1
56,0.21639,-0.02318,0.21762,0.98677,0.01226,1.37016,1,1,1,1
56,0.16783,-0.02814,0.17017,0.98668,0.01221,1.37017,1,1,1,1
56,0.23446,-0.14854,0.27756,0.98751,0.01231,1.36990,1,1,1,1
56,-0.04630,0.39048,0.39322,0.02252,0.01114,0.91175,1,1,1,1
56,-0.08852,0.20843,0.22645,0.02363,0.01104,0.92830,1,1,1,1
56,0.11621,-0.30017,0.32188,0.98929,0.01220,1.36920,1,1,1,1
56,0.04727,-0.39040,0.39325,0.98942,0.01215,1.36913,1,1,1,1
56,0.07373,-0.15191,0.16885,0.98720,0.01213,1.36995,1,1,1,1
56,-0.38375,0.08820,0.39375,0.02459,0.00865,0.99592,1,1,1,1
56,0.38767,-0.04074,0.38980,0.98724,0.01246,1.37005,1,1,1,1
56,0.14987,-0.26084,0.30082,0.98923,0.01223,1.36923,1,1,1,1
56,0.22766,0.18029,0.29040,0.20653,0.00952,1.17227,1,1,1,1
56,0.31691,-0.04048,0.31949,0.98709,0.01238,1.37008,1,1,1,1
56,-0.22775,-0.24074,0.33140,0.98653,0.00867,1.36895,1,1,1,1
56,0.27257,-0.05896,0.27887,0.98710,0.01233,1.37006,1,1,1,1
56,-0.12141,0.20514,0.23837,0.02366,0.01102,0.92912,1,1,1,1
56,-0.18863,-0.29249,0.34804,0.98690,0.00868,1.36883,1,1,1,1
56,0.20420,-0.09792,0.22646,0.98717,0.01226,1.37001,1,1,1,1
56,-0.20902,0.32154,0.38350,0.02295,0.01103,0.92023,1,1,1,1
56,-0.32113,-0.13294,0.34755,0.98561,0.00863,1.36927,1,1,1,1
56,-0.12518,0.16039,0.20346,0.02398,0.00886,0.98564,1,1,1,1
56,0.08692,0.10653,0.13750,0.21258,0.00945,1.17477,1,1,1,1
56,-0.01773,-0.17832,0.17920,0.98684,0.01204,1.37005,1,1,1,1
56,0.09347,-0.36461,0.37640,0.98943,0.01219,1.36915,1,1,1,1
56,0.33450,-0.02144,0.33519,0.98702,0.01239,1.37011,1,1,1,1
56,0.23683,-0.13957,0.27490,0.98747,0.01231,1.36991,1,1,1,1
56,-0.25220,0.26437,0.36537,0.02331,0.01098,0.92589,1,1,1,1
56,-0.18758,0.22374,0.29196,0.02356,0.01100,0.92848,1,1,1,1
56,0.32150,-0.17628,0.36665,0.98874,0.01241,1.36947,1,1,1,1
56,-0.08616,-0.34817,0.35867,0.98742,0.01200,1.36982,1,1,1,1
56,-0.03309,0.02409,0.04093,0.22041,0.00889,1.17888,1,1,1,1
56,0.39756,-0.03041,0.39872,0.98721,0.01246,1.37006,1,1,1,1
56,-0.09226,0.20119,0.22133,0.02368,0.01104,0.92902,1,1,1,1
56,-0.18774,0.13171,0.22933,0.02420,0.00880,0.98897,1,1,1,1
56,-0.00205,-0.32563,0.32564,0.98916,0.01209,1.36921,1,1,1,1
56,-0.03087,0.03772,0.04874,0.21887,0.00890,1.17829,1,1,1,1
56,-0.14247,-0.35292,0.38059,0.98730,0.01195,1.36985,1,1,1,1
56,-0.01066,0.14048,0.14088,0.20790,0.00942,1.17302,1,1,1,1
56,0.83849,0.65610,1.06467,0.04062,0.97853,-0.21642,0,0,1,1
56,-0.65203,-0.24041,0.69494,0.98505,0.73813,1.04857,1,0,1,0
56,-0.06822,-0.44770,0.45287,0.98939,0.01204,1.36910,1,0,0,0
56,-0.50385,0.64141,0.81564,0.02081,0.71432,-0.24291,0,0,1,1
56,-0.34144,-0.38780,0.51669,0.98692,0.73507,1.05387,1,0,1,0
56,0.75211,0.28772,0.80527,0.16975,0.15213,0.68717,1,0,1,0
56,-0.42412,-0.74088,0.85369,0.98955,0.74116,1.05439,1,0,1,0
56,-0.75983,-0.45965,0.88804,0.98600,0.74241,1.04729,1,0,1,0
56,0.68650,-0.74352,1.01199,0.99161,0.98411,0.71812,1,0,1,0
56,0.39341,-0.41307,0.57044,0.98946,0.09450,1.38412,1,0,0,0
56,0.79342,-0.64685,1.02368,0.99158,0.98403,0.71814,1,0,1,0
56,-0.55219,0.67482,0.87195,0.02069,0.71562,-0.24314,0,0,1,1
56,0.88200,0.96599,1.30807,0.03380,0.97960,-0.22642,0,0,1,1
56,0.67087,0.05500,0.67312,0.98446,0.64461,1.10981,1,0,1,0
56,-0.83894,0.77557,1.14251,0.02041,0.88249,-0.24471,0,0,1,1
56,-0.74169,-0.68526,1.00979,0.98513,0.74468,1.04406,1,0,1,0
56,0.31699,-0.74882,0.81315,0.99032,0.98140,0.71852,1,0,1,0
56,0.86699,0.13206,0.87699,0.98446,0.64929,1.10680,1,0,1,0
56,-0.73300,-0.37248,0.82221,0.98558,0.74101,1.04751,1,0,1,0
56,-0.80223,0.06517,0.80487,0.10600,0.17450,0.37815,1,0,1,0
56,0.56517,0.45763,0.72722,0.15611,0.53778,0.25379,1,0,0,0
56,-0.20215,0.43495,0.47963,0.02232,0.01108,0.91071,1,0,1,0
56,-0.63346,-0.30820,0.70445,0.98555,0.73874,1.04903,1,0,1,0
56,0.81460,0.77134,1.12185,0.03463,0.97892,-0.22519,0,0,1,1
56,-0.37121,-0.44429,0.57896,0.98709,0.73638,1.05329,1,0,1,0
56,0.58566,0.60925,0.84510,0.03560,0.54586,-0.19835,0,0,1,1
56,0.09993,0.87955,0.88520,0.02208,0.99836,-0.24362,0,0,1,1
56,-0.64334,-0.52793,0.83223,0.98672,0.74164,1.04913,1,0,1,0
56,-0.50599,0.61123,0.79349,0.02092,0.18286,-0.15339,0,0,1,1
56,-0.32370,0.95662,1.00990,0.02187,0.72521,-0.23897,0,0,1,1
56,-0.31673,0.77858,0.84054,0.02030,0.71909,-0.24403,0,0,1,1
56,0.64657,-0.57348,0.86425,0.99139,0.98143,0.71960,1,0,1,0
56,0.48437,0.43172,0.64884,0.15701,0.53460,0.25654,1,0,0,0
56,-0.21154,-0.58426,0.62137,0.98947,0.81667,0.83417,1,0,1,0
56,0.22876,-0.57739,0.62105,0.98994,0.18175,1.36441,1,0,0,0
56,-0.75281,0.59889,0.96197,0.02103,0.88161,-0.24361,0,0,1,1
56,0.43058,-0.98090,1.07124,0.99194,0.98429,0.71833,1,0,1,0
56,-0.70156,0.82287,1.08135,0.02023,0.98398,-0.24617,0,0,1,1
56,-0.50997,-0.82971,0.97390,0.98904,0.74339,1.05212,1,0,1,0
56,0.58689,-0.79214,0.98586,0.99187,0.98414,0.71837,1,0,1,0
56,0.95745,0.53108,1.09487,0.15541,0.97816,-0.04907,0,0,1,1
56,-0.73580,-0.81810,1.10031,0.98926,0.74598,1.05090,1,0,1,0
56,-0.29758,0.76425,0.82015,0.02250,0.71854,-0.23737,0,0,1,1
56,0.39477,0.58404,0.70494,0.03586,0.54040,-0.19694,0,0,1,1
56,0.65054,-0.38378,0.75531,0.98970,0.17394,1.36749,1,0,0,0
56,0.47315,-0.76045,0.89563,0.99148,0.98160,0.71959,1,0,1,0
56,0.00057,0.93100,0.93100,0.02192,0.99838,-0.24384,0,0,1,1
56,-0.32504,0.65522,0.73141,0.02072,0.71455,-0.24314,0,0,1,1
56,-0.49068,0.59170,0.76869,0.02100,0.18267,-0.15273,0,0,1,1
56,-0.21974,0.48399,0.53154,0.02208,0.01110,0.90712,1,0,1,0
56,-0.48147,-0.98410,1.09557,0.98942,0.98422,0.71580,1,0,1,0
56,0.45223,-0.24706,0.51531,0.98914,0.01256,1.36938,1,0,0,0
56,0.36685,0.57379,0.68104,0.03594,0.53926,-0.19653,0,0,1,1
56,-0.33610,0.81700,0.88343,0.02019,0.72048,-0.24427,0,0,1,1
56,0.73925,-0.41769,0.84909,0.98986,0.97493,0.72218,1,0,1,0
56,0.07487,-0.90206,0.90516,0.99033,0.18194,1.36418,1,0,0,0
56,-0.42781,0.82857,0.93249,0.02016,0.72099,-0.24429,0,0,1,1
56,-0.61973,0.55906,0.83463,0.02116,0.18162,-0.15080,0,0,1,1
56,0.06038,0.64405,0.64688,0.02256,0.99826,-0.24295,0,0,1,1
56,0.08701,-0.63183,0.63779,0.98989,0.18043,1.36495,1,0,0,0
56,0.99918,-0.58390,1.15728,0.99102,0.99703,0.70931,1,0,1,0
56,0.13648,0.58224,0.59802,0.02158,0.53454,-0.25261,0,0,1,1
56,0.93890,0.65927,1.14724,0.04066,0.97863,-0.21637,0,0,1,1
56,0.12911,0.74330,0.75443,0.02218,0.99830,-0.24349,0,0,1,1
56,-0.51084,-0.99504,1.11851,0.98940,0.98428,0.71575,1,0,1,0
56,0.82406,-0.15038,0.83767,0.98604,0.64973,1.10795,1,0,1,0
56,0.58958,0.31410,0.66803,0.16628,0.00969,1.15937,1,0,1,0
56,-0.33146,-0.94383,1.00034,0.98952,0.82236,0.82839,1,0,1,0
56,-0.61321,-0.48523,0.78196,0.98660,0.74069,1.04955,1,0,1,0
56,0.49515,-0.13514,0.51326,0.98792,0.01259,1.36984,1,0,0,0
56,0.91478,0.30797,0.96523,0.16968,0.64943,0.25350,1,0,0,0
56,0.36458,0.64869,0.74413,0.02526,0.54293,-0.23995,0,0,1,1
56,0.17364,-0.63853,0.66172,0.99000,0.18149,1.36449,1,0,0,0
56,0.87103,-0.37627,0.94883,0.98992,0.78229,1.03107,1,0,1,0
56,0.43554,0.32265,0.54203,0.16419,0.00962,1.15893,1,0,1,0
56,0.81239,0.49370,0.95064,0.15625,0.54516,0.25439,1,0,0,0
56,0.99618,0.36621,1.06136,0.16625,0.99746,-0.04151,0,0,1,1
56,0.48520,0.95951,1.07521,0.02411,0.97668,-0.24047,0,0,1,1
56,-0.98346,-0.40095,1.06205,0.96727,0.98746,0.69120,1,0,1,0
56,-0.95556,-0.95667,1.35215,0.98583,0.74937,1.04209,1,0,1,0
56,-0.16593,0.46993,0.49837,0.02214,0.01112,0.90731,1,0,1,0
56,-0.32657,0.39626,0.51349,0.02256,0.01100,0.91592,1,0,1,0
56,0.09627,-0.94907,0.95394,0.99041,0.98154,0.71852,1,0,1,0
56,-0.86313,0.26919,0.90414,0.02348,0.88112,-0.23929,0,0,1,1
56,-0.71505,-0.07059,0.71852,0.11201,0.73685,0.01587,1,0,0,0
56,-0.61688,0.78968,1.00207,0.02032,0.98387,-0.24604,0,0,1,1
56,0.50886,0.74908,0.90558,0.03486,0.55081,-0.20169,0,0,1,1
56,0.67282,-0.77057,1.02297,0.99191,0.98414,0.71840,1,0,1,0
56,0.76745,-0.29244,0.82128,0.98965,0.97253,0.72350,1,0,1,0
56,-0.82201,0.54628,0.98697,0.02127,0.88177,-0.24320,0,0,1,1
56,0.17077,-0.41293,0.44685,0.98966,0.01228,1.36909,1,0,0,0
56,0.54457,0.31348,0.62835,0.16590,0.00967,1.15931,1,0,1,0
56,-0.75512,-0.79876,1.09919,0.98568,0.74600,1.04418,1,0,1,0
56,-0.37859,-0.69168,0.78851,0.98949,0.81987,0.83068,1,0,1,0
56,-0.86862,0.92263,1.26718,0.01998,0.98424,-0.24653,0,0,1,1
56,-0.27520,0.29966,0.40685,0.02310,0.01099,0.92319,1,0,1,0
56,0.28782,0.29934,0.41527,0.19603,0.00956,1.16799,1,0,1,0
56,-0.52252,-0.54462,0.75474,0.98713,0.74012,1.05088,1,0,1,0
56,-0.68963,-0.52408,0.86617,0.98656,0.74222,1.04845,1,0,1,0
56,0.29566,0.79988,0.85277,0.03595,0.54860,-0.19700,0,0,1,1
56,0.64877,0.18126,0.67361,0.17738,0.09714,0.88751,1,0,1,0
56,-0.55323,0.40028,0.68285,0.02260,0.17981,-0.13934,0,0,1,1
56,-0.65916,-0.26715,0.71124,0.98520,0.73860,1.04851,1,0,1,0
56,-0.87049,-0.36806,0.94511,0.96761,0.74281,1.00914,1,0,1,0
56,-0.99764,-0.08885,1.00159,0.11019,0.98721,-0.11667,0,0,1,1
56,0.38114,0.25366,0.45783,0.20121,0.00959,1.17000,1,0,1,0
56,-0.59455,0.42917,0.73327,0.02246,0.18002,-0.14050,0,0,1,1
56,-0.72845,0.03080,0.72910,0.10789,0.73567,0.00617,1,0,0,0
56,-0.62239,0.55998,0.83723,0.02116,0.18162,-0.15083,0,0,1,1
56,-0.81916,-0.69093,1.07164,0.98489,0.74563,1.04291,1,0,1,0
56,0.83091,-0.30772,0.88606,0.98975,0.97263,0.72354,1,0,1,0
56,-0.80418,-0.49046,0.94195,0.98363,0.74333,1.04218,1,0,1,0
56,0.59293,0.64685,0.87749,0.03537,0.54783,-0.19939,0,0,1,1
56,-0.89767,0.20265,0.92026,0.10577,0.88108,-0.08987,0,0,1,1
56,0.25551,-0.93658,0.97081,0.99178,0.98169,0.71985,1,0,1,0
56,-0.70887,-0.97457,1.20510,0.98909,0.74722,1.04982,1,0,1,0
56,-0.66882,-0.24678,0.71290,0.98503,0.73848,1.04829,1,0,1,0
56,0.46644,0.15073,0.49019,0.21208,0.00961,1.17423,1,0,1,0
56,0.38180,-0.50847,0.63585,0.98999,0.60572,1.13832,1,0,1,0
56,0.42245,0.80750,0.91133,0.02461,0.55163,-0.24432,0,0,1,1
56,0.38593,-0.96803,1.04212,0.99190,0.98427,0.71831,1,0,1,0
56,-0.54065,0.88229,1.03476,0.02003,0.72291,-0.24455,0,0,1,1
56,-0.14747,0.93975,0.95125,0.02190,0.99838,-0.24387,0,0,1,1
56,0.76410,0.15579,0.77982,0.18054,0.64645,0.28127,1,0,0,0
56,0.76232,-0.92381,1.19773,0.99208,0.98431,0.71847,1,0,1,0
56,0.70999,-0.20872,0.74003,0.98940,0.64708,1.11253,1,0,1,0
56,0.50532,0.68703,0.85286,0.03519,0.54784,-0.20015,0,0,1,1
56,0.87219,0.42852,0.97177,0.16094,0.54320,0.26872,1,0,0,0
56,-0.60763,0.03835,0.60884,0.10867,0.17530,0.38884,1,0,1,0
56,0.02055,-0.43506,0.43555,0.98950,0.01213,1.36910,1,0,0,0
56,0.41915,-0.36650,0.55679,0.98939,0.09449,1.38416,1,0,0,0
56,-0.97176,-0.01399,0.97186,0.10748,0.98709,-0.12051,0,0,1,1
56,-0.42186,0.74560,0.85667,0.02042,0.71805,-0.24375,0,0,1,1
56,0.57949,-0.02118,0.57987,0.98475,0.64264,1.11133,1,0,1,0
56,-0.75517,-0.60506,0.96767,0.98461,0.74398,1.04357,1,0,1,0
56,-0.78591,0.00127,0.78591,0.10851,0.73702,0.00652,1,0,0,0
56,0.23599,0.35394,0.42540,0.19073,0.00954,1.16633,1,0,1,0
56,0.37727,0.41698,0.56232,0.15694,0.53137,0.25629,1,0,0,0
56,0.20301,0.80981,0.83487,0.02195,0.99833,-0.24381,0,0,1,1
56,-0.72319,0.82043,1.09366,0.02024,0.98398,-0.24615,0,0,1,1
56,-0.38065,0.66629,0.76736,0.02069,0.71506,-0.24319,0,0,1,1
56,0.72001,0.75725,1.04491,0.03473,0.97878,-0.22503,0,0,1,1
56,-0.51059,0.94277,1.07216,0.01986,0.72489,-0.24490,0,0,1,1
56,-0.86221,-0.82303,1.19197,0.98547,0.74736,1.04279,1,0,1,0
56,-0.76598,0.42522,0.87609,0.02181,0.88115,-0.24224,0,0,1,1
56,-0.75521,0.09365,0.76100,0.11065,0.17501,0.39883,1,0,1,0
56,-0.28317,-0.73659,0.78914,0.98914,0.81944,0.82826,1,0,1,0
56,-0.08127,-0.92790,0.93146,0.98977,0.18032,1.36504,1,0,0,0
56,-0.73261,0.80419,1.08786,0.02029,0.98394,-0.24608,0,0,1,1
56,0.79840,-0.15037,0.81244,0.98600,0.64907,1.10833,1,0,1,0
56,-0.66867,0.79369,1.03782,0.02031,0.98390,-0.24605,0,0,1,1
56,0.40961,-0.75910,0.86256,0.99143,0.98152,0.71958,1,0,1,0
56,-0.24162,0.55369,0.60411,0.02177,0.71042,-0.24023,0,0,1,1
56,-0.87343,0.26725,0.91340,0.02350,0.88116,-0.23926,0,0,1,1
56,-0.86114,-0.55072,1.02218,0.98382,0.74467,1.04153,1,0,1,0
56,-0.93743,-0.55603,1.08993,0.98353,0.74560,1.04026,1,0,1,0
56,0.71465,0.09491,0.72093,0.98430,0.64552,1.10908,1,0,1,0
56,0.85829,0.37979,0.93856,0.16407,0.54038,0.27830,1,0,0,0
56,0.91890,-0.81850,1.23058,0.99209,0.98424,0.71852,1,0,1,0
56,-0.72214,0.06929,0.72546,0.10653,0.17488,0.37972,1,0,1,0
56,0.80423,0.71469,1.07591,0.03491,0.97871,-0.22477,0,0,1,1
56,0.01330,0.48061,0.48080,0.02205,0.00947,0.95067,1,0,1,0
56,0.57173,0.99458,1.14720,0.03380,0.98691,-0.22670,0,0,1,1
56,-0.17011,0.68128,0.70220,0.02281,0.71523,-0.23657,0,0,1,1
56,0.79604,0.02902,0.79657,0.98496,0.64805,1.10805,1,0,1,0
56,0.44605,0.50330,0.67251,0.04197,0.53745,-0.17183,0,0,1,1
56,-0.03350,-0.77455,0.77528,0.98955,0.17993,1.36528,1,0,0,0
56,0.77735,-0.97369,1.24593,0.99213,0.98437,0.71848,1,0,1,0
56,0.46569,0.51778,0.69640,0.04181,0.53863,-0.17246,0,0,1,1
56,0.58459,-0.10343,0.59367,0.98792,0.64324,1.11366,1,0,1,0
56,-0.39166,-0.97127,1.04726,0.98950,0.82320,0.82749,1,0,1,0
56,0.04503,0.79439,0.79566,0.02236,0.99832,-0.24322,0,0,1,1
56,-0.48066,0.70844,0.85611,0.02056,0.71677,-0.24345,0,0,1,1
56,0.74246,-0.44358,0.86488,0.98991,0.97500,0.72218,1,0,1,0
56,-0.12936,0.91233,0.92145,0.02198,0.99837,-0.24376,0,0,1,1
56,-0.29998,-0.74649,0.80451,0.98914,0.81974,0.82801,1,0,1,0
56,0.61371,-0.69382,0.92630,0.99151,0.98404,0.71806,1,0,1,0
56,-0.54793,-0.93923,1.08737,0.98924,0.74508,1.05142,1,0,1,0
56,-0.97037,-0.32603,1.02368,0.96628,0.98737,0.69023,1,0,1,0
56,-0.25921,0.68801,0.73522,0.02279,0.71566,-0.23660,0,0,1,1
56,-0.04945,0.75680,0.75841,0.02250,0.99830,-0.24303,0,0,1,1
56,-0.61794,0.21741,0.65506,0.02373,0.17711,-0.12905,0,0,1,1
56,0.93247,0.26904,0.97050,0.17275,0.65014,0.25999,1,0,0,0
56,-0.96692,0.14160,0.97723,0.10736,0.88121,-0.08703,0,0,1,1
56,-0.85922,-0.32697,0.91933,0.96710,0.74220,1.00876,1,0,1,0
57,0.34026,0.17171,0.38113,0.61682,0.08656,0.39606,1,1,1,1
57,0.08611,0.05878,0.10425,0.07752,0.05778,0.55326,1,1,1,1
57,0.18115,-0.17841,0.25425,0.97320,0.01043,0.31170,1,1,1,1
57,-0.05784,0.09186,0.10856,0.03151,0.00875,0.44018,1,1,1,1
57,-0.22456,-0.12160,0.25537,0.95402,0.03108,0.30742,1,1,1,1
57,0.04863,0.01574,0.05111,0.07984,0.00883,0.38774,1,1,1,1
57,-0.24746,0.21142,0.32548,0.03018,0.02791,0.53879,1,1,1,1
57,-0.12726,-0.17283,0.21463,0.98282,0.00878,0.31123,1,1,1,1
57,-0.26399,0.28820,0.39083,0.02953,0.02829,0.53949,1,1,1,1
57,0.25013,-0.08785,0.26510,0.96588,0.07787,0.29250,1,1,1,1
57,0.29893,-0.21028,0.36548,0.97368,0.07978,0.29241,1,1,1,1
57,0.02672,-0.28143,0.28270,0.97378,0.01038,0.31166,1,1,1,1
57,0.21358,0.18747,0.28419,0.07120,0.08201,0.57058,1,1,1,1
57,0.24865,-0.27631,0.37172,0.97398,0.01052,0.31161,1,1,1,1
57,-0.03755,-0.23185,0.23487,0.98325,0.01032,0.31086,1,1,1,1
57,-0.31022,-0.20747,0.37320,0.95473,0.03176,0.30716,1,1,1,1
57,-0.09750,0.01741,0.09904,0.64868,0.00884,0.40667,1,1,1,1
57,0.23750,-0.30458,0.38623,0.97412,0.01052,0.31160,1,1,1,1
57,0.13033,-0.04189,0.13689,0.85627,0.01034,0.33179,1,1,1,1
57,0.24480,0.26052,0.35749,0.02113,0.08462,0.47597,1,1,1,1
57,0.17722,-0.15128,0.23301,0.97300,0.01042,0.31172,1,1,1,1
57,-0.04294,0.38022,0.38264,0.02909,0.02654,0.53772,1,1,1,1
57,0.28982,0.15419,0.32829,0.61745,0.08426,0.39642,1,1,1,1
57,-0.17103,-0.24033,0.29497,0.98310,0.03132,0.30593,1,1,1,1
57,0.05733,0.23503,0.24192,0.03037,0.07722,0.51130,1,1,1,1
57,0.18538,-0.33099,0.37937,0.97417,0.01050,0.31160,1,1,1,1
57,-0.05355,-0.30106,0.30579,0.97371,0.01035,0.31167,1,1,1,1
57,0.08751,-0.16854,0.18990,0.97289,0.01037,0.31174,1,1,1,1
57,0.19696,0.21317,0.29023,0.06963,0.08188,0.56972,1,1,1,1
57,-0.07699,-0.03552,0.08479,0.65700,0.00882,0.40925,1,1,1,1
57,-0.04676,-0.27306,0.27703,0.98343,0.01034,0.31084,1,1,1,1
57,-0.14153,-0.00864,0.14180,0.65088,0.00883,0.40733,1,1,1,1
57,-0.25905,0.30156,0.39754,0.02943,0.02834,0.53958,1,1,1,1
57,-0.13209,0.29462,0.32287,0.02964,0.02634,0.53706,1,1,1,1
57,0.13792,0.21882,0.25866,0.02138,0.07981,0.47999,1,1,1,1
57,-0.17301,-0.15365,0.23139,0.95435,0.00879,0.31395,1,1,1,1
57,-0.33028,-0.10768,0.34739,0.95379,0.03145,0.30731,1,1,1,1
57,-0.15024,0.26002,0.30030,0.02989,0.02623,0.53669,1,1,1,1
57,0.05705,-0.12734,0.13953,0.97277,0.01033,0.31176,1,1,1,1
57,-0.33496,0.21746,0.39936,0.03002,0.02814,0.53914,1,1,1,1
57,-0.20410,-0.19902,0.28507,0.95473,0.03130,0.30731,1,1,1,1
57,-0.00917,0.21661,0.21681,0.03044,0.00878,0.44328,1,1,1,1
57,0.11796,-0.30067,0.32298,0.97385,0.01045,0.31164,1,1,1,1
57,0.10676,-0.22922,0.25287,0.97336,0.01041,0.31169,1,1,1,1
57,0.12208,-0.17252,0.21134,0.97301,0.01039,0.31172,1,1,1,1
57,-0.15086,-0.03958,0.15597,0.65499,0.00882,0.40860,1,1,1,1
57,0.17996,-0.31185,0.36005,0.97405,0.01049,0.31161,1,1,1,1
57,0.07636,-0.32789,0.33667,0.97392,0.01043,0.31163,1,1,1,1
57,0.27954,0.23417,0.36466,0.47186,0.08544,0.43247,1,1,1,1
57,-0.12622,0.37619,0.39680,0.02902,0.02836,0.53972,1,1,1,1
57,0.14390,-0.22183,0.26442,0.97340,0.01043,0.31168,1,1,1,1
57,-0.11568,0.06880,0.13459,0.03165,0.00875,0.43980,1,1,1,1
57,-0.04565,-0.13747,0.14485,0.98275,0.01028,0.31091,1,1,1,1
57,0.00238,0.00117,0.00266,0.52529,0.00883,0.38775,1,1,1,1
57,0.18239,0.08372,0.20068,0.62307,0.07523,0.39709,1,1,1,1
57,0.02782,0.35723,0.35832,0.02935,0.08039,0.50594,1,1,1,1
57,-0.24316,0.29557,0.38274,0.02949,0.02827,0.53949,1,1,1,1
57,0.07454,0.38916,0.39624,0.02025,0.08182,0.47449,1,1,1,1
57,-0.16751,0.12050,0.20634,0.03109,0.02188,0.52507,1,1,1,1
57,0.14260,-0.03647,0.14719,0.85626,0.01035,0.33179,1,1,1,1
57,0.25633,-0.17491,0.31032,0.97335,0.01048,0.31167,1,1,1,1
57,-0.11627,0.26490,0.28929,0.02990,0.02618,0.53662,1,1,1,1
57,0.00295,0.30586,0.30588,0.02972,0.07845,0.50847,1,1,1,1
57,-0.07333,0.23152,0.24285,0.03023,0.02596,0.53596,1,1,1,1
57,-0.12659,0.07985,0.14967,0.03153,0.00875,0.44014,1,1,1,1
57,-0.00168,-0.35798,0.35799,0.97419,0.01040,0.31162,1,1,1,1
57,0.06307,0.37419,0.37947,0.02033,0.08121,0.47520,1,1,1,1
57,0.25815,0.13677,0.29215,0.61867,0.08271,0.39641,1,1,1,1
57,-0.03716,0.18726,0.19091,0.03066,0.00878,0.44263,1,1,1,1
57,-0.14707,0.35887,0.38784,0.02912,0.02833,0.53967,1,1,1,1
57,0.22995,-0.02627,0.23145,0.85681,0.07705,0.28047,1,1,1,1
57,-0.15281,0.14161,0.20834,0.03091,0.02189,0.52540,1,1,1,1
57,0.09105,0.27344,0.28820,0.03010,0.07911,0.50907,1,1,1,1
57,-0.09191,-0.24714,0.26368,0.98324,0.01030,0.31087,1,1,1,1
57,-0.15740,-0.20097,0.25527,0.98292,0.03112,0.30599,1,1,1,1
57,0.14344,-0.29787,0.33061,0.97389,0.01046,0.31163,1,1,1,1
57,0.00162,0.02803,0.02808,0.07857,0.00883,0.38831,1,1,1,1
57,-0.27638,0.00487,0.27642,0.64407,0.02297,0.40630,1,1,1,1
57,-0.23353,0.24339,0.33731,0.02993,0.02802,0.53904,1,1,1,1
57,-0.00924,0.30190,0.30204,0.02973,0.02613,0.53667,1,1,1,1
57,0.12090,0.15591,0.19729,0.07209,0.07805,0.56990,1,1,1,1
57,-0.36126,0.16719,0.39808,0.03042,0.02799,0.53875,1,1,1,1
57,-0.23423,0.30237,0.38249,0.02945,0.02828,0.53951,1,1,1,1
57,0.34282,0.00963,0.34296,0.85702,0.08064,0.27786,1,1,1,1
57,-0.31369,-0.24686,0.39917,0.95507,0.03193,0.30709,1,1,1,1
57,-0.10001,-0.32042,0.33567,0.98358,0.01033,0.31083,1,1,1,1
57,0.33055,0.05860,0.33570,0.63082,0.08009,0.39326,1,1,1,1
57,-0.04297,0.09265,0.10213,0.03152,0.00875,0.44014,1,1,1,1
57,-0.35134,0.00628,0.35140,0.03405,0.02300,0.52353,1,1,1,1
57,0.18443,-0.24732,0.30852,0.97366,0.01046,0.31165,1,1,1,1
57,-0.30790,-0.22601,0.38194,0.95490,0.03182,0.30714,1,1,1,1
57,-0.02883,-0.00574,0.02939,0.52551,0.00883,0.38776,1,1,1,1
57,0.29760,0.15669,0.33633,0.61738,0.08460,0.39636,1,1,1,1
57,-0.24457,-0.24653,0.34726,0.95511,0.03165,0.30718,1,1,1,1
57,0.14213,-0.06708,0.15717,0.96515,0.01036,0.31245,1,1,1,1
57,-0.10290,-0.36474,0.37897,0.98377,0.01035,0.31081,1,1,1,1
57,-0.15677,-0.16733,0.22930,0.95449,0.00878,0.31394,1,1,1,1
57,-0.16466,-0.07569,0.18122,0.95363,0.00881,0.31402,1,1,1,1
57,0.03620,0.07883,0.08674,0.07578,0.00947,0.39314,1,1,1,1
57,0.11647,-0.05196,0.12753,0.96483,0.01034,0.31249,1,1,1,1
57,0.05072,-0.04431,0.06735,0.85561,0.01030,0.33204,1,1,1,1
57,0.35025,-0.01964,0.35080,0.85770,0.08097,0.27777,1,1,1,1
57,-0.19109,-0.28023,0.33918,0.98327,0.03156,0.30587,1,1,1,1
57,-0.28192,0.24547,0.37381,0.02985,0.02814,0.53921,1,1,1,1
57,0.35324,0.10769,0.36929,0.62535,0.08578,0.39324,1,1,1,1
57,0.29365,-0.13199,0.32195,0.97315,0.07940,0.29249,1,1,1,1
57,0.23574,-0.15381,0.28148,0.97316,0.01046,0.31170,1,1,1,1
57,-0.13902,0.14050,0.19765,0.03094,0.02189,0.52533,1,1,1,1
57,0.07700,0.19349,0.20825,0.03076,0.07717,0.51243,1,1,1,1
57,0.08482,0.31973,0.33079,0.02972,0.07974,0.50749,1,1,1,1
57,-0.09774,0.28145,0.29794,0.02979,0.02622,0.53676,1,1,1,1
57,-0.31156,-0.13323,0.33885,0.95405,0.03147,0.30729,1,1,1,1
57,0.20158,-0.14020,0.24555,0.97298,0.01043,0.31172,1,1,1,1
57,-0.07443,-0.29537,0.30460,0.98350,0.01033,0.31084,1,1,1,1
57,0.13166,0.29422,0.32234,0.02086,0.08098,0.47731,1,1,1,1
57,-0.02761,0.39394,0.39491,0.02901,0.08134,0.50422,1,1,1,1
57,-0.26114,0.02304,0.26216,0.64194,0.02297,0.40586,1,1,1,1
57,-0.03120,0.19795,0.20040,0.03057,0.00878,0.44288,1,1,1,1
57,-0.10931,-0.24654,0.26969,0.98322,0.01029,0.31087,1,1,1,1
57,0.24904,0.24962,0.35261,0.02121,0.08457,0.47627,1,1,1,1
57,-0.35686,0.06823,0.36332,0.03133,0.02213,0.52543,1,1,1,1
57,-0.16520,0.22264,0.27723,0.03019,0.02777,0.53861,1,1,1,1
57,0.07798,-0.02238,0.08113,0.85537,0.01030,0.33212,1,1,1,1
57,0.15626,0.32443,0.36010,0.02068,0.08248,0.47565,1,1,1,1
57,-0.22284,0.17287,0.28203,0.03054,0.02193,0.52615,1,1,1,1
57,0.35216,0.18734,0.39888,0.61520,0.08734,0.39642,1,1,1,1
57,-0.21509,0.12290,0.24772,0.03100,0.02190,0.52526,1,1,1,1
57,0.12011,-0.23845,0.26700,0.97346,0.01042,0.31168,1,1,1,1
57,0.36717,0.09194,0.37851,0.62776,0.08600,0.39227,1,1,1,1
57,-0.24537,-0.18721,0.30864,0.95460,0.03142,0.30728,1,1,1,1
57,0.06684,0.25315,0.26182,0.03023,0.07788,0.51039,1,1,1,1
57,-0.32344,-0.08545,0.33454,0.95358,0.03134,0.30736,1,1,1,1
57,-0.02091,-0.01498,0.02572,0.65605,0.00882,0.40894,1,1,1,1
57,-0.28327,0.20035,0.34696,0.03023,0.02795,0.53881,1,1,1,1
57,-0.03642,0.06112,0.07114,0.29159,0.00885,0.38321,1,1,1,1
57,-0.10267,0.25159,0.27173,0.03002,0.02610,0.53638,1,1,1,1
57,-0.22540,-0.07765,0.23840,0.95360,0.00882,0.31402,1,1,1,1
57,0.03956,0.39642,0.39838,0.02908,0.08186,0.50405,1,1,1,1
57,0.19029,0.25860,0.32107,0.02113,0.08250,0.47727,1,1,1,1
57,0.24396,-0.10786,0.26674,0.96611,0.07772,0.29256,1,1,1,1
57,-0.13236,-0.11070,0.17255,0.95399,0.00880,0.31399,1,1,1,1
57,-0.20725,-0.19013,0.28125,0.95465,0.03127,0.30732,1,1,1,1
57,0.39636,0.05366,0.39997,0.63341,0.08233,0.39151,1,1,1,1
57,-0.33897,-0.13966,0.36661,0.95409,0.03161,0.30725,1,1,1,1
57,0.14391,0.04399,0.15048,0.62694,0.07416,0.39638,1,1,1,1
57,-0.20673,0.15496,0.25836,0.03072,0.02191,0.52580,1,1,1,1
57,0.33301,-0.19952,0.38821,0.97369,0.08088,0.29209,1,1,1,1
57,-0.07316,0.15655,0.17280,0.03089,0.00877,0.44197,1,1,1,1
57,0.12589,-0.19132,0.22902,0.97315,0.01040,0.31171,1,1,1,1
57,-0.05904,0.00142,0.05905,0.65237,0.00883,0.40778,1,1,1,1
57,0.26027,-0.25218,0.36240,0.97386,0.01051,0.31162,1,1,1,1
57,0.20720,0.06052,0.21585,0.62680,0.07608,0.39583,1,1,1,1
57,-0.25617,-0.16610,0.30531,0.95440,0.03138,0.30730,1,1,1,1
57,-0.25306,-0.19649,0.32039,0.95468,0.03148,0.30725,1,1,1,1
57,0.11909,0.05282,0.13028,0.62504,0.07338,0.39709,1,1,1,1
57,0.04223,-0.08178,0.09204,0.97096,0.01031,0.31193,1,1,1,1
57,0.00443,-0.15939,0.15945,0.97287,0.01032,0.31176,1,1,1,1
57,-0.26725,-0.13267,0.29837,0.95409,0.03129,0.30735,1,1,1,1
57,-0.21319,-0.11659,0.24299,0.95398,0.00880,0.31399,1,1,1,1
57,0.30313,-0.10326,0.32023,0.96629,0.07963,0.29198,1,1,1,1
57,0.18506,-0.18566,0.26213,0.97326,0.01044,0.31169,1,1,1,1
57,-0.12032,-0.11884,0.16912,0.95408,0.00880,0.31398,1,1,1,1
57,-0.29705,-0.22758,0.37421,0.95492,0.03179,0.30715,1,1,1,1
57,-0.21321,0.22432,0.30948,0.03011,0.02789,0.53880,1,1,1,1
57,-0.09697,-0.35749,0.37041,0.98374,0.01035,0.31082,1,1,1,1
57,0.03102,0.15216,0.15529,0.03107,0.00876,0.44143,1,1,1,1
57,-0.31164,-0.02578,0.31271,0.64730,0.02297,0.40702,1,1,1,1
57,-0.04541,-0.11466,0.12332,0.98139,0.01027,0.31103,1,1,1,1
57,0.03051,-0.28538,0.28701,0.97381,0.01039,0.31165,1,1,1,1
57,0.27511,0.09906,0.29240,0.62402,0.08263,0.39469,1,1,1,1
57,0.16786,0.34399,0.38276,0.02056,0.08330,0.47470,1,1,1,1
57,-0.27780,-0.08404,0.29023,0.95361,0.03115,0.30742,1,1,1,1
57,-0.20776,0.11781,0.23884,0.03106,0.02189,0.52515,1,1,1,1
57,0.08581,-0.14393,0.16757,0.97271,0.01036,0.31176,1,1,1,1
57,0.22616,0.20478,0.30509,0.07036,0.08282,0.57028,1,1,1,1
57,-0.28719,-0.06035,0.29346,0.95337,0.03109,0.30745,1,1,1,1
57,0.04740,-0.26467,0.26888,0.97372,0.01039,0.31166,1,1,1,1
57,-0.25455,0.25963,0.36360,0.02977,0.02814,0.53925,1,1,1,1
57,0.25370,-0.18416,0.31349,0.97341,0.01048,0.31167,1,1,1,1
57,0.24953,0.10312,0.27000,0.62270,0.08175,0.39538,1,1,1,1
57,0.04708,-0.23431,0.23899,0.97351,0.01037,0.31168,1,1,1,1
57,0.18246,-0.09689,0.20660,0.96572,0.01040,0.31239,1,1,1,1
57,-0.01929,0.16014,0.16130,0.03093,0.00877,0.44184,1,1,1,1
57,-0.03683,0.07580,0.08427,0.28904,0.00875,0.38313,1,1,1,1
57,0.18766,0.24739,0.31051,0.02120,0.08218,0.47775,1,1,1,1
57,-0.97316,0.99442,1.39137,0.02933,0.98643,0.24500,1,0,0,0
57,0.04703,0.72481,0.72634,0.01855,0.43311,0.23633,1,0,1,0
57,0.84695,0.61291,1.04546,0.04094,0.91397,0.24686,1,0,0,0
57,0.69788,0.74821,1.02316,0.03971,0.99494,0.24676,1,0,0,0
57,-0.27558,0.46234,0.53824,0.02824,0.11593,0.47728,1,0,1,0
57,0.60961,0.90851,1.09408,0.03848,0.99517,0.24654,1,0,0,0
57,-0.95097,-0.51729,1.08256,0.97925,0.95874,0.22483,1,0,1,0
57,0.05218,-0.59377,0.59606,0.97526,0.01054,0.31149,1,0,0,0
57,0.31329,0.88228,0.93625,0.03862,0.99492,0.24657,1,0,0,0
57,0.81517,-0.77798,1.12684,0.97681,0.97866,0.20005,1,0,1,0
57,0.97472,-0.28919,1.01671,0.97015,0.97766,0.19543,1,0,1,0
57,-0.09490,-0.80355,0.80913,0.97590,0.03322,0.30575,1,0,0,0
57,0.09897,0.40988,0.42166,0.02014,0.08196,0.47398,1,0,1,0
57,0.57323,-0.15096,0.59277,0.96780,0.08902,0.28922,1,0,0,0
57,-0.35628,-0.32790,0.48420,0.95570,0.03243,0.30691,1,0,0,0
57,-0.46812,0.12740,0.48515,0.03064,0.02807,0.53874,1,0,1,0
57,0.90396,-0.45551,1.01224,0.97591,0.97801,0.19974,1,0,1,0
57,0.53176,0.83465,0.98965,0.03900,0.99500,0.24663,1,0,0,0
57,-0.47354,-0.55926,0.73281,0.98413,0.03380,0.30527,1,0,0,0
57,0.01879,-0.98831,0.98848,0.97663,0.99142,0.19428,1,0,1,0
57,0.73605,-0.50978,0.89535,0.97590,0.97726,0.20021,1,0,1,0
57,0.95180,0.77138,1.22513,0.03957,0.99510,0.24673,1,0,0,0
57,0.81755,0.62519,1.02920,0.04082,0.91344,0.24684,1,0,0,0
57,-0.02557,-0.68224,0.68272,0.97553,0.01054,0.31147,1,0,0,0
57,0.31041,0.59492,0.67103,0.04100,0.42953,0.22864,1,0,1,0
57,0.65599,0.06210,0.65892,0.85858,0.43637,0.25395,1,0,0,0
57,0.71585,-0.24986,0.75820,0.97474,0.09426,0.28831,1,0,0,0
57,0.23815,-0.99053,1.01875,0.97685,0.99177,0.19429,1,0,1,0
57,-0.41043,-0.00437,0.41045,0.03233,0.06124,0.52958,1,0,1,0
57,-0.63375,0.03297,0.63461,0.03158,0.16268,0.45928,1,0,1,0
57,0.50352,-0.43967,0.66847,0.97529,0.46536,0.31860,1,0,0,0
57,-0.57307,-0.33663,0.66462,0.95565,0.49810,0.34661,1,0,0,0
57,0.56375,-0.06972,0.56804,0.96688,0.08849,0.28930,1,0,0,0
57,0.91646,0.40127,1.00046,0.14958,0.96871,0.26703,1,0,0,0
57,0.65700,0.27424,0.71194,0.61389,0.45580,0.35762,1,0,0,0
57,0.71845,-0.00976,0.71852,0.96675,0.09383,0.28767,1,0,0,0
57,-0.12654,0.92705,0.93565,0.01192,0.49935,0.23533,1,0,1,0
57,-0.61260,-0.78853,0.99853,0.98479,0.95794,0.23120,1,0,1,0
57,0.75436,-0.75875,1.06993,0.97670,0.68343,0.51447,1,0,1,0
57,0.76185,-0.41646,0.86825,0.97557,0.97697,0.20014,1,0,1,0
57,-0.69561,0.65353,0.95445,0.03127,0.98482,0.24536,1,0,0,0
57,-0.69198,-0.40049,0.79952,0.95608,0.53932,0.39433,1,0,1,0
57,0.50694,0.85663,0.99539,0.03883,0.99502,0.24660,1,0,0,0
57,-0.76645,-0.43719,0.88237,0.95052,0.56215,0.42519,1,0,1,0
57,0.06104,-0.68316,0.68588,0.97565,0.01059,0.31145,1,0,0,0
57,-0.47608,0.86500,0.98736,0.01199,0.50799,0.23516,1,0,0,0
57,0.63096,0.00963,0.63104,0.85943,0.09066,0.27155,1,0,0,0
57,0.69418,0.33592,0.77119,0.15095,0.46696,0.22489,1,0,1,0
57,0.09170,0.94608,0.95052,0.03816,0.99338,0.24650,1,0,0,0
57,0.17751,-0.60508,0.63058,0.97551,0.01062,0.31145,1,0,0,0
57,-0.39742,-0.69241,0.79836,0.98468,0.03399,0.30520,1,0,0,0
57,-0.14914,0.64600,0.66299,0.01269,0.42678,0.23896,1,0,1,0
57,0.64462,0.48886,0.80902,0.04216,0.47306,0.23026,1,0,1,0
57,-0.80518,-0.57728,0.99075,0.97955,0.95800,0.22645,1,0,1,0
57,0.95582,-0.37786,1.02780,0.97568,0.97796,0.19960,1,0,1,0
57,0.89397,0.67103,1.11779,0.04041,0.91585,0.24680,1,0,0,0
57,0.70549,0.58695,0.91773,0.04116,0.49047,0.23113,1,0,1,0
57,0.99771,-0.74457,1.24491,0.97687,0.97934,0.19968,1,0,1,0
57,-0.12064,0.67341,0.68413,0.01261,0.43210,0.23850,1,0,1,0
57,0.40624,-0.84346,0.93620,0.97661,0.51600,0.36355,1,0,1,0
57,0.33388,-0.88886,0.94950,0.97666,0.51436,0.36191,1,0,1,0
57,0.47278,0.55762,0.73107,0.04140,0.45260,0.22956,1,0,1,0
57,0.71477,0.50584,0.87566,0.04199,0.48486,0.23078,1,0,1,0
57,-0.56915,0.08854,0.57599,0.03126,0.02816,0.53847,1,0,1,0
57,0.46222,0.00798,0.46229,0.85808,0.08472,0.27520,1,0,0,0
57,-0.76770,-0.99009,1.25285,0.98524,0.96040,0.22742,1,0,1,0
57,0.31699,-0.63814,0.71253,0.97583,0.47421,0.32556,1,0,0,0
57,-0.08356,0.58570,0.59163,0.01291,0.40463,0.24150,1,0,1,0
57,-0.94236,0.65945,1.15018,0.03110,0.98527,0.24533,1,0,0,0
57,0.38554,0.47451,0.61139,0.04226,0.43082,0.22831,1,0,1,0
57,0.60908,0.42496,0.74267,0.04286,0.46199,0.22964,1,0,1,0
57,0.85355,0.80971,1.17650,0.03925,0.99513,0.24668,1,0,0,0
57,0.35081,0.23216,0.42067,0.47355,0.08821,0.43339,1,0,1,0
57,0.37977,-0.45546,0.59302,0.97516,0.45055,0.30808,1,0,0,0
57,0.68477,-0.21741,0.71846,0.96880,0.09310,0.28809,1,0,0,0
57,0.64201,0.40742,0.76037,0.04307,0.46545,0.22975,1,0,1,0
57,-0.56503,-0.77274,0.95728,0.98478,0.95735,0.23225,1,0,1,0
57,0.46931,0.04555,0.47151,0.85735,0.08486,0.27492,1,0,0,0
57,0.73440,0.30392,0.79480,0.61262,0.47011,0.36407,1,0,0,0
57,-0.15286,0.61296,0.63173,0.01280,0.41788,0.23985,1,0,1,0
57,0.67503,0.42333,0.79679,0.04290,0.47184,0.23007,1,0,1,0
57,0.98311,-0.50924,1.10717,0.97619,0.97861,0.19959,1,0,1,0
57,0.40269,-0.59882,0.72163,0.97580,0.47891,0.32940,1,0,0,0
57,0.49791,0.11723,0.51152,0.62858,0.09169,0.38991,1,0,0,0
57,0.21171,-0.88326,0.90828,0.97653,0.50008,0.34815,1,0,1,0
57,0.41840,-0.16197,0.44866,0.96740,0.08366,0.29082,1,0,0,0
57,-0.96851,0.57943,1.12861,0.03161,0.98496,0.24542,1,0,0,0
57,-0.40787,0.55393,0.68789,0.02752,0.42233,0.23338,1,0,1,0
57,0.96690,-0.26043,1.00136,0.96991,0.97747,0.19534,1,0,1,0
57,-0.52832,0.93352,1.07265,0.01181,0.93325,0.24213,1,0,0,0
57,0.76686,0.99647,1.25739,0.03794,0.99538,0.24644,1,0,0,0
57,-0.33957,0.55220,0.64825,0.02760,0.41624,0.23346,1,0,1,0
57,-0.69600,0.37416,0.79020,0.02839,0.11867,0.47586,1,0,1,0
57,0.52682,0.63811,0.82748,0.04064,0.46833,0.23036,1,0,1,0
57,-0.97128,0.52522,1.10419,0.02625,0.98471,0.24447,1,0,0,0
57,-0.78869,0.80448,1.12660,0.03033,0.98561,0.24519,1,0,0,0
57,0.98768,-0.98287,1.39340,0.97738,0.97975,0.19982,1,0,1,0
57,-0.48839,-0.40717,0.63585,0.95624,0.03328,0.30661,1,0,0,0
57,-0.47669,0.55830,0.73412,0.02742,0.42919,0.23330,1,0,1,0
57,0.47444,0.11670,0.48858,0.62794,0.09074,0.39053,1,0,0,0
57,0.92683,0.90056,1.29229,0.03860,0.99530,0.24656,1,0,0,0
57,-0.80075,0.67850,1.04955,0.03106,0.98512,0.24532,1,0,0,0
57,-0.18976,-0.37412,0.41949,0.98370,0.03193,0.30576,1,0,0,0
57,-0.62483,-0.89512,1.09163,0.98509,0.95884,0.22988,1,0,1,0
57,0.47031,-0.00129,0.47031,0.85834,0.08503,0.27505,1,0,0,0
57,0.26504,0.99213,1.02692,0.03789,0.99353,0.24645,1,0,0,0
57,-0.14795,-0.82086,0.83408,0.97590,0.03349,0.30568,1,0,0,0
57,-0.78522,0.25674,0.82612,0.02799,0.11712,0.47589,1,0,1,0
57,-0.01064,0.61625,0.61634,0.01283,0.40730,0.24116,1,0,1,0
57,-0.69405,0.11186,0.70301,0.03085,0.16447,0.45738,1,0,1,0
57,0.98648,-0.28942,1.02806,0.97017,0.97773,0.19542,1,0,1,0
57,-0.36469,0.23590,0.43434,0.02983,0.02830,0.53939,1,0,1,0
57,0.41392,-0.81561,0.91463,0.97653,0.51308,0.36066,1,0,1,0
57,0.74053,-0.75750,1.05934,0.97669,0.68273,0.51407,1,0,1,0
57,0.47295,0.98501,1.09267,0.03796,0.99521,0.24645,1,0,0,0
57,0.93650,0.00304,0.93650,0.96738,0.96720,0.19995,1,0,1,0
57,0.61146,0.99911,1.17136,0.03789,0.99531,0.24643,1,0,0,0
57,-0.18361,-0.85024,0.86984,0.97596,0.03373,0.30561,1,0,0,0
57,0.38579,-0.39441,0.55172,0.97488,0.44001,0.30135,1,0,0,0
57,-0.90460,-0.40143,0.98967,0.95906,0.58648,0.44868,1,0,1,0
57,-0.94514,0.13505,0.95474,0.03024,0.18012,0.45069,1,0,1,0
57,0.39452,0.24478,0.46428,0.47304,0.09023,0.43447,1,0,1,0
57,0.46318,0.05651,0.46661,0.85706,0.08462,0.27502,1,0,0,0
57,0.58798,-0.10401,0.59711,0.96735,0.08943,0.28906,1,0,0,0
57,0.99272,-0.53195,1.12626,0.97627,0.97873,0.19959,1,0,1,0
57,-0.90472,-0.25172,0.93908,0.81508,0.56657,0.56194,1,0,1,0
57,0.54831,0.71775,0.90322,0.03993,0.99479,0.24680,1,0,0,0
57,-0.81220,0.94725,1.24778,0.02961,0.98612,0.24505,1,0,0,0
57,-0.34310,-0.45302,0.56829,0.98385,0.03287,0.30552,1,0,0,0
57,-0.94271,0.81694,1.24743,0.03020,0.98586,0.24516,1,0,0,0
57,-0.64547,-0.66732,0.92841,0.97991,0.95725,0.22819,1,0,1,0
57,-0.00844,-0.67379,0.67384,0.97552,0.01055,0.31147,1,0,0,0
57,0.75522,0.11802,0.76439,0.85825,0.96629,0.48152,1,0,1,0
57,-0.99795,0.19040,1.01595,0.02976,0.98317,0.24511,1,0,0,0
57,-0.95311,-0.69049,1.17695,0.97992,0.95986,0.22354,1,0,1,0
57,-0.65891,-0.02803,0.65951,0.48746,0.46610,0.35082,1,0,1,0
57,-0.36582,0.44646,0.57719,0.02825,0.11657,0.47688,1,0,1,0
57,-0.81313,0.87243,1.19261,0.02997,0.98588,0.24512,1,0,0,0
57,-0.39505,0.11631,0.41182,0.03083,0.02785,0.53833,1,0,1,0
57,0.09083,-0.85437,0.85918,0.97631,0.09291,0.28883,1,0,0,0
57,-0.65317,-0.54220,0.84888,0.97947,0.55158,0.39914,1,0,1,0
57,-0.37917,-0.60880,0.71722,0.98441,0.03361,0.30531,1,0,0,0
57,0.58499,0.42590,0.72360,0.04285,0.45835,0.22948,1,0,1,0
57,-0.47569,0.35370,0.59278,0.02878,0.11570,0.47874,1,0,1,0
57,0.87459,-0.05899,0.87658,0.96783,0.96641,0.20119,1,0,1,0
57,0.14847,0.78927,0.80312,0.03929,0.99305,0.24671,1,0,0,0
57,0.90038,-0.09647,0.90553,0.96829,0.96644,0.20168,1,0,1,0
57,0.69063,0.61389,0.92403,0.04090,0.49064,0.23117,1,0,1,0
57,-0.65239,-0.90738,1.11757,0.98510,0.95914,0.22938,1,0,1,0
57,0.03650,0.60422,0.60532,0.01908,0.40010,0.23867,1,0,1,0
57,-0.43205,-0.80003,0.90924,0.98498,0.95614,0.23463,1,0,1,0
57,-0.45244,0.52384,0.69218,0.02765,0.41772,0.23341,1,0,1,0
57,0.37595,0.77799,0.86406,0.03941,0.99478,0.24671,1,0,0,0
57,0.43888,0.67941,0.80883,0.04025,0.45821,0.23005,1,0,1,0
57,0.21779,0.90077,0.92672,0.03848,0.99333,0.24656,1,0,0,0
57,0.73919,-0.48157,0.88222,0.97580,0.97715,0.20020,1,0,1,0
57,0.62265,-0.00667,0.62269,0.96635,0.09041,0.28867,1,0,0,0
57,-0.13891,-0.39165,0.41556,0.98384,0.03179,0.30578,1,0,0,0
57,0.57727,0.26863,0.63672,0.61207,0.44286,0.35424,1,0,0,0
57,0.63406,-0.65718,0.91319,0.97628,0.51593,0.36353,1,0,1,0
57,-0.80972,0.76641,1.11491,0.03053,0.98549,0.24522,1,0,0,0
57,-0.81847,-0.85206,1.18149,0.98044,0.95995,0.22387,1,0,1,0
57,0.88859,0.40334,0.97585,0.14936,0.96854,0.26699,1,0,0,0
57,-0.39232,-0.42696,0.57984,0.98367,0.03296,0.30550,1,0,0,0
57,0.84115,-0.20797,0.86648,0.96915,0.97633,0.19533,1,0,1,0
57,-0.80469,-0.38702,0.89292,0.94993,0.56355,0.42728,1,0,1,0
57,0.57689,0.12704,0.59071,0.62974,0.42980,0.34227,1,0,0,0
57,-0.64207,0.67093,0.92866,0.03119,0.47229,0.23233,1,0,1,0
57,-0.84356,-0.51050,0.98601,0.97927,0.58802,0.43610,1,0,1,0
57,-0.80664,-0.91912,1.22289,0.98501,0.96025,0.22747,1,0,1,0
57,-0.49389,0.04125,0.49561,0.03178,0.06178,0.52781,1,0,1,0
57,0.92018,-0.98117,1.34515,0.97734,0.97583,0.20239,1,0,1,0
57,-0.83367,-0.36959,0.91192,0.94968,0.56749,0.43237,1,0,1,0
57,-0.94904,0.57295,1.10858,0.03167,0.98490,0.24543,1,0,0,0
57,-0.42855,-0.29736,0.52161,0.95542,0.03261,0.30686,1,0,0,0
57,0.92406,0.70132,1.16006,0.04015,0.91690,0.24678,1,0,0,0
57,0.91315,0.75881,1.18728,0.03966,0.99506,0.24675,1,0,0,0
57,-0.37588,-0.88958,0.96573,0.98526,0.03458,0.30503,1,0,0,0
57,0.57366,0.06068,0.57686,0.85792,0.42317,0.24829,1,0,0,0
57,-0.77937,-0.15441,0.79452,0.81399,0.52150,0.35818,1,0,1,0
57,-0.62936,-0.20817,0.66289,0.95448,0.49073,0.33885,1,0,0,0
57,0.37544,0.31541,0.49035,0.02082,0.41439,0.23657,1,0,1,0
57,-0.90352,0.75966,1.18044,0.03053,0.98561,0.24522,1,0,0,0
57,0.50230,-0.52969,0.72999,0.97566,0.48059,0.33079,1,0,0,0
57,0.92191,-0.41526,1.01112,0.97578,0.97794,0.19969,1,0,1,0
58,0.27837,-0.28061,0.39526,0.97154,0.16186,1.53736,1,1,1,1
58,-0.29572,0.24440,0.38365,0.01807,0.17852,1.58008,1,1,1,1
58,0.19327,-0.03510,0.19643,0.90967,0.16105,1.62260,1,1,1,1
58,0.06117,0.30257,0.30869,0.02685,0.02441,1.91767,1,1,1,1
58,0.13254,0.02800,0.13546,0.08369,0.16022,1.91655,1,1,1,1
58,-0.07284,0.09117,0.11669,0.02291,0.02395,1.92427,1,1,1,1
58,0.19681,-0.02228,0.19806,0.90906,0.16113,1.62437,1,1,1,1
58,0.00214,-0.27522,0.27523,0.97062,0.02803,1.37075,1,1,1,1
58,-0.01274,0.02619,0.02913,0.24912,0.02395,1.50781,1,1,1,1
58,0.13947,0.00440,0.13954,0.25612,0.16028,2.02031,1,1,1,1
58,0.02914,-0.11848,0.12201,0.90130,0.02262,1.41364,1,1,1,1
58,-0.26168,-0.27910,0.38258,0.95368,0.02834,1.38104,1,1,1,1
58,0.19665,0.20116,0.28131,0.03440,0.02444,1.88423,1,1,1,1
58,-0.15256,0.00125,0.15257,0.59576,0.02393,1.47136,1,1,1,1
58,0.20704,0.27960,0.34791,0.03543,0.02446,1.87883,1,1,1,1
58,0.36901,-0.07564,0.37668,0.91291,0.16373,1.62014,1,1,1,1
58,0.10742,0.13426,0.17194,0.03516,0.02440,1.87975,1,1,1,1
58,0.29966,-0.15647,0.33805,0.97057,0.16247,1.53906,1,1,1,1
58,0.06583,-0.22112,0.23071,0.97035,0.15859,1.53337,1,1,1,1
58,-0.01675,-0.02274,0.02825,0.89009,0.02394,1.42633,1,1,1,1
58,0.16793,-0.17257,0.24079,0.97026,0.16034,1.53609,1,1,1,1
58,0.12399,-0.12675,0.17731,0.96966,0.15974,1.53566,1,1,1,1
58,0.15558,0.05056,0.16359,0.08585,0.16064,1.92195,1,1,1,1
58,-0.13804,-0.14921,0.20327,0.65483,0.02775,1.49370,1,1,1,1
58,-0.22363,-0.25726,0.34087,0.95359,0.02822,1.38095,1,1,1,1
58,-0.14120,0.24573,0.28341,0.01832,0.17787,1.58207,1,1,1,1
58,0.09672,-0.11207,0.14803,0.96941,0.15933,1.53525,1,1,1,1
58,-0.31616,0.04490,0.31933,0.01880,0.02392,1.91833,1,1,1,1
58,0.19261,-0.12029,0.22709,0.96986,0.16085,1.53719,1,1,1,1
58,0.21850,0.11159,0.24534,0.08404,0.16177,1.91588,1,1,1,1
58,0.27231,-0.03766,0.27490,0.91042,0.16229,1.62328,1,1,1,1
58,-0.04199,-0.35438,0.35686,0.97114,0.17280,1.55398,1,1,1,1
58,-0.14819,-0.19238,0.24283,0.95301,0.02791,1.38092,1,1,1,1
58,0.07041,0.34427,0.35140,0.02663,0.02443,1.91838,1,1,1,1
58,-0.08852,0.03243,0.09427,0.02983,0.02394,1.90357,1,1,1,1
58,0.04170,-0.24922,0.25268,0.97052,0.20218,1.59532,1,1,1,1
58,0.29881,0.25763,0.39454,0.02699,0.16333,1.64922,1,1,1,1
58,-0.08629,0.16365,0.18501,0.02243,0.02396,1.92451,1,1,1,1
58,0.32489,-0.14548,0.35598,0.97056,0.16289,1.53970,1,1,1,1
58,-0.10587,0.06102,0.12220,0.02908,0.02394,1.90692,1,1,1,1
58,-0.10522,0.02058,0.10721,0.02997,0.02394,1.90289,1,1,1,1
58,0.22584,0.09314,0.24430,0.08476,0.16184,1.91775,1,1,1,1
58,0.12163,-0.12124,0.17173,0.96960,0.15971,1.53568,1,1,1,1
58,0.02617,0.07788,0.08216,0.08123,0.02435,1.66695,1,1,1,1
58,0.16329,-0.31965,0.35895,0.97149,0.16891,1.54792,1,1,1,1
58,0.18278,0.28515,0.33871,0.03531,0.02446,1.87945,1,1,1,1
58,0.31641,-0.09497,0.33035,0.95881,0.16287,1.55005,1,1,1,1
58,-0.03037,0.32375,0.32517,0.02648,0.17922,1.63480,1,1,1,1
58,0.24547,0.17438,0.30110,0.03501,0.16232,1.70137,1,1,1,1
58,0.27132,0.02305,0.27229,0.90739,0.16241,1.63149,1,1,1,1
58,-0.22299,0.24939,0.33454,0.01817,0.17832,1.58084,1,1,1,1
58,0.26215,-0.09726,0.27962,0.95868,0.16200,1.54877,1,1,1,1
58,0.12946,0.02120,0.13118,0.25364,0.16016,2.02005,1,1,1,1
58,-0.29093,-0.17671,0.34039,0.63635,0.02802,1.49072,1,1,1,1
58,-0.26361,-0.15317,0.30488,0.63281,0.02791,1.48969,1,1,1,1
58,0.15649,-0.27497,0.31638,0.97112,0.15992,1.53478,1,1,1,1
58,-0.09788,-0.21069,0.23231,0.95372,0.02792,1.38048,1,1,1,1
58,0.10887,-0.22907,0.25363,0.97057,0.15926,1.53421,1,1,1,1
58,0.19289,-0.00509,0.19296,0.90816,0.16111,1.62672,1,1,1,1
58,-0.13429,-0.03912,0.13987,0.61471,0.02393,1.47511,1,1,1,1
58,-0.12484,-0.31551,0.33931,0.95523,0.02831,1.38004,1,1,1,1
58,-0.36313,0.01656,0.36351,0.02654,0.19159,1.62825,1,1,1,1
58,-0.34141,0.00608,0.34147,0.07539,0.19099,1.85796,1,1,1,1
58,-0.09827,-0.28726,0.30360,0.95497,0.02818,1.38003,1,1,1,1
58,-0.17674,-0.35437,0.39600,0.95547,0.17360,1.57080,1,1,1,1
58,0.24991,0.00734,0.25002,0.90801,0.16204,1.62905,1,1,1,1
58,-0.16313,0.23258,0.28409,0.01833,0.17766,1.58222,1,1,1,1
58,0.05170,0.12090,0.13149,0.03518,0.02437,1.87942,1,1,1,1
58,-0.16828,-0.31130,0.35387,0.95487,0.02835,1.38030,1,1,1,1
58,0.00455,0.06242,0.06259,0.08163,0.02396,1.66107,1,1,1,1
58,-0.08464,0.16610,0.18643,0.02242,0.02396,1.92451,1,1,1,1
58,0.20503,0.03076,0.20732,0.90640,0.16138,1.63213,1,1,1,1
58,0.37265,0.08165,0.38149,0.90521,0.16411,1.64081,1,1,1,1
58,-0.12894,0.13401,0.18597,0.02250,0.02395,1.92448,1,1,1,1
58,0.23522,0.32335,0.39986,0.03503,0.02448,1.88118,1,1,1,1
58,-0.06055,-0.37029,0.37521,0.97121,0.17359,1.55508,1,1,1,1
58,0.13684,0.08716,0.16224,0.08438,0.16042,1.91824,1,1,1,1
58,0.03999,0.04291,0.05866,0.08253,0.02435,1.66301,1,1,1,1
58,-0.04214,0.37402,0.37639,0.02617,0.18043,1.63214,1,1,1,1
58,0.22702,-0.24387,0.33318,0.97109,0.16112,1.53661,1,1,1,1
58,0.22534,-0.26728,0.34960,0.97127,0.16104,1.53634,1,1,1,1
58,0.05308,0.00218,0.05312,0.25398,0.02259,1.49939,1,1,1,1
58,0.19547,0.32376,0.37819,0.03493,0.02447,1.88163,1,1,1,1
58,0.20449,0.09422,0.22516,0.08457,0.16151,1.91761,1,1,1,1
58,-0.02605,-0.31254,0.31363,0.97085,0.17092,1.55146,1,1,1,1
58,-0.19355,0.03262,0.19628,0.04463,0.02393,1.82061,1,1,1,1
58,0.12776,-0.28468,0.31204,0.97111,0.15944,1.53406,1,1,1,1
58,-0.27729,0.23055,0.36062,0.01815,0.17812,1.58077,1,1,1,1
58,0.20300,-0.27192,0.33933,0.97124,0.16068,1.53581,1,1,1,1
58,0.19731,0.20210,0.28245,0.03439,0.02444,1.88430,1,1,1,1
58,0.14970,0.04695,0.15689,0.08595,0.16054,1.92230,1,1,1,1
58,0.12367,0.34246,0.36410,0.03456,0.02445,1.88340,1,1,1,1
58,0.28100,-0.27796,0.39525,0.97152,0.16191,1.53744,1,1,1,1
58,-0.07312,-0.05986,0.09449,0.63426,0.02393,1.47917,1,1,1,1
58,-0.27039,0.28282,0.39128,0.01798,0.17930,1.57915,1,1,1,1
58,-0.26100,0.08808,0.27547,0.01872,0.02393,1.91799,1,1,1,1
58,-0.39399,0.04163,0.39618,0.02628,0.19239,1.62627,1,1,1,1
58,0.09467,-0.04944,0.10680,0.89773,0.15944,1.65530,1,1,1,1
58,-0.00786,-0.07613,0.07653,0.89582,0.02259,1.41858,1,1,1,1
58,0.04713,-0.38850,0.39135,0.97167,0.17373,1.55485,1,1,1,1
58,-0.25486,-0.03875,0.25779,0.59140,0.02392,1.47050,1,1,1,1
58,0.27163,0.20730,0.34170,0.03458,0.16280,1.69828,1,1,1,1
58,-0.26765,-0.01278,0.26796,0.37261,0.02392,1.48973,1,1,1,1
58,0.12745,-0.00162,0.12746,0.25657,0.16007,2.01988,1,1,1,1
58,0.28655,0.03457,0.28862,0.90692,0.16267,1.63328,1,1,1,1
58,-0.08979,0.10589,0.13883,0.02277,0.02395,1.92436,1,1,1,1
58,-0.18911,-0.01986,0.19015,0.59680,0.02392,1.47154,1,1,1,1
58,0.05217,0.10190,0.11448,0.08334,0.02437,1.66086,1,1,1,1
58,-0.02067,0.15443,0.15581,0.02265,0.02397,1.92443,1,1,1,1
58,0.01828,0.19122,0.19209,0.02253,0.02438,1.92480,1,1,1,1
58,0.23948,0.03832,0.24253,0.90630,0.16194,1.63352,1,1,1,1
58,0.10033,-0.00700,0.10057,0.25651,0.15963,2.01895,1,1,1,1
58,0.21994,0.12929,0.25512,0.03566,0.16183,1.70583,1,1,1,1
58,0.01124,0.23029,0.23057,0.02229,0.02438,1.92477,1,1,1,1
58,-0.25267,-0.21174,0.32966,0.65607,0.02810,1.49488,1,1,1,1
58,-0.31155,-0.03530,0.31354,0.37271,0.19029,2.00288,1,1,1,1
58,0.14788,0.17326,0.22779,0.03467,0.02442,1.88259,1,1,1,1
58,-0.27313,0.01658,0.27363,0.13251,0.02392,1.56321,1,1,1,1
58,-0.01459,0.29079,0.29115,0.02671,0.17838,1.63680,1,1,1,1
58,0.17970,-0.23977,0.29963,0.97090,0.16037,1.53563,1,1,1,1
58,0.07746,-0.10864,0.13342,0.96930,0.15903,1.53489,1,1,1,1
58,-0.03732,0.02860,0.04702,0.03029,0.02395,1.90143,1,1,1,1
58,0.06134,0.05619,0.08319,0.08220,0.02436,1.66413,1,1,1,1
58,0.00034,0.34616,0.34616,0.02643,0.17960,1.63428,1,1,1,1
58,-0.10824,0.14737,0.18285,0.02247,0.02396,1.92449,1,1,1,1
58,0.07804,0.06056,0.09878,0.08215,0.02437,1.66435,1,1,1,1
58,0.25242,0.30394,0.39509,0.03529,0.02448,1.87982,1,1,1,1
58,0.19786,-0.15423,0.25086,0.97020,0.16086,1.53693,1,1,1,1
58,0.15532,-0.11606,0.19389,0.96967,0.16026,1.53645,1,1,1,1
58,0.01759,0.39100,0.39139,0.02623,0.18057,1.63243,1,1,1,1
58,-0.18462,0.28481,0.33942,0.01811,0.17898,1.58017,1,1,1,1
58,-0.35629,0.01367,0.35655,0.07457,0.19140,1.85478,1,1,1,1
58,-0.08305,0.10557,0.13433,0.02279,0.02395,1.92434,1,1,1,1
58,-0.23645,0.06051,0.24407,0.04335,0.02393,1.82793,1,1,1,1
58,0.31411,0.23183,0.39040,0.02723,0.16351,1.65066,1,1,1,1
58,-0.25064,-0.12368,0.27950,0.62432,0.18886,1.87368,1,1,1,1
58,0.30552,-0.16081,0.34526,0.97063,0.16255,1.53913,1,1,1,1
58,0.01951,0.00227,0.01964,0.25305,0.02258,1.49943,1,1,1,1
58,0.04333,0.27376,0.27716,0.02213,0.02440,1.92472,1,1,1,1
58,0.05486,0.06967,0.08868,0.08169,0.02436,1.66567,1,1,1,1
58,-0.02721,-0.15581,0.15817,0.94444,0.02261,1.37951,1,1,1,1
58,-0.21677,-0.03953,0.22034,0.59901,0.02392,1.47194,1,1,1,1
58,-0.22487,-0.16301,0.27774,0.64367,0.02790,1.49188,1,1,1,1
58,0.19036,-0.30060,0.35581,0.97143,0.16041,1.53526,1,1,1,1
58,-0.06067,0.29747,0.30360,0.02655,0.17873,1.63555,1,1,1,1
58,0.03576,-0.32270,0.32467,0.97113,0.17098,1.55130,1,1,1,1
58,0.20635,0.28614,0.35278,0.03536,0.02446,1.87925,1,1,1,1
58,0.09932,-0.22777,0.24848,0.97053,0.15911,1.53402,1,1,1,1
58,0.20143,-0.10195,0.22576,0.95857,0.16103,1.54728,1,1,1,1
58,-0.02915,-0.18102,0.18335,0.95371,0.02774,1.38025,1,1,1,1
58,-0.03022,-0.35296,0.35425,0.97117,0.17267,1.55376,1,1,1,1
58,-0.31060,0.03059,0.31210,0.07499,0.02392,1.68179,1,1,1,1
58,0.18153,0.32456,0.37188,0.03488,0.02446,1.88182,1,1,1,1
58,-0.09399,-0.06523,0.11441,0.63228,0.02393,1.47875,1,1,1,1
58,-0.05122,0.12705,0.13698,0.02274,0.02396,1.92438,1,1,1,1
58,0.04390,0.03899,0.05871,0.08270,0.02435,1.66253,1,1,1,1
58,0.26672,0.23006,0.35223,0.02717,0.16277,1.65086,1,1,1,1
58,0.08300,0.31106,0.32195,0.02687,0.02442,1.91767,1,1,1,1
58,0.00670,-0.17042,0.17055,0.96965,0.02263,1.36448,1,1,1,1
58,0.09856,-0.29751,0.31341,0.97112,0.16771,1.54645,1,1,1,1
58,0.08691,0.16952,0.19050,0.03452,0.02440,1.88320,1,1,1,1
58,-0.21280,0.22653,0.31080,0.01827,0.17774,1.58175,1,1,1,1
58,0.20436,0.31654,0.37678,0.03503,0.02447,1.88111,1,1,1,1
58,-0.28838,0.23846,0.37420,0.01810,0.17835,1.58036,1,1,1,1
58,0.28296,-0.20266,0.34805,0.97092,0.16210,1.53822,1,1,1,1
58,0.22489,0.29698,0.37252,0.03529,0.02447,1.87971,1,1,1,1
58,-0.03128,-0.11211,0.11639,0.89821,0.02260,1.41640,1,1,1,1
58,0.22363,-0.24805,0.33398,0.97111,0.16106,1.53650,1,1,1,1
58,-0.25992,0.19889,0.32728,0.01829,0.17730,1.58208,1,1,1,1
58,0.29517,0.14849,0.33042,0.03562,0.16305,1.70441,1,1,1,1
58,-0.13083,0.34724,0.37107,0.01799,0.18019,1.57888,1,1,1,1
58,-0.09402,0.07955,0.12316,0.02292,0.02395,1.92425,1,1,1,1
58,-0.30520,-0.09169,0.31868,0.60195,0.19034,1.87629,1,1,1,1
58,0.15706,-0.11379,0.19395,0.96966,0.16030,1.53651,1,1,1,1
58,0.33039,-0.06570,0.33686,0.91218,0.16315,1.62069,1,1,1,1
58,0.39690,0.03705,0.39863,0.90776,0.16440,1.63442,1,1,1,1
58,0.12505,-0.12486,0.17671,0.96965,0.15976,1.53571,1,1,1,1
58,-0.36926,0.14756,0.39765,0.01830,0.02509,1.91217,1,1,1,1
58,-0.10454,0.21358,0.23779,0.02210,0.17695,1.60782,1,1,1,1
58,-0.15283,-0.35702,0.38835,0.95567,0.17357,1.57054,1,1,1,1
58,0.33665,-0.12101,0.35774,0.97038,0.16313,1.54021,1,1,1,1
58,-0.02662,-0.38006,0.38099,0.97139,0.17381,1.55523,1,1,1,1
58,0.17056,0.06949,0.18417,0.08525,0.16092,1.92005,1,1,1,1
58,0.06644,0.24679,0.25558,0.02234,0.02440,1.92479,1,1,1,1
58,-0.12135,-0.19096,0.22626,0.95319,0.02788,1.38076,1,1,1,1
58,-0.04130,0.80236,0.80342,0.02440,0.98023,1.32715,1,0,0,0
58,0.63616,-0.82821,1.04433,0.97502,0.98218,1.68523,1,0,1,0
58,0.46801,-0.72735,0.86491,0.97443,0.17827,1.55890,1,0,0,0
58,-0.09328,-0.74384,0.74967,0.97350,0.74518,1.74290,1,0,1,0
58,0.93414,-0.29636,0.98002,0.97329,0.74379,1.74324,1,0,1,0
58,0.52526,-0.04627,0.52729,0.91272,0.19286,1.66705,1,0,0,0
58,0.76010,-0.67424,1.01604,0.97468,0.98556,1.68481,1,0,1,0
58,-0.45421,-0.39802,0.60393,0.97520,0.77238,1.73685,1,0,1,0
58,-0.86008,0.96482,1.29252,0.01594,0.99878,1.31029,1,0,0,0
58,-0.53504,0.85523,1.00881,0.01632,0.84276,1.36442,1,0,0,0
58,-0.66016,-0.83872,1.06736,0.97797,0.99723,1.68314,1,0,1,0
58,0.45452,-0.84759,0.96177,0.97484,0.98210,1.68525,1,0,1,0
58,-0.37594,0.23489,0.44329,0.01798,0.17865,1.57941,1,0,1,0
58,0.04717,-0.84985,0.85116,0.97423,0.75001,1.74169,1,0,1,0
58,0.55490,0.95071,1.10080,0.02789,0.99596,1.32583,1,0,0,0
58,-0.93907,0.47379,1.05182,0.01675,0.99773,1.31163,1,0,0,0
58,-0.75526,-0.34983,0.83234,0.08245,0.78746,1.48667,1,0,0,0
58,0.73980,0.66974,0.99792,0.03893,0.86629,1.38871,1,0,0,0
58,0.33546,0.21896,0.40060,0.03463,0.16382,1.69762,1,0,1,0
58,0.97185,-0.01351,0.97195,0.91446,0.86684,1.73314,1,0,1,0
58,0.08984,-0.61382,0.62036,0.97321,0.73592,1.74469,1,0,1,0
58,0.41333,0.62301,0.74765,0.02947,0.97964,1.33363,1,0,0,0
58,0.54751,-0.90756,1.05992,0.97515,0.98233,1.68520,1,0,1,0
58,0.50899,-0.28067,0.58124,0.97218,0.16550,1.54226,1,0,0,0
58,0.88259,0.56105,1.04582,0.04013,0.86772,1.38985,1,0,0,0
58,-0.27829,-0.62777,0.68669,0.97208,0.73991,1.74447,1,0,1,0
58,0.46151,0.63638,0.78611,0.02946,0.94207,1.34727,1,0,0,0
58,0.30995,-0.47803,0.56972,0.97294,0.17297,1.55261,1,0,0,0
58,-0.38000,0.55156,0.66979,0.01706,0.18576,1.57081,1,0,1,0
58,0.71794,-0.30310,0.77930,0.97285,0.73609,1.74482,1,0,1,0
58,0.76970,-0.59238,0.97126,0.97438,0.98555,1.68483,1,0,1,0
58,0.96623,-0.02432,0.96653,0.91485,0.86672,1.73306,1,0,1,0
58,0.77696,-0.58589,0.97310,0.97437,0.98557,1.68483,1,0,1,0
58,0.49533,-0.06959,0.50020,0.91353,0.19207,1.66445,1,0,0,0
58,-0.69940,-0.87716,1.12186,0.97810,0.99725,1.68313,1,0,1,0
58,-0.59446,0.67462,0.89916,0.01659,0.18910,1.56670,1,0,1,0
58,-0.24369,-0.56069,0.61136,0.95782,0.73559,1.75136,1,0,1,0
58,0.53871,-0.31387,0.62348,0.97248,0.16589,1.54259,1,0,0,0
58,-0.78876,-0.76246,1.09703,0.97713,0.99725,1.68318,1,0,1,0
58,0.62712,-0.52066,0.81508,0.97382,0.98519,1.68490,1,0,1,0
58,-0.21348,0.61367,0.64974,0.01712,0.18646,1.57093,1,0,1,0
58,-0.96102,0.79185,1.24523,0.01614,0.99877,1.31054,1,0,0,0
58,0.54474,-0.34593,0.64530,0.97270,0.16592,1.54245,1,0,0,0
58,0.64821,0.63643,0.90841,0.03903,0.86494,1.38939,1,0,0,0
58,-0.53641,-0.57062,0.78316,0.97645,0.78351,1.73397,1,0,1,0
58,-0.57662,0.88229,1.05400,0.01624,0.84349,1.36405,1,0,0,0
58,0.65534,-0.70677,0.96384,0.97464,0.98532,1.68485,1,0,1,0
58,-0.49800,-0.89736,1.02628,0.97869,0.99719,1.68312,1,0,1,0
58,-0.61723,-0.65063,0.89682,0.97682,0.79063,1.73226,1,0,1,0
58,-0.48203,-0.91650,1.03553,0.97883,0.99719,1.68311,1,0,1,0
58,0.91349,-0.09494,0.91841,0.91720,0.86574,1.73266,1,0,1,0
58,0.43849,-0.03619,0.43998,0.91163,0.16490,1.62555,1,0,0,0
58,0.37863,0.17607,0.41757,0.03549,0.16440,1.70229,1,0,1,0
58,-0.79752,-0.79179,1.12382,0.97731,0.99726,1.68317,1,0,1,0
58,-0.63454,-0.54794,0.83838,0.97593,0.78808,1.73318,1,0,1,0
58,-0.96988,-0.23370,0.99764,0.02489,0.79379,1.39537,1,0,0,0
58,-0.10229,-0.95551,0.96097,0.97440,0.75679,1.74032,1,0,1,0
58,0.71293,-0.40479,0.81984,0.97341,0.73494,1.74477,1,0,1,0
58,-0.04246,0.61187,0.61334,0.02507,0.18577,1.62228,1,0,1,0
58,0.23612,-0.64043,0.68257,0.97365,0.73621,1.74445,1,0,1,0
58,-0.91949,0.10713,0.92570,0.02068,0.79614,1.38776,1,0,0,0
58,0.61251,-0.67755,0.91337,0.97447,0.17978,1.56100,1,0,0,0
58,-0.48229,-0.04656,0.48453,0.07416,0.19533,1.84943,1,0,1,0
58,0.71341,-0.23408,0.75083,0.97240,0.73657,1.74493,1,0,1,0
58,-0.54973,-0.42153,0.69275,0.97506,0.77889,1.73553,1,0,1,0
58,0.17305,0.63061,0.65392,0.02910,0.97967,1.33317,1,0,0,0
58,-0.25642,-0.63134,0.68143,0.97215,0.73994,1.74444,1,0,1,0
58,0.74483,0.51525,0.90568,0.04026,0.86580,1.39079,1,0,0,0
58,0.32992,0.48140,0.58360,0.03034,0.02455,1.90513,1,0,1,0
58,-0.84799,0.41969,0.94616,0.01693,0.79456,1.38229,1,0,0,0
58,-0.56419,0.50658,0.75824,0.01698,0.18550,1.57031,1,0,1,0
58,-0.90556,0.23505,0.93557,0.02044,0.79598,1.38744,1,0,0,0
58,0.57388,-0.34853,0.67143,0.97279,0.19279,1.58061,1,0,0,0
58,-0.93553,0.91182,1.30638,0.01598,0.99878,1.31033,1,0,0,0
58,-0.47885,0.11712,0.49296,0.02559,0.19454,1.62112,1,0,1,0
58,-0.12684,-0.41881,0.43759,0.97139,0.17607,1.55853,1,0,0,0
58,-0.68344,-0.78724,1.04252,0.97759,0.99722,1.68316,1,0,1,0
58,-0.08785,-0.49414,0.50189,0.97205,0.73011,1.74620,1,0,1,0
58,0.79573,0.86274,1.17368,0.03767,0.99708,1.33720,1,0,0,0
58,-0.44222,-0.63245,0.77172,0.97722,0.78032,1.73435,1,0,1,0
58,0.67890,0.61860,0.91847,0.03923,0.86529,1.38953,1,0,0,0
58,0.26225,-0.44139,0.51342,0.97261,0.17183,1.55124,1,0,0,0
58,0.87647,0.58754,1.05518,0.03988,0.86773,1.38949,1,0,0,0
58,-0.33161,-0.24800,0.41408,0.65454,0.28912,1.90382,1,0,0,0
58,-0.46505,-0.89934,1.01247,0.97878,0.99718,1.68311,1,0,1,0
58,0.61101,-0.98648,1.16038,0.97544,0.98257,1.68516,1,0,1,0
58,-0.44181,-0.05261,0.44493,0.07559,0.19419,1.85546,1,0,1,0
58,-0.79818,-0.18937,0.82034,0.02541,0.78386,1.39992,1,0,0,0
58,-0.91386,0.09662,0.91895,0.02072,0.79596,1.38788,1,0,0,0
58,-0.83503,-0.55238,1.00120,0.97525,0.79820,1.73116,1,0,1,0
58,0.25993,0.51375,0.57576,0.02999,0.97924,1.33442,1,0,0,0
58,0.67030,-0.81891,1.05826,0.97504,0.98218,1.68523,1,0,1,0
58,-0.61449,-0.54770,0.82314,0.97599,0.78700,1.73339,1,0,1,0
58,-0.67677,0.81103,1.05630,0.01628,0.98486,1.31545,1,0,0,0
58,-0.93704,0.64855,1.13959,0.01640,0.99778,1.31119,1,0,0,0
58,0.56071,-0.54481,0.78180,0.97381,0.17742,1.55825,1,0,0,0
58,0.62873,0.36135,0.72517,0.02672,0.86355,1.37231,1,0,0,0
58,-0.74303,-0.26387,0.78849,0.07815,0.78372,1.48218,1,0,0,0
58,0.82645,-0.53912,0.98675,0.97426,0.98567,1.68482,1,0,1,0
58,0.98472,-0.41157,1.06727,0.97397,0.74453,1.74282,1,0,1,0
58,0.94368,0.36872,1.01315,0.04830,0.86783,1.40124,1,0,0,0
58,-0.49040,0.94851,1.06779,0.01621,0.84416,1.36377,1,0,0,0
58,-0.92283,0.60202,1.10184,0.01650,0.99776,1.31132,1,0,0,0
58,0.80295,0.45950,0.92513,0.02631,0.86636,1.37068,1,0,0,0
58,-0.26512,-0.69400,0.74292,0.97253,0.74367,1.74359,1,0,1,0
58,-0.36407,-0.40428,0.54405,0.97561,0.76707,1.73778,1,0,1,0
58,0.44306,-0.52961,0.69050,0.97351,0.17554,1.55581,1,0,0,0
58,-0.82786,-0.76818,1.12936,0.97705,0.99726,1.68318,1,0,1,0
58,-0.93687,0.27456,0.97627,0.02029,0.79694,1.38685,1,0,0,0
58,0.03397,-0.89571,0.89636,0.97439,0.75261,1.74113,1,0,1,0
58,-0.55998,0.00450,0.56000,0.02567,0.19734,1.62030,1,0,1,0
58,-0.53297,-0.99291,1.12691,0.97908,0.99723,1.68309,1,0,1,0
58,-0.62767,-0.28542,0.68952,0.08275,0.77823,1.49179,1,0,0,0
58,0.75984,-0.59214,0.96332,0.97437,0.98553,1.68483,1,0,1,0
58,-0.90439,-0.97079,1.32678,0.97814,0.99734,1.68312,1,0,1,0
58,-0.43900,-0.41401,0.60343,0.97541,0.77207,1.73683,1,0,1,0
58,-0.83459,0.12046,0.84324,0.02426,0.79367,1.39439,1,0,0,0
58,0.86148,0.95279,1.28451,0.03723,0.97528,1.34480,1,0,0,0
58,-0.23003,0.59358,0.63660,0.01714,0.18609,1.57122,1,0,1,0
58,-0.51828,-0.41636,0.66480,0.97513,0.77688,1.73593,1,0,1,0
58,-0.47422,-0.97064,1.08029,0.97910,0.99720,1.68309,1,0,1,0
58,-0.03631,0.81148,0.81230,0.02438,0.98026,1.32711,1,0,0,0
58,0.07167,-0.93867,0.94140,0.97460,0.75462,1.74066,1,0,1,0
58,0.08353,-0.82021,0.82445,0.97417,0.74806,1.74208,1,0,1,0
58,-0.90277,0.43248,1.00102,0.02010,0.79619,1.38681,1,0,0,0
58,-0.95035,0.49642,1.07219,0.01669,0.99774,1.31156,1,0,0,0
58,0.54542,-0.13072,0.56086,0.97116,0.19300,1.58255,1,0,0,0
58,-0.85497,0.68298,1.09427,0.01639,0.98393,1.31589,1,0,0,0
58,0.10289,-0.41395,0.42654,0.97201,0.17448,1.55564,1,0,0,0
58,0.73356,-0.74013,1.04206,0.97487,0.98551,1.68481,1,0,1,0
58,0.97153,-0.60523,1.14463,0.97474,0.98600,1.68475,1,0,1,0
58,0.57474,-0.28255,0.64044,0.97237,0.19308,1.58142,1,0,0,0
58,0.31418,0.53663,0.62184,0.02990,0.97932,1.33428,1,0,0,0
58,0.77396,-0.81432,1.12345,0.97515,0.98562,1.68478,1,0,1,0
58,0.40198,-0.44971,0.60318,0.97299,0.17396,1.55401,1,0,0,0
58,-0.71885,0.29754,0.77800,0.02417,0.79032,1.39550,1,0,0,0
58,-0.11739,-0.51992,0.53301,0.97215,0.73199,1.74584,1,0,1,0
58,0.56088,-0.79330,0.97155,0.97481,0.98203,1.68526,1,0,1,0
58,0.10178,-0.82150,0.82778,0.97421,0.74799,1.74208,1,0,1,0
58,0.77492,0.00078,0.77492,0.91248,0.74087,1.76886,1,0,1,0
58,-0.00878,-0.49164,0.49172,0.97225,0.72923,1.74627,1,0,1,0
58,0.10946,0.41650,0.43065,0.02634,0.02446,1.91933,1,0,1,0
58,0.31986,0.41567,0.52449,0.03078,0.02453,1.90304,1,0,1,0
58,-0.49841,-0.49219,0.70048,0.97592,0.77853,1.73526,1,0,1,0
58,0.33030,-0.79928,0.86484,0.97449,0.74476,1.74255,1,0,1,0
58,0.59943,-0.43972,0.74342,0.97336,0.19302,1.58034,1,0,0,0
58,-0.22319,-0.54006,0.58436,0.95769,0.73416,1.75169,1,0,1,0
58,0.86584,0.87244,1.22916,0.03772,0.99710,1.33724,1,0,0,0
58,-0.91645,0.14884,0.92846,0.02059,0.79613,1.38762,1,0,0,0
58,-0.07382,0.73045,0.73417,0.02458,0.18840,1.61787,1,0,1,0
58,0.08966,0.88668,0.89120,0.02774,0.98051,1.33119,1,0,0,0
58,-0.66675,0.98448,1.18902,0.01603,0.84574,1.36295,1,0,0,0
58,-0.59300,0.20171,0.62637,0.02486,0.74226,1.41472,1,0,0,0
58,0.45815,-0.55069,0.71636,0.97365,0.17601,1.55638,1,0,0,0
58,0.92279,-0.54863,1.07356,0.97445,0.98588,1.68478,1,0,1,0
58,-0.53462,0.52994,0.75277,0.01695,0.18589,1.57002,1,0,1,0
58,0.69202,-0.41536,0.80711,0.97343,0.73404,1.74492,1,0,1,0
58,0.61736,0.08580,0.62330,0.90724,0.73600,1.77203,1,0,1,0
58,0.59520,0.34262,0.68677,0.02680,0.86297,1.37264,1,0,0,0
58,-0.09482,0.56908,0.57692,0.02514,0.18504,1.62309,1,0,1,0
58,-0.86406,-0.14663,0.87641,0.02498,0.78563,1.39856,1,0,0,0
58,-0.35247,0.72274,0.80411,0.01672,0.18923,1.56751,1,0,1,0
58,0.97388,0.52182,1.10487,0.03684,0.86869,1.38482,1,0,0,0
58,-0.57715,0.10043,0.58582,0.02524,0.19742,1.61775,1,0,1,0
58,0.96340,-0.00210,0.96340,0.91394,0.86677,1.73331,1,0,1,0
58,0.64419,-0.31689,0.71792,0.97276,0.73318,1.74536,1,0,1,0
58,0.21969,0.77136,0.80203,0.02837,0.98015,1.33209,1,0,0,0
58,-0.18361,-0.68979,0.71381,0.97303,0.74279,1.74354,1,0,1,0
58,0.58831,0.80580,0.99771,0.02864,0.99586,1.32678,1,0,0,0
58,-0.72799,-0.38992,0.82584,0.15624,0.78747,1.58676,1,0,0,0
58,0.72269,0.06689,0.72578,0.90908,0.73962,1.77048,1,0,1,0
58,0.69874,0.92547,1.15963,0.02820,0.97489,1.33377,1,0,0,0
58,-0.17135,0.78664,0.80509,0.02423,0.18989,1.61504,1,0,1,0
58,0.96979,-0.42419,1.05850,0.97400,0.98593,1.68480,1,0,1,0
58,-0.18855,0.64757,0.67446,0.01707,0.18708,1.57042,1,0,1,0
58,-0.76030,-0.95562,1.22118,0.97839,0.99729,1.68312,1,0,1,0
58,-0.63232,0.28394,0.69314,0.01749,0.78736,1.38574,1,0,0,0
58,-0.58270,0.51444,0.77730,0.01694,0.18574,1.57000,1,0,1,0
58,-0.10479,-0.93090,0.93678,0.97430,0.75553,1.74061,1,0,1,0
58,0.68971,0.15985,0.70799,0.90409,0.86359,1.73732,1,0,1,0
58,-0.57452,0.08055,0.58014,0.02532,0.19743,1.61822,1,0,1,0
58,-0.55748,-0.26606,0.61772,0.08386,0.77346,1.49590,1,0,0,0
58,0.05736,0.85792,0.85984,0.02785,0.98041,1.33135,1,0,0,0
58,-0.51176,0.90097,1.03617,0.01626,0.84344,1.36410,1,0,0,0
58,-0.03595,0.82426,0.82504,0.02434,0.98030,1.32705,1,0,0,0
59,0.04106,0.26531,0.26847,0.01740,0.08793,1.71368,1,1,1,1
59,0.37482,-0.10549,0.38939,0.78949,0.02054,1.53617,1,1,1,1
59,-0.22480,-0.27554,0.35561,0.93329,0.14633,1.55380,1,1,1,1
59,-0.29052,-0.21469,0.36124,0.93200,0.14554,1.55359,1,1,1,1
59,0.15063,-0.26713,0.30667,0.92443,0.01737,1.44499,1,1,1,1
59,-0.13467,0.13359,0.18969,0.01830,0.01820,1.99125,1,1,1,1
59,0.02629,-0.12962,0.13226,0.90581,0.01730,1.46331,1,1,1,1
59,-0.07876,0.25076,0.26284,0.01743,0.01825,1.99259,1,1,1,1
59,-0.15641,-0.24740,0.29270,0.93271,0.14542,1.55165,1,1,1,1
59,-0.07558,0.00062,0.07558,0.91508,0.14013,1.64632,1,1,1,1
59,-0.04502,-0.35549,0.35833,0.92608,0.14688,1.57888,1,1,1,1
59,0.17234,0.13548,0.21922,0.07341,0.02242,1.75923,1,1,1,1
59,0.34347,-0.14973,0.37469,0.90414,0.07625,1.59243,1,1,1,1
59,0.02025,0.20725,0.20823,0.01782,0.08753,1.71933,1,1,1,1
59,0.33581,-0.10684,0.35239,0.90231,0.02250,1.47756,1,1,1,1
59,-0.15649,-0.04334,0.16238,0.91639,0.06977,1.55184,1,1,1,1
59,-0.32860,-0.16694,0.36857,0.92011,0.14062,1.57104,1,1,1,1
59,-0.25761,0.16733,0.30718,0.03380,0.15007,1.76223,1,1,1,1
59,-0.02166,0.28562,0.28644,0.01722,0.13198,1.65222,1,1,1,1
59,0.34187,0.19092,0.39157,0.07198,0.07539,2.02331,1,1,1,1
59,-0.08326,0.01696,0.08497,0.15091,0.05819,1.96436,1,1,1,1
59,-0.06496,-0.39397,0.39928,0.92683,0.14772,1.57978,1,1,1,1
59,-0.03908,-0.36580,0.36788,0.92630,0.14704,1.57875,1,1,1,1
59,-0.12740,0.16291,0.20681,0.01807,0.01821,1.99171,1,1,1,1
59,-0.31353,0.17307,0.35812,0.03348,0.19274,1.77140,1,1,1,1
59,-0.03045,-0.32256,0.32399,0.92542,0.14617,1.57820,1,1,1,1
59,0.06563,-0.24452,0.25317,0.92383,0.14410,1.57407,1,1,1,1
59,0.06801,-0.11017,0.12947,0.90463,0.01734,1.46455,1,1,1,1
59,0.17245,0.03658,0.17629,0.78497,0.02231,1.54154,1,1,1,1
59,0.02605,0.22508,0.22658,0.01769,0.08765,1.71757,1,1,1,1
59,0.10892,0.22587,0.25076,0.02458,0.08836,1.78875,1,1,1,1
59,0.35138,-0.09364,0.36365,0.78913,0.02254,1.54164,1,1,1,1
59,0.22783,0.09081,0.24526,0.07437,0.02249,1.75748,1,1,1,1
59,-0.28544,0.10719,0.30491,0.03446,0.14959,1.76663,1,1,1,1
59,0.05518,0.08503,0.10137,0.02613,0.02212,1.98200,1,1,1,1
59,-0.29970,-0.15690,0.33829,0.91990,0.14011,1.56770,1,1,1,1
59,-0.08294,-0.17397,0.19273,0.96094,0.14359,1.52029,1,1,1,1
59,0.23490,0.31738,0.39485,0.02366,0.08981,1.77623,1,1,1,1
59,-0.19758,-0.11351,0.22787,0.91885,0.14309,1.60605,1,1,1,1
59,-0.17545,-0.17380,0.24696,0.93109,0.14412,1.54996,1,1,1,1
59,0.08105,0.28199,0.29341,0.01731,0.08834,1.71177,1,1,1,1
59,-0.14848,0.27090,0.30892,0.01725,0.15069,1.64239,1,1,1,1
59,-0.09182,0.23032,0.24795,0.01757,0.01824,1.99245,1,1,1,1
59,-0.24923,-0.02802,0.25080,0.15272,0.07013,2.03285,1,1,1,1
59,-0.03279,-0.07378,0.08074,0.95970,0.14133,1.51773,1,1,1,1
59,-0.22968,0.26307,0.34923,0.03274,0.15091,1.75512,1,1,1,1
59,0.10078,-0.22378,0.24543,0.90913,0.01733,1.46014,1,1,1,1
59,0.09977,0.24307,0.26275,0.01760,0.08835,1.71515,1,1,1,1
59,-0.30414,-0.21127,0.37031,0.92179,0.14050,1.55929,1,1,1,1
59,-0.03629,0.33507,0.33703,0.01687,0.13214,1.64909,1,1,1,1
59,-0.26410,0.09167,0.27956,0.03478,0.14935,1.76869,1,1,1,1
59,0.10943,0.17403,0.20558,0.02512,0.08815,1.79446,1,1,1,1
59,0.02349,0.33425,0.33507,0.01691,0.13261,1.64908,1,1,1,1
59,-0.09851,0.12804,0.16155,0.01837,0.01823,1.99119,1,1,1,1
59,0.10030,-0.33385,0.34859,0.92581,0.14565,1.57359,1,1,1,1
59,0.15979,0.00099,0.15979,0.78618,0.02225,1.54121,1,1,1,1
59,-0.03092,-0.09621,0.10106,0.96000,0.14176,1.51816,1,1,1,1
59,-0.35788,0.00737,0.35796,0.14844,0.07054,2.03941,1,1,1,1
59,-0.03112,-0.08325,0.08888,0.95983,0.14151,1.51790,1,1,1,1
59,0.05600,0.38027,0.38437,0.01663,0.13312,1.64625,1,1,1,1
59,-0.08342,-0.24585,0.25962,0.93267,0.14498,1.55008,1,1,1,1
59,0.20254,-0.22395,0.30195,0.90836,0.07540,1.58085,1,1,1,1
59,-0.16304,0.20117,0.25894,0.01775,0.15005,1.64661,1,1,1,1
59,-0.10461,-0.13820,0.17333,0.96047,0.14302,1.51973,1,1,1,1
59,-0.15300,0.06484,0.16617,0.03571,0.05813,1.96948,1,1,1,1
59,-0.23161,-0.22713,0.32440,0.93227,0.14545,1.55266,1,1,1,1
59,-0.17190,0.24779,0.30158,0.01740,0.15055,1.64365,1,1,1,1
59,0.17684,0.08382,0.19570,0.07460,0.02238,1.75539,1,1,1,1
59,-0.16041,0.18350,0.24373,0.01789,0.14986,1.64777,1,1,1,1
59,-0.24186,-0.21435,0.32318,0.93199,0.14527,1.55254,1,1,1,1
59,-0.11224,0.07752,0.13641,0.03573,0.05823,1.96930,1,1,1,1
59,0.10470,-0.28184,0.30066,0.92471,0.14460,1.57275,1,1,1,1
59,-0.00878,0.30242,0.30254,0.01711,0.13217,1.65112,1,1,1,1
59,0.11602,-0.37990,0.39722,0.92676,0.14646,1.57378,1,1,1,1
59,-0.02387,-0.14522,0.14716,0.96064,0.14268,1.51912,1,1,1,1
59,0.30140,0.20086,0.36220,0.07181,0.07513,2.02327,1,1,1,1
59,-0.23603,0.01880,0.23678,0.14892,0.07008,2.03646,1,1,1,1
59,0.18966,-0.01400,0.19017,0.78665,0.02229,1.54128,1,1,1,1
59,-0.04273,-0.01352,0.04481,0.91365,0.01728,1.45557,1,1,1,1
59,0.02414,-0.02848,0.03733,0.90129,0.01733,1.46772,1,1,1,1
59,-0.09040,-0.15067,0.17571,0.96064,0.14318,1.51986,1,1,1,1
59,-0.28133,-0.09699,0.29758,0.91779,0.07026,1.54976,1,1,1,1
59,0.08086,-0.13434,0.15680,0.90557,0.01735,1.46364,1,1,1,1
59,0.16550,-0.32059,0.36079,0.92560,0.10116,1.56958,1,1,1,1
59,-0.24457,-0.10115,0.26466,0.91814,0.07012,1.54876,1,1,1,1
59,0.11876,-0.21520,0.24580,0.90865,0.01735,1.46065,1,1,1,1
59,-0.32929,-0.20663,0.38875,0.92150,0.14086,1.56378,1,1,1,1
59,0.14943,-0.31300,0.34684,0.92543,0.10092,1.57009,1,1,1,1
59,0.11358,-0.37380,0.39067,0.92664,0.14636,1.57376,1,1,1,1
59,-0.13941,0.05678,0.15053,0.03590,0.05814,1.97041,1,1,1,1
59,0.26380,0.00429,0.26383,0.78600,0.02247,1.54184,1,1,1,1
59,-0.01587,-0.03644,0.03974,0.91438,0.01729,1.45488,1,1,1,1
59,0.07700,-0.26394,0.27494,0.92428,0.14441,1.57371,1,1,1,1
59,-0.24881,0.31305,0.39988,0.03209,0.15147,1.75072,1,1,1,1
59,0.14569,0.31514,0.34719,0.02170,0.08902,1.75834,1,1,1,1
59,-0.01979,-0.25804,0.25880,0.92403,0.14486,1.57770,1,1,1,1
59,0.26292,-0.10225,0.28210,0.90269,0.02235,1.47685,1,1,1,1
59,-0.19723,0.03153,0.19973,0.14832,0.06993,2.03620,1,1,1,1
59,0.15101,-0.06305,0.16364,0.90183,0.02216,1.47733,1,1,1,1
59,-0.23871,0.16332,0.28923,0.03393,0.14996,1.76314,1,1,1,1
59,-0.09797,0.14599,0.17582,0.01822,0.01823,1.99148,1,1,1,1
59,0.02535,-0.12859,0.13107,0.90577,0.01730,1.46334,1,1,1,1
59,-0.07418,-0.35913,0.36672,0.92612,0.14710,1.57987,1,1,1,1
59,0.22933,0.08676,0.24519,0.07446,0.02249,1.75721,1,1,1,1
59,0.33793,0.21125,0.39852,0.07155,0.07542,2.02303,1,1,1,1
59,0.30912,-0.02074,0.30982,0.78681,0.02254,1.54192,1,1,1,1
59,-0.33568,-0.01565,0.33605,0.15061,0.07046,2.03683,1,1,1,1
59,0.16336,0.09645,0.18970,0.07432,0.02236,1.75595,1,1,1,1
59,-0.08949,0.36044,0.37139,0.01668,0.15136,1.63759,1,1,1,1
59,0.26780,0.21788,0.34524,0.07149,0.07494,2.02312,1,1,1,1
59,-0.31392,-0.12958,0.33961,0.91883,0.14017,1.57804,1,1,1,1
59,-0.18810,0.06553,0.19919,0.03552,0.06990,1.93290,1,1,1,1
59,-0.15158,-0.26230,0.30295,0.93302,0.14568,1.55196,1,1,1,1
59,0.11735,0.19279,0.22570,0.02492,0.08830,1.79217,1,1,1,1
59,-0.01249,0.19258,0.19299,0.01791,0.13152,1.65857,1,1,1,1
59,-0.16547,-0.34627,0.38378,0.93796,0.14734,1.54872,1,1,1,1
59,0.34485,-0.07298,0.35248,0.78847,0.02255,1.54175,1,1,1,1
59,-0.30375,-0.01519,0.30413,0.15096,0.07034,2.03583,1,1,1,1
59,-0.15281,-0.27090,0.31103,0.93320,0.14585,1.55223,1,1,1,1
59,0.31297,0.09392,0.32676,0.07419,0.02268,1.76031,1,1,1,1
59,0.32010,0.16398,0.35966,0.07259,0.07515,2.02373,1,1,1,1
59,0.35206,-0.01399,0.35234,0.78657,0.02264,1.54222,1,1,1,1
59,0.01232,0.13927,0.13981,0.01835,0.08719,1.72615,1,1,1,1
59,-0.29207,0.02472,0.29311,0.14778,0.07030,2.03870,1,1,1,1
59,-0.24239,0.22159,0.32841,0.03318,0.15055,1.75812,1,1,1,1
59,0.28848,0.03580,0.29069,0.78495,0.02256,1.54220,1,1,1,1
59,0.00197,0.11291,0.11292,0.01856,0.08700,1.72897,1,1,1,1
59,0.15238,0.21703,0.26518,0.02466,0.08870,1.78867,1,1,1,1
59,-0.00022,0.01728,0.01728,0.91203,0.01733,1.45727,1,1,1,1
59,0.14034,-0.29283,0.32472,0.92499,0.10068,1.57157,1,1,1,1
59,0.10313,-0.32575,0.34168,0.92564,0.14548,1.57338,1,1,1,1
59,-0.14232,-0.04363,0.14886,0.91648,0.06972,1.55155,1,1,1,1
59,-0.06467,-0.26405,0.27185,0.92411,0.14523,1.57952,1,1,1,1
59,-0.18249,-0.05277,0.18997,0.91662,0.06988,1.55154,1,1,1,1
59,-0.03071,0.27745,0.27914,0.01727,0.13186,1.65276,1,1,1,1
59,0.24249,-0.02904,0.24422,0.78711,0.02239,1.54147,1,1,1,1
59,0.05922,-0.28261,0.28874,0.92467,0.14488,1.57457,1,1,1,1
59,-0.37376,0.03668,0.37555,0.14588,0.07060,2.04202,1,1,1,1
59,0.26870,0.26747,0.37913,0.07046,0.07510,2.02241,1,1,1,1
59,-0.34196,-0.09837,0.35583,0.91752,0.14042,1.59791,1,1,1,1
59,-0.29357,0.19873,0.35452,0.03324,0.15052,1.75854,1,1,1,1
59,-0.15567,0.26917,0.31094,0.01726,0.15070,1.64245,1,1,1,1
59,0.02583,0.06518,0.07011,0.02638,0.02204,1.98046,1,1,1,1
59,0.22440,-0.24723,0.33388,0.90912,0.07569,1.57971,1,1,1,1
59,0.02683,-0.25399,0.25540,0.92400,0.14451,1.57576,1,1,1,1
59,-0.05739,0.08003,0.09848,0.01880,0.05834,1.81815,1,1,1,1
59,0.00007,-0.33399,0.33399,0.92570,0.14622,1.57718,1,1,1,1
59,0.12734,0.07219,0.14638,0.07495,0.02226,1.75298,1,1,1,1
59,-0.12801,-0.29216,0.31897,0.93364,0.14612,1.55233,1,1,1,1
59,-0.26978,0.28816,0.39474,0.03229,0.15130,1.75206,1,1,1,1
59,-0.32327,-0.00811,0.32337,0.15013,0.07041,2.03707,1,1,1,1
59,-0.02970,0.32292,0.32428,0.01696,0.13213,1.64984,1,1,1,1
59,0.20175,-0.10557,0.22770,0.90334,0.02221,1.47592,1,1,1,1
59,-0.24763,-0.13343,0.28129,0.91932,0.07013,1.54627,1,1,1,1
59,0.10085,-0.01033,0.10138,0.89978,0.02211,1.47930,1,1,1,1
59,-0.03567,0.36273,0.36448,0.01669,0.13230,1.64740,1,1,1,1
59,-0.15364,-0.29795,0.33523,0.93375,0.14637,1.55300,1,1,1,1
59,0.13637,-0.10941,0.17483,0.90404,0.01741,1.46525,1,1,1,1
59,0.15522,0.12357,0.19840,0.07371,0.02238,1.75779,1,1,1,1
59,-0.34544,-0.08646,0.35609,0.91704,0.14041,1.60546,1,1,1,1
59,0.28369,0.12608,0.31044,0.07349,0.02265,1.76191,1,1,1,1
59,-0.21266,-0.15695,0.26430,0.92036,0.14401,1.59776,1,1,1,1
59,-0.21018,-0.02760,0.21198,0.91548,0.06998,1.55417,1,1,1,1
59,0.13164,-0.22362,0.25949,0.90889,0.01736,1.46044,1,1,1,1
59,-0.07250,-0.25122,0.26147,0.92382,0.14503,1.57993,1,1,1,1
59,-0.07866,-0.08715,0.11739,0.95983,0.14187,1.51842,1,1,1,1
59,0.15534,-0.22767,0.27562,0.90887,0.01738,1.46050,1,1,1,1
59,0.37832,0.09706,0.39058,0.78290,0.05768,1.63810,1,1,1,1
59,0.26144,0.15729,0.30511,0.07281,0.02264,1.76364,1,1,1,1
59,-0.20985,-0.28323,0.35250,0.93345,0.14639,1.55370,1,1,1,1
59,0.28399,0.03185,0.28577,0.78508,0.02254,1.54215,1,1,1,1
59,0.07635,0.37369,0.38141,0.01668,0.08866,1.70393,1,1,1,1
59,-0.36032,-0.12060,0.37997,0.91825,0.14083,1.59221,1,1,1,1
59,0.02511,-0.38175,0.38258,0.92670,0.14700,1.57679,1,1,1,1
59,0.09936,0.12011,0.15588,0.07387,0.02226,1.75581,1,1,1,1
59,-0.00731,-0.00694,0.01008,0.91310,0.01731,1.45619,1,1,1,1
59,-0.09714,0.11613,0.15141,0.01847,0.01823,1.99097,1,1,1,1
59,-0.04790,0.37308,0.37614,0.01662,0.13227,1.64680,1,1,1,1
59,-0.14474,0.31325,0.34507,0.01696,0.15110,1.63994,1,1,1,1
59,-0.15308,-0.25095,0.29396,0.93278,0.14547,1.55168,1,1,1,1
59,-0.03371,0.08376,0.09029,0.01879,0.01664,1.98231,1,1,1,1
59,-0.11460,-0.04729,0.12398,0.91678,0.14131,1.61995,1,1,1,1
59,-0.35652,0.12064,0.37638,0.03396,0.19340,1.77539,1,1,1,1
59,-0.23345,-0.03137,0.23555,0.91550,0.07007,1.55429,1,1,1,1
59,0.24804,-0.25439,0.35530,0.90922,0.07592,1.57997,1,1,1,1
59,0.15988,0.45551,0.48275,0.01623,0.33453,1.53485,1,0,1,0
59,-0.78522,-0.73605,1.07626,0.90516,0.94853,1.71285,1,0,1,0
59,0.94965,0.45759,1.05415,0.06663,0.77926,1.43281,1,0,0,0
59,-0.48078,0.74822,0.88937,0.02664,0.95978,1.30288,1,0,0,0
59,-0.49014,-0.90906,1.03278,0.94536,0.94773,1.71196,1,0,1,0
59,0.39924,-0.07825,0.40683,0.78861,0.02059,1.53643,1,0,0,0
59,-0.09829,0.74019,0.74669,0.01474,0.87843,1.31603,1,0,0,0
59,-0.67180,0.97149,1.18115,0.02516,0.96101,1.30058,1,0,0,0
59,0.61365,0.89946,1.08885,0.01964,0.98878,1.28382,1,0,0,0
59,-0.50594,0.54640,0.74467,0.02795,0.87853,1.33463,1,0,0,0
59,0.11089,0.50686,0.51885,0.01591,0.33591,1.53279,1,0,1,0
59,0.84354,-0.27007,0.88572,0.79409,0.96686,1.70642,1,0,1,0
59,-0.18235,0.42312,0.46074,0.01626,0.15231,1.63392,1,0,1,0
59,-0.74420,0.17283,0.76401,0.03177,0.20371,1.76181,1,0,1,0
59,-0.11516,0.39944,0.41571,0.01643,0.15184,1.63540,1,0,1,0
59,-0.47864,-0.82645,0.95505,0.94452,0.94732,1.71205,1,0,1,0
59,0.57119,-0.49807,0.75784,0.91560,0.02565,1.46971,1,0,0,0
59,-0.53939,0.40638,0.67534,0.03015,0.15322,1.73729,1,0,1,0
59,0.75821,-0.40339,0.85884,0.91106,0.89353,1.72030,1,0,1,0
59,-0.81852,-0.16597,0.83518,0.82939,0.14720,1.84454,1,0,0,0
59,0.48311,-0.05626,0.48638,0.78788,0.11394,1.78065,1,0,0,0
59,0.70005,0.64943,0.95489,0.06369,0.12238,1.94560,1,0,1,0
59,0.37318,0.42484,0.56546,0.06739,0.11426,1.96905,1,0,1,0
59,-0.89523,-0.84145,1.22861,0.90683,0.94940,1.71270,1,0,1,0
59,-0.13264,-0.61347,0.62765,0.94226,0.15209,1.55564,1,0,0,0
59,0.08204,-0.45219,0.45958,0.92811,0.14805,1.57611,1,0,0,0
59,-0.66063,-0.38268,0.76346,0.92898,0.94634,1.71269,1,0,1,0
59,-0.49320,0.28457,0.56940,0.03149,0.19854,1.75768,1,0,1,0
59,0.92945,-0.25382,0.96348,0.79361,0.96709,1.70634,1,0,1,0
59,-0.96213,-0.39285,1.03925,0.91897,0.94802,1.71270,1,0,1,0
59,0.90416,-0.54055,1.05342,0.91467,0.89669,1.71975,1,0,1,0
59,-0.41449,-0.71578,0.82713,0.94332,0.15487,1.56152,1,0,0,0
59,-0.14026,0.72133,0.73484,0.01480,0.87846,1.31612,1,0,0,0
59,0.35602,-0.92950,0.99535,0.93524,0.77807,1.73628,1,0,1,0
59,0.04031,0.78233,0.78336,0.01460,0.34621,1.52224,1,0,1,0
59,0.84140,-0.50617,0.98192,0.91399,0.89556,1.71992,1,0,1,0
59,-0.36920,0.34882,0.50793,0.03127,0.15221,1.74504,1,0,1,0
59,0.43810,-0.97915,1.07269,0.93583,0.77957,1.73563,1,0,1,0
59,0.46648,0.13688,0.48615,0.07306,0.11466,1.98413,1,0,1,0
59,0.61902,-0.61536,0.87284,0.93139,0.92293,1.71573,1,0,1,0
59,-0.36702,-0.65301,0.74909,0.94257,0.15369,1.55955,1,0,0,0
59,0.46946,0.65322,0.80442,0.02101,0.27156,1.59631,1,0,1,0
59,-0.07247,-0.67914,0.68300,0.94318,0.15302,1.55668,1,0,0,0
59,0.51756,-0.41925,0.66606,0.91334,0.02537,1.47167,1,0,0,0
59,-0.07747,-0.93115,0.93437,0.94596,0.93083,1.71410,1,0,1,0
59,0.65055,-0.04015,0.65179,0.78737,0.11756,1.78852,1,0,0,0
59,0.85356,-0.51779,0.99833,0.91428,0.89582,1.71987,1,0,1,0
59,-0.05840,0.67068,0.67322,0.01504,0.22456,1.59477,1,0,1,0
59,0.57636,-0.75623,0.95083,0.93337,0.02589,1.45047,1,0,0,0
59,-0.29819,-0.89611,0.94442,0.94542,0.15744,1.56469,1,0,0,0
59,0.86529,0.81998,1.19210,0.06152,0.98978,1.33337,1,0,0,0
59,-0.59002,0.16653,0.61307,0.03242,0.19991,1.76557,1,0,1,0
59,-0.81983,0.47701,0.94850,0.02880,0.92819,1.31727,1,0,0,0
59,0.26053,-0.33161,0.42171,0.91207,0.07637,1.57418,1,0,0,0
59,0.40088,0.07946,0.40868,0.78349,0.11299,1.77831,1,0,0,0
59,0.41796,0.61460,0.74325,0.02127,0.26939,1.59942,1,0,1,0
59,0.70087,0.17109,0.72145,0.07216,0.11983,1.97710,1,0,1,0
59,-0.79224,-0.76917,1.10421,0.90575,0.94869,1.71282,1,0,1,0
59,-0.69093,-0.24284,0.73236,0.91574,0.14608,1.66416,1,0,0,0
59,-0.02632,0.46960,0.47034,0.01606,0.17940,1.63072,1,0,1,0
59,0.63479,-0.43410,0.76902,0.91302,0.02584,1.47294,1,0,0,0
59,0.37154,-0.48773,0.61312,0.92905,0.07798,1.53660,1,0,0,0
59,0.78923,-0.32187,0.85235,0.90781,0.89332,1.72046,1,0,1,0
59,-0.49747,0.19674,0.53496,0.03244,0.19783,1.76497,1,0,1,0
59,0.21423,0.52471,0.56676,0.01587,0.33850,1.53129,1,0,1,0
59,-0.46774,0.11262,0.48111,0.03357,0.19626,1.77338,1,0,1,0
59,0.76305,-0.52395,0.92562,0.91511,0.89456,1.71999,1,0,1,0
59,0.51650,0.89266,1.03132,0.01822,0.35969,1.52994,1,0,1,0
59,0.09941,0.61903,0.62696,0.01533,0.34051,1.52804,1,0,1,0
59,-0.95742,0.53953,1.09897,0.02805,0.92892,1.31602,1,0,0,0
59,0.14293,-0.63584,0.65171,0.93125,0.10277,1.55062,1,0,0,0
59,-0.46929,0.71843,0.85812,0.02685,0.95964,1.30320,1,0,0,0
59,0.81662,-0.14860,0.83003,0.79065,0.96660,1.70653,1,0,1,0
59,-0.66563,0.52700,0.84899,0.02882,0.87916,1.33560,1,0,0,0
59,0.39056,-0.21517,0.44591,0.90654,0.07695,1.58851,1,0,0,0
59,-0.42274,0.29551,0.51578,0.03163,0.15188,1.74755,1,0,1,0
59,-0.54627,0.08575,0.55296,0.14030,0.19803,2.13961,1,0,1,0
59,-0.31534,-0.66800,0.73869,0.94282,0.15376,1.55932,1,0,0,0
59,0.87584,-0.63935,1.08437,0.91785,0.89701,1.71957,1,0,1,0
59,-0.85589,0.95314,1.28102,0.02497,0.96131,1.30023,1,0,0,0
59,-0.98182,0.97051,1.38053,0.02473,0.98862,1.29009,1,0,0,0
59,-0.63073,0.54391,0.83286,0.02878,0.87916,1.33555,1,0,0,0
59,-0.25681,-0.72149,0.76583,0.94354,0.15446,1.55999,1,0,0,0
59,-0.29713,0.59867,0.66835,0.01532,0.22480,1.59647,1,0,1,0
59,0.39523,-0.88541,0.96961,0.93479,0.77676,1.73682,1,0,1,0
59,-0.96366,-0.56228,1.11571,0.93174,0.94869,1.71229,1,0,1,0
59,-0.41469,-0.80625,0.90664,0.94437,0.15632,1.56358,1,0,0,0
59,-0.98308,-0.57924,1.14104,0.93198,0.94884,1.71226,1,0,1,0
59,0.54899,-0.99326,1.13488,0.93606,0.98828,1.70645,1,0,1,0
59,0.30553,0.78398,0.84141,0.01468,0.35123,1.52018,1,0,1,0
59,-0.91507,-0.91415,1.29345,0.90794,0.94973,1.71264,1,0,1,0
59,-0.85049,0.42642,0.95140,0.02911,0.92816,1.31768,1,0,0,0
59,0.11327,-0.94686,0.95361,0.94627,0.93106,1.71406,1,0,1,0
59,0.42242,0.64289,0.76925,0.02108,0.34733,1.54793,1,0,1,0
59,-0.91601,-0.65789,1.12778,0.93338,0.94884,1.71222,1,0,1,0
59,0.21866,-0.83565,0.86379,0.93404,0.77511,1.73757,1,0,1,0
59,0.19527,-0.88020,0.90160,0.93453,0.93031,1.71466,1,0,1,0
59,0.69425,0.04471,0.69569,0.78473,0.11898,1.79140,1,0,0,0
59,-0.68454,0.23686,0.72436,0.03131,0.20288,1.75778,1,0,1,0
59,0.54952,0.48067,0.73008,0.06631,0.11826,1.96044,1,0,1,0
59,0.85546,0.51195,0.99695,0.06572,0.12505,1.94946,1,0,1,0
59,0.13987,0.95842,0.96857,0.01400,0.97733,1.28082,1,0,0,0
59,0.51808,-0.21307,0.56018,0.90547,0.02518,1.47983,1,0,0,0
59,-0.09877,-0.75039,0.75686,0.94403,0.15439,1.55898,1,0,0,0
59,-0.69687,0.14865,0.71254,0.03221,0.20236,1.76482,1,0,1,0
59,-0.64319,-0.42322,0.76994,0.92982,0.94643,1.71265,1,0,1,0
59,0.66899,0.83019,1.06619,0.01999,0.98065,1.28711,1,0,0,0
59,-0.71021,0.73447,1.02169,0.02625,0.96029,1.30221,1,0,0,0
59,0.96737,0.92728,1.34002,0.06036,0.98997,1.33195,1,0,0,0
59,-0.48057,0.75282,0.89314,0.02661,0.95980,1.30284,1,0,0,0
59,0.87292,0.26892,0.91340,0.07010,0.77661,1.43931,1,0,0,0
59,0.76559,0.84461,1.13995,0.06126,0.98087,1.33674,1,0,0,0
59,0.27606,0.53927,0.60582,0.02006,0.34022,1.54780,1,0,1,0
59,-0.27503,-0.94851,0.98758,0.94594,0.15821,1.56578,1,0,0,0
59,0.45164,-0.12115,0.46760,0.78993,0.02069,1.53651,1,0,0,0
59,0.15940,-0.93657,0.95004,0.93511,0.93094,1.71455,1,0,1,0
59,0.62330,0.33865,0.70936,0.06879,0.11908,1.96742,1,0,1,0
59,0.07457,0.91826,0.92128,0.01411,0.97729,1.28098,1,0,0,0
59,0.77764,-0.99820,1.26536,0.93629,0.89806,1.71850,1,0,1,0
59,0.36075,0.48749,0.60645,0.02220,0.09158,1.75752,1,0,1,0
59,0.99710,0.63994,1.18479,0.06382,0.78114,1.42767,1,0,0,0
59,0.13700,-0.39558,0.41864,0.92710,0.10127,1.56425,1,0,0,0
59,0.95252,0.48990,1.07112,0.06610,0.77948,1.43189,1,0,0,0
59,0.67072,0.12876,0.68296,0.78202,0.11894,1.79118,1,0,0,0
59,-0.69206,-0.27613,0.74512,0.91691,0.14626,1.64965,1,0,0,0
59,-0.94321,0.91785,1.31609,0.02499,0.98854,1.29044,1,0,0,0
59,-0.50619,0.88632,1.02069,0.01419,0.96036,1.28690,1,0,0,0
59,-0.47519,0.31235,0.56866,0.03126,0.15220,1.74504,1,0,1,0
59,-0.87410,0.53755,1.02617,0.02825,0.92860,1.31639,1,0,0,0
59,0.90483,-0.95833,1.31800,0.93597,0.89944,1.71836,1,0,1,0
59,-0.35349,-0.25898,0.43820,0.93294,0.14669,1.55593,1,0,0,0
59,0.32043,-0.47993,0.57707,0.92887,0.07752,1.53644,1,0,0,0
59,-0.02930,-0.94581,0.94626,0.94614,0.93101,1.71407,1,0,1,0
59,0.44618,-0.59887,0.74681,0.93099,0.07908,1.53357,1,0,0,0
59,0.45048,-0.26837,0.52436,0.90824,0.02497,1.47644,1,0,0,0
59,0.86480,0.89875,1.24725,0.06066,0.98988,1.33233,1,0,0,0
59,0.14925,-0.55295,0.57274,0.92995,0.10236,1.55481,1,0,0,0
59,-0.96092,0.11239,0.96747,0.04746,0.20796,1.87289,1,0,1,0
59,-0.22486,-0.75929,0.79189,0.94402,0.15499,1.56061,1,0,0,0
59,-0.98507,0.07237,0.98772,0.04872,0.20809,1.88030,1,0,1,0
59,-0.59050,0.25458,0.64304,0.03146,0.20073,1.75817,1,0,1,0
59,-0.63167,0.23143,0.67273,0.03155,0.20154,1.75923,1,0,1,0
59,-0.79414,-0.81665,1.13911,0.90657,0.94888,1.71278,1,0,1,0
59,-0.28422,-0.29043,0.40637,0.93359,0.14691,1.55533,1,0,0,0
59,0.08198,-0.97546,0.97890,0.94650,0.93136,1.71401,1,0,1,0
59,0.12546,-0.76100,0.77127,0.93300,0.92891,1.71490,1,0,1,0
59,-0.43218,0.53238,0.68572,0.02826,0.15406,1.72406,1,0,1,0
59,0.34149,0.31067,0.46167,0.06952,0.07576,2.02145,1,0,1,0
59,0.78233,-0.77122,1.09856,0.93372,0.89664,1.71881,1,0,1,0
59,-0.12554,-0.67153,0.68317,0.94304,0.15310,1.55714,1,0,0,0
59,0.62726,0.42052,0.75517,0.06730,0.11961,1.96196,1,0,1,0
59,0.22283,0.54128,0.58535,0.01578,0.33937,1.53049,1,0,1,0
59,0.90722,-0.78012,1.19651,0.92145,0.89837,1.71923,1,0,1,0
59,0.79514,-0.30924,0.85316,0.90728,0.89331,1.72049,1,0,1,0
59,-0.09319,-0.56925,0.57683,0.94166,0.15112,1.55387,1,0,0,0
59,-0.15599,0.46854,0.49382,0.01601,0.15266,1.63180,1,0,1,0
59,-0.12978,0.61286,0.62646,0.01528,0.22359,1.60052,1,0,1,0
59,-0.61541,-0.75173,0.97151,0.94354,0.94775,1.71203,1,0,1,0
59,0.66286,0.58226,0.88228,0.06467,0.12123,1.95078,1,0,1,0
59,0.39391,-0.88671,0.97027,0.93480,0.77680,1.73681,1,0,1,0
59,-0.19442,-0.55626,0.58926,0.94139,0.15133,1.55493,1,0,0,0
59,0.45607,-0.32586,0.56052,0.91041,0.02505,1.47423,1,0,0,0
59,0.81505,-0.23249,0.84755,0.79305,0.96672,1.70647,1,0,1,0
59,0.89994,-0.70360,1.14235,0.91949,0.89777,1.71940,1,0,1,0
59,0.57137,0.98680,1.14028,0.01784,0.87153,1.32289,1,0,0,0
59,0.95719,-0.09156,0.96156,0.78904,0.96693,1.70643,1,0,1,0
59,0.90295,-0.90141,1.27588,0.93536,0.89908,1.71844,1,0,1,0
59,-0.94093,-0.80597,1.23892,0.90617,0.94947,1.71270,1,0,1,0
59,-0.71268,0.17746,0.73444,0.03184,0.20301,1.76206,1,0,1,0
59,0.20076,-0.68843,0.71710,0.93209,0.19843,1.67982,1,0,0,0
59,0.75573,-0.67061,1.01036,0.91953,0.89556,1.71966,1,0,1,0
59,0.81220,-0.88307,1.19978,0.93510,0.89779,1.71860,1,0,1,0
59,-0.52818,0.27852,0.59711,0.03143,0.19938,1.75748,1,0,1,0
59,-0.52416,-0.05047,0.52659,0.15126,0.14284,2.19836,1,0,1,0
59,0.19731,0.61516,0.64603,0.01539,0.34210,1.52750,1,0,1,0
59,0.66330,-0.87365,1.09692,0.93488,0.89569,1.71885,1,0,1,0
59,0.55809,-0.72471,0.91470,0.93293,0.02579,1.45079,1,0,0,0
59,-0.82171,-0.61610,1.02702,0.93292,0.94824,1.71231,1,0,1,0
59,-0.41625,-0.76115,0.86754,0.94386,0.15561,1.56257,1,0,0,0
59,0.55135,-0.28462,0.62048,0.90812,0.02537,1.47738,1,0,0,0
59,0.65964,0.04035,0.66088,0.78484,0.11821,1.78978,1,0,0,0
59,-0.75523,-0.94298,1.20813,0.94539,0.94915,1.71178,1,0,1,0
59,-0.99624,0.16344,1.00956,0.02037,0.20915,1.66619,1,0,1,0
59,0.32426,0.34658,0.47462,0.06885,0.07575,2.02091,1,0,1,0
59,0.22990,-0.32907,0.40143,0.92585,0.07610,1.54134,1,0,0,0
60,0.27453,0.09072,0.28913,0.68551,0.02603,0.60850,1,1,1,1
60,0.38898,0.00697,0.38904,0.68858,0.02611,0.60896,1,1,1,1
60,-0.25524,-0.14172,0.29195,0.85880,0.03921,0.65656,1,1,1,1
60,0.17161,0.27365,0.32301,0.01903,0.01190,0.18089,1,1,1,1
60,-0.36470,-0.04745,0.36778,0.02708,0.03930,-0.16475,0,1,1,0
60,-0.38999,0.01144,0.39016,0.02636,0.03929,-0.17489,0,1,1,0
60,-0.15213,0.01336,0.15271,0.02729,0.03894,-0.15791,0,1,1,0
60,-0.38222,0.08173,0.39087,0.02258,0.03922,-0.23034,0,1,1,0
60,-0.28314,0.14787,0.31943,0.02258,0.03903,-0.22851,0,1,1,0
60,0.14141,0.13699,0.19688,0.01949,0.01184,0.19136,1,1,1,1
60,-0.33397,-0.07816,0.34300,0.85420,0.03928,0.65699,1,1,1,1
60,-0.21209,-0.20844,0.29737,0.86281,0.03920,0.65615,1,1,1,1
60,0.36632,-0.11028,0.38256,0.84281,0.03707,0.65971,1,1,1,1
60,-0.00627,0.22809,0.22818,0.02080,0.01187,0.21329,1,1,1,1
60,-0.25997,-0.05607,0.26595,0.85412,0.03915,0.65709,1,1,1,1
60,0.07822,0.06827,0.10382,0.05631,0.01180,0.46908,1,1,1,1
60,0.03715,0.37771,0.37953,0.02025,0.01194,0.20181,1,1,1,1
60,-0.15829,0.19075,0.24787,0.02065,0.01185,0.21153,1,1,1,1
60,0.39354,0.05986,0.39807,0.68702,0.02609,0.60870,1,1,1,1
60,0.02064,-0.17502,0.17624,0.84603,0.02933,0.66454,1,1,1,1
60,0.17278,0.18052,0.24988,0.01935,0.01186,0.18810,1,1,1,1
60,-0.00531,0.06728,0.06749,0.01969,0.01180,0.19617,1,1,1,1
60,-0.09299,-0.34234,0.35475,0.86880,0.01156,0.67215,1,1,1,1
60,0.36657,0.05988,0.37143,0.68690,0.02608,0.60869,1,1,1,1
60,-0.27233,-0.25205,0.37106,0.86405,0.03932,0.65594,1,1,1,1
60,-0.06966,-0.24090,0.25077,0.90581,0.01151,0.66750,1,1,1,1
60,-0.32503,-0.13554,0.35216,0.85743,0.03931,0.65664,1,1,1,1
60,-0.01177,0.01907,0.02241,0.68777,0.03872,0.59335,1,1,1,1
60,-0.06343,0.04810,0.07961,0.02317,0.03877,-0.21700,0,1,1,0
60,-0.18356,-0.01984,0.18462,0.02752,0.03901,-0.15536,0,1,1,0
60,-0.37553,0.06515,0.38114,0.02268,0.03923,-0.22883,0,1,1,0
60,-0.14869,-0.09218,0.17494,0.85780,0.03901,0.65680,1,1,1,1
60,0.00975,0.29737,0.29753,0.02053,0.01190,0.20778,1,1,1,1
60,-0.24311,0.28048,0.37118,0.02714,0.01188,0.29802,1,1,1,1
60,-0.17004,0.29742,0.34260,0.01970,0.01189,0.19360,1,1,1,1
60,0.01835,0.04383,0.04752,0.05665,0.01179,0.47042,1,1,1,1
60,-0.14369,-0.29745,0.33034,0.90704,0.01153,0.66732,1,1,1,1
60,-0.11133,0.17527,0.20764,0.02082,0.01184,0.21443,1,1,1,1
60,0.23369,0.15160,0.27856,0.04532,0.01185,0.42520,1,1,1,1
60,0.15878,-0.13435,0.20800,0.84400,0.02947,0.66468,1,1,1,1
60,0.09579,0.27567,0.29184,0.01631,0.01190,0.12297,1,1,1,1
60,0.08372,-0.09859,0.12934,0.84214,0.02928,0.66502,1,1,1,1
60,-0.13728,0.31523,0.34383,0.01970,0.01190,0.19317,1,1,1,1
60,-0.34884,0.17251,0.38917,0.02227,0.03911,-0.23410,0,1,1,0
60,0.23223,0.07832,0.24508,0.68569,0.02601,0.60854,1,1,1,1
60,0.26708,0.05174,0.27205,0.68667,0.02604,0.60869,1,1,1,1
60,-0.02557,0.39564,0.39646,0.01960,0.01195,0.19010,1,1,1,1
60,-0.12359,-0.17329,0.21285,0.90411,0.03904,0.65185,1,1,1,1
60,-0.21646,0.31877,0.38532,0.01953,0.01190,0.19032,1,1,1,1
60,0.18587,-0.16530,0.24874,0.84556,0.02957,0.66444,1,1,1,1
60,0.31611,-0.03103,0.31763,0.83860,0.02610,0.66745,1,1,1,1
60,0.00298,-0.12523,0.12527,0.84351,0.01145,0.67526,1,1,1,1
60,0.08106,-0.13841,0.16040,0.84420,0.02935,0.66474,1,1,1,1
60,-0.25187,0.00317,0.25189,0.02699,0.03909,-0.16384,0,1,1,0
60,-0.06869,0.05807,0.08995,0.02146,0.03878,-0.24337,0,1,1,0
60,-0.23416,-0.19652,0.30570,0.86190,0.03922,0.65623,1,1,1,1
60,-0.08083,-0.21624,0.23085,0.90521,0.01149,0.66758,1,1,1,1
60,-0.30515,-0.22413,0.37862,0.86223,0.03935,0.65611,1,1,1,1
60,0.20268,0.20286,0.28677,0.04496,0.01187,0.42320,1,1,1,1
60,0.12493,-0.37596,0.39618,0.86509,0.06334,0.63801,1,1,1,1
60,-0.24800,0.12728,0.27875,0.02279,0.03899,-0.22492,0,1,1,0
60,-0.34870,-0.19095,0.39756,0.85994,0.03938,0.65632,1,1,1,1
60,-0.02917,0.00639,0.02986,0.83637,0.03875,0.65918,1,1,1,1
60,0.12011,-0.29379,0.31739,0.86226,0.02972,0.66243,1,1,1,1
60,0.21281,-0.33480,0.39671,0.86379,0.03731,0.65732,1,1,1,1
60,0.25176,0.13432,0.28535,0.04545,0.03840,0.06418,1,1,1,1
60,0.18667,0.15687,0.24384,0.04525,0.01185,0.42487,1,1,1,1
60,0.33597,-0.05987,0.34126,0.84016,0.02961,0.66503,1,1,1,1
60,0.16137,0.29385,0.33525,0.01897,0.01191,0.17931,1,1,1,1
60,0.08569,-0.16681,0.18753,0.84563,0.02942,0.66453,1,1,1,1
60,0.33731,-0.02598,0.33831,0.83833,0.02610,0.66747,1,1,1,1
60,-0.00508,0.14787,0.14796,0.02118,0.01184,0.22045,1,1,1,1
60,0.27465,0.23049,0.35855,0.04484,0.03864,0.05545,1,1,1,1
60,-0.25086,-0.14666,0.29058,0.85912,0.03921,0.65653,1,1,1,1
60,-0.01076,-0.16072,0.16108,0.90392,0.01147,0.66776,1,1,1,1
60,0.30547,0.00511,0.30551,0.68825,0.02608,0.60894,1,1,1,1
60,-0.20640,-0.22167,0.30289,0.86354,0.03920,0.65608,1,1,1,1
60,-0.14426,-0.35241,0.38079,0.86900,0.01156,0.67212,1,1,1,1
60,-0.27730,-0.19646,0.33984,0.86126,0.03928,0.65625,1,1,1,1
60,0.01480,-0.24652,0.24696,0.90602,0.02946,0.65747,1,1,1,1
60,0.11447,-0.35264,0.37075,0.86430,0.02982,0.66213,1,1,1,1
60,-0.07376,-0.33474,0.34277,0.86860,0.01156,0.67217,1,1,1,1
60,0.24672,0.06722,0.25571,0.68610,0.02602,0.60861,1,1,1,1
60,-0.35081,-0.16083,0.38593,0.85837,0.03936,0.65650,1,1,1,1
60,-0.14433,-0.18091,0.23143,0.90428,0.03907,0.65181,1,1,1,1
60,0.21701,-0.05094,0.22291,0.83964,0.02940,0.66523,1,1,1,1
60,-0.10100,0.25681,0.27596,0.02048,0.01188,0.20767,1,1,1,1
60,0.01347,-0.06687,0.06821,0.84044,0.02982,0.66486,1,1,1,1
60,0.06597,-0.10081,0.12048,0.84226,0.02926,0.66502,1,1,1,1
60,0.17391,-0.33269,0.37540,0.86368,0.02988,0.66216,1,1,1,1
60,0.16015,-0.04292,0.16580,0.83919,0.02930,0.66535,1,1,1,1
60,-0.36414,0.11007,0.38041,0.02251,0.03918,-0.23106,0,1,1,0
60,-0.03753,0.12580,0.13128,0.02121,0.01182,0.22132,1,1,1,1
60,0.14771,0.29026,0.32568,0.01632,0.01191,0.12293,1,1,1,1
60,0.13958,0.10683,0.17577,0.01960,0.01182,0.19374,1,1,1,1
60,0.07784,0.32379,0.33301,0.01614,0.01192,0.11835,1,1,1,1
60,-0.16478,0.17782,0.24243,0.02070,0.01184,0.21244,1,1,1,1
60,-0.00579,0.02320,0.02391,0.68749,0.03870,0.59331,1,1,1,1
60,-0.38356,0.09146,0.39432,0.02253,0.03922,-0.23105,0,1,1,0
60,0.13346,-0.13370,0.18891,0.84397,0.02943,0.66471,1,1,1,1
60,0.22301,-0.15351,0.27074,0.84498,0.02961,0.66448,1,1,1,1
60,0.38868,-0.06737,0.39448,0.84058,0.03701,0.65999,1,1,1,1
60,0.38958,0.02930,0.39068,0.68792,0.02610,0.60885,1,1,1,1
60,-0.16140,-0.15663,0.22490,0.86097,0.03908,0.65642,1,1,1,1
60,0.30631,-0.03484,0.30828,0.83880,0.02951,0.66525,1,1,1,1
60,0.33747,-0.15073,0.36960,0.85711,0.03711,0.65817,1,1,1,1
60,0.12054,-0.20888,0.24117,0.85912,0.02955,0.66289,1,1,1,1
60,0.38703,0.03155,0.38831,0.68784,0.02610,0.60884,1,1,1,1
60,-0.00332,0.25393,0.25395,0.02069,0.01188,0.21113,1,1,1,1
60,0.31660,-0.07998,0.32655,0.84122,0.02962,0.66491,1,1,1,1
60,0.35447,-0.09623,0.36730,0.84208,0.03701,0.65983,1,1,1,1
60,-0.19581,-0.12461,0.23210,0.85880,0.03911,0.65663,1,1,1,1
60,0.08278,0.11643,0.14286,0.01954,0.01183,0.19270,1,1,1,1
60,-0.22256,0.07894,0.23615,0.02312,0.03899,-0.21996,0,1,1,0
60,0.03046,0.13773,0.14106,0.01945,0.01183,0.19079,1,1,1,1
60,-0.07827,0.07048,0.10533,0.02138,0.03878,-0.24472,0,1,1,0
60,-0.34575,0.17574,0.38785,0.02226,0.03910,-0.23412,0,1,1,0
60,-0.04750,-0.10098,0.11159,0.90233,0.03886,0.65215,1,1,1,1
60,-0.38313,-0.00024,0.38313,0.02651,0.03929,-0.17277,0,1,1,0
60,0.16016,-0.27379,0.31720,0.86159,0.02974,0.66249,1,1,1,1
60,-0.01346,0.24284,0.24322,0.02072,0.01188,0.21176,1,1,1,1
60,0.12464,0.02798,0.12774,0.84139,0.02982,0.66476,1,1,1,1
60,-0.09246,-0.24546,0.26229,0.90589,0.01151,0.66748,1,1,1,1
60,-0.23276,0.31218,0.38941,0.02701,0.01190,0.29627,1,1,1,1
60,-0.30365,-0.21999,0.37496,0.86204,0.03934,0.65613,1,1,1,1
60,0.00478,-0.10963,0.10974,0.84271,0.01144,0.67536,1,1,1,1
60,0.07660,-0.09594,0.12276,0.84200,0.02927,0.66504,1,1,1,1
60,0.02327,0.05932,0.06372,0.05642,0.01180,0.46953,1,1,1,1
60,0.23733,0.13266,0.27189,0.04545,0.01184,0.42592,1,1,1,1
60,-0.02454,-0.19909,0.20060,0.90485,0.01149,0.66763,1,1,1,1
60,-0.12768,0.07705,0.14912,0.02124,0.03885,-0.24762,0,1,1,0
60,-0.24385,-0.29925,0.38603,0.93156,0.03931,0.64866,1,1,1,1
60,0.15808,0.22869,0.27801,0.01918,0.01188,0.18429,1,1,1,1
60,0.33462,-0.00175,0.33463,0.68859,0.02609,0.60899,1,1,1,1
60,0.10802,-0.20906,0.23532,0.85911,0.02953,0.66291,1,1,1,1
60,0.09942,-0.38291,0.39561,0.86530,0.06331,0.63802,1,1,1,1
60,0.08434,-0.10708,0.13630,0.84259,0.02930,0.66496,1,1,1,1
60,0.10581,0.33480,0.35113,0.01614,0.01193,0.11805,1,1,1,1
60,0.28277,-0.23804,0.36962,0.86041,0.03722,0.65775,1,1,1,1
60,-0.17494,-0.29442,0.34247,0.93155,0.01152,0.66413,1,1,1,1
60,-0.18351,-0.23273,0.29638,0.93054,0.03917,0.64886,1,1,1,1
60,-0.01504,-0.16822,0.16889,0.90410,0.01147,0.66773,1,1,1,1
60,-0.19556,-0.33567,0.38848,0.93217,0.01155,0.66403,1,1,1,1
60,-0.00400,0.19140,0.19144,0.02097,0.01186,0.21661,1,1,1,1
60,-0.29155,0.26453,0.39368,0.02705,0.01187,0.29733,1,1,1,1
60,-0.33433,0.01238,0.33456,0.02656,0.03921,-0.17111,0,1,1,0
60,0.18500,0.30535,0.35702,0.01894,0.01192,0.17853,1,1,1,1
60,-0.24855,0.19820,0.31790,0.02245,0.01184,0.23992,1,1,1,1
60,-0.24172,-0.04476,0.24583,0.85377,0.03911,0.65715,1,1,1,1
60,0.12099,-0.30741,0.33037,0.86275,0.02974,0.66235,1,1,1,1
60,0.08642,0.23029,0.24597,0.01644,0.01188,0.12677,1,1,1,1
60,-0.28259,0.11450,0.30491,0.02274,0.03905,-0.22627,0,1,1,0
60,-0.06497,-0.03625,0.07440,0.87127,0.03884,0.65550,1,1,1,1
60,0.22200,-0.07877,0.23556,0.84113,0.02946,0.66502,1,1,1,1
60,-0.07536,-0.32140,0.33012,0.86815,0.01155,0.67223,1,1,1,1
60,0.15078,-0.36404,0.39403,0.86472,0.02990,0.66203,1,1,1,1
60,-0.06840,0.13326,0.14979,0.02110,0.01183,0.21959,1,1,1,1
60,0.17792,-0.09844,0.20334,0.84216,0.02943,0.66492,1,1,1,1
60,0.14240,-0.09246,0.16978,0.84184,0.02936,0.66500,1,1,1,1
60,0.02186,-0.03303,0.03961,0.83860,0.03870,0.65899,1,1,1,1
60,-0.38692,-0.08170,0.39545,0.02735,0.03935,-0.16141,0,1,1,0
60,-0.31239,0.09814,0.32744,0.02273,0.03911,-0.22707,0,1,1,0
60,-0.03225,0.15554,0.15885,0.02108,0.01184,0.21884,1,1,1,1
60,0.04860,-0.18621,0.19245,0.84658,0.02940,0.66444,1,1,1,1
60,-0.24706,0.06585,0.25569,0.02310,0.03904,-0.22066,0,1,1,0
60,0.08675,0.23777,0.25310,0.01641,0.01188,0.12611,1,1,1,1
60,0.15184,-0.35926,0.39003,0.86456,0.02989,0.66205,1,1,1,1
60,0.09433,0.34801,0.36056,0.01609,0.01193,0.11665,1,1,1,1
60,0.28678,0.21728,0.35980,0.04493,0.03863,0.05642,1,1,1,1
60,-0.03236,-0.16669,0.16980,0.90404,0.01147,0.66774,1,1,1,1
60,-0.21021,-0.14151,0.25340,0.85946,0.03914,0.65654,1,1,1,1
60,-0.15065,-0.34843,0.37960,0.93241,0.01156,0.66399,1,1,1,1
60,-0.06762,0.30362,0.31106,0.02035,0.01190,0.20474,1,1,1,1
60,0.24698,0.08827,0.26229,0.68546,0.02601,0.60850,1,1,1,1
60,0.19792,0.15998,0.25450,0.04524,0.01185,0.42478,1,1,1,1
60,0.00642,0.13243,0.13259,0.01666,0.01183,0.13362,1,1,1,1
60,-0.24901,-0.23639,0.34335,0.86363,0.03927,0.65601,1,1,1,1
60,-0.06145,0.03607,0.07126,0.02329,0.03878,-0.21527,0,1,1,0
60,-0.31130,-0.22941,0.38670,0.86240,0.03936,0.65609,1,1,1,1
60,-0.31438,-0.19127,0.36799,0.86046,0.03933,0.65630,1,1,1,1
60,-0.21989,0.18719,0.28878,0.02260,0.01184,0.24208,1,1,1,1
60,-0.23137,-0.02335,0.23255,0.02736,0.03908,-0.15845,0,1,1,0
60,-0.29382,-0.02602,0.29497,0.02713,0.03918,-0.16269,0,1,1,0
60,-0.23611,-0.01857,0.23684,0.02729,0.03909,-0.15950,0,1,1,0
60,-0.18416,-0.21386,0.28222,0.86348,0.03916,0.65611,1,1,1,1
60,-0.71791,-0.91858,1.16584,0.79861,0.98966,-0.09984,0,0,1,1
60,0.92966,-0.93085,1.31558,0.87892,0.99068,-0.05829,0,0,1,1
60,-0.69918,0.86450,1.11185,0.02855,0.98878,-0.65741,0,0,1,1
60,0.34721,-0.52622,0.63045,0.86983,0.55576,0.20659,1,0,1,0
60,-0.51701,-0.05980,0.52045,0.02661,0.03952,-0.17372,0,0,1,1
60,-0.55375,0.38758,0.67591,0.03072,0.98767,-0.65599,0,0,1,1
60,-0.51716,0.46376,0.69464,0.03048,0.98769,-0.65619,0,0,1,1
60,0.47022,-0.66663,0.81578,0.87353,0.57552,0.19412,1,0,1,0
60,-0.67104,-0.38845,0.77537,0.69457,0.32613,0.30970,1,0,0,0
60,-0.02432,0.79896,0.79933,0.01826,0.36344,-0.71686,0,0,1,1
60,0.82610,0.53072,0.98188,0.04346,0.97146,-0.64419,0,0,1,1
60,0.11388,-0.74742,0.75604,0.87916,0.92391,-0.02731,0,0,1,1
60,-0.61683,0.68746,0.92362,0.02931,0.98835,-0.65696,0,0,1,1
60,0.35510,0.35331,0.50092,0.04414,0.07956,-0.29927,0,0,1,1
60,0.59644,-0.68965,0.91179,0.87409,0.58521,0.18750,1,0,1,0
60,0.19350,0.72190,0.74738,0.01992,0.94254,-0.66972,0,0,1,1
60,0.40329,-0.59295,0.71710,0.87166,0.56524,0.20059,1,0,1,0
60,0.59989,0.88755,1.07127,0.02222,0.99377,-0.66073,0,0,1,1
60,-0.98132,-0.63742,1.17017,0.70542,0.98955,-0.14809,0,0,1,1
60,-0.98995,-0.02263,0.99021,0.02606,0.84885,-0.61341,0,0,1,1
60,-0.71208,-0.23830,0.75090,0.29687,0.32268,-0.04440,0,0,1,1
60,0.20687,0.76592,0.79337,0.01979,0.94356,-0.66982,0,0,1,1
60,0.89734,0.49382,1.02425,0.04373,0.97186,-0.64388,0,0,1,1
60,0.15615,0.79154,0.80680,0.01855,0.94363,-0.67027,0,0,1,1
60,0.55971,-0.74427,0.93124,0.87532,0.58686,0.18693,1,0,1,0
60,-0.98720,0.71591,1.21946,0.02841,0.98918,-0.65745,0,0,1,1
60,-0.99647,0.42761,1.08434,0.02932,0.98889,-0.65688,0,0,1,1
60,-0.33449,0.86242,0.92501,0.02940,0.99500,-0.65598,0,0,1,1
60,-0.46621,0.79362,0.92043,0.02931,0.45857,-0.70285,0,0,1,1
60,0.26668,-0.93071,0.96816,0.88303,0.99077,-0.05627,0,0,1,1
60,0.60130,0.47329,0.76522,0.04361,0.96879,-0.64379,0,0,1,1
60,-0.55036,0.30439,0.62892,0.02602,0.98750,-0.65927,0,0,1,1
60,0.42503,0.68985,0.81027,0.02357,0.94389,-0.66826,0,0,1,1
60,-0.45061,0.26213,0.52131,0.02653,0.36457,-0.70605,0,0,1,1
60,0.93901,0.59385,1.11103,0.04319,0.97276,-0.64458,0,0,1,1
60,-0.34048,-0.69953,0.77799,0.79331,0.07171,0.62744,1,0,0,0
60,-0.33412,-0.47733,0.58265,0.78339,0.06069,0.63894,1,0,0,0
60,-0.03755,-0.62416,0.62528,0.87703,0.92069,-0.02684,0,0,1,1
60,0.66255,-0.21747,0.69732,0.86008,0.56395,0.19588,1,0,1,0
60,0.42476,-0.42824,0.60317,0.86699,0.55312,0.20715,1,0,1,0
60,-0.59906,-0.34395,0.69078,0.69299,0.32237,0.31246,1,0,0,0
60,0.89248,-0.21867,0.91888,0.86039,0.71006,0.09778,1,0,1,0
60,-0.75599,-0.29587,0.81183,0.68263,0.32594,0.30369,1,0,0,0
60,-0.63990,0.04970,0.64183,0.02698,0.39204,-0.70655,0,0,1,1
60,-0.87676,0.58989,1.05673,0.02903,0.98884,-0.65708,0,0,1,1
60,0.78541,-0.11090,0.79320,0.69368,0.56767,0.09799,1,0,1,0
60,-0.53414,0.74269,0.91482,0.02932,0.46114,-0.70271,0,0,1,1
60,0.78941,0.50595,0.93763,0.04357,0.97097,-0.64402,0,0,1,1
60,0.63871,-0.60677,0.88098,0.87209,0.58182,0.18893,1,0,1,0
60,-0.63982,0.41386,0.76200,0.03033,0.98798,-0.65627,0,0,1,1
60,0.72442,0.23396,0.76126,0.10139,0.96826,-0.57475,0,0,1,1
60,-0.89482,-0.14736,0.90687,0.41982,0.84379,-0.26630,0,0,1,1
60,-0.79805,-0.41730,0.90057,0.69275,0.33104,0.30409,1,0,0,0
60,0.00502,0.84671,0.84673,0.01817,0.36631,-0.71706,0,0,1,1
60,0.70200,0.12210,0.71254,0.68663,0.56403,0.09611,1,0,1,0
60,0.57805,-0.33858,0.66991,0.86424,0.56469,0.19738,1,0,1,0
60,0.26432,-0.97150,1.00682,0.88376,0.99085,-0.05594,0,0,1,1
60,0.35226,-0.95512,1.01801,0.88352,0.99088,-0.05607,0,0,1,1
60,-0.50341,-0.78230,0.93028,0.79530,0.98920,-0.10145,0,0,1,1
60,0.05896,0.46375,0.46749,0.01950,0.07503,-0.47232,0,0,1,1
60,0.39988,0.36394,0.54070,0.04411,0.08058,-0.30559,0,0,1,1
60,0.53455,-0.04597,0.53652,0.69079,0.53829,0.11895,1,0,1,0
60,0.88202,-0.25020,0.91682,0.86151,0.71091,0.09783,1,0,1,0
60,-0.79927,-0.18048,0.81939,0.42156,0.39871,0.02823,1,0,1,0
60,0.72093,-0.88169,1.13891,0.87809,0.99524,-0.06072,0,0,1,1
60,0.39368,-0.26641,0.47535,0.86157,0.07264,0.63045,1,0,0,0
60,-0.44050,0.24080,0.50202,0.02667,0.36270,-0.70574,0,0,1,1
60,0.25044,0.46614,0.52915,0.01590,0.07546,-0.50317,0,0,1,1
60,-0.58286,0.29749,0.65439,0.02595,0.98759,-0.65930,0,0,1,1
60,-0.37161,0.66897,0.76525,0.03004,0.44083,-0.70275,0,0,1,1
60,0.73778,-0.95924,1.21015,0.87946,0.99531,-0.06006,0,0,1,1
60,-0.86999,0.94289,1.28293,0.02802,0.98920,-0.65770,0,0,1,1
60,0.57718,-0.98826,1.14446,0.88000,0.99524,-0.05976,0,0,1,1
60,0.85469,-0.70947,1.11078,0.87457,0.99033,-0.06032,0,0,1,1
60,-0.63821,-0.93137,1.12905,0.79957,0.98959,-0.09929,0,0,1,1
60,-0.71220,0.07449,0.71609,0.02661,0.40073,-0.70712,0,0,1,1
60,0.83435,0.86816,1.20409,0.04171,0.97333,-0.64632,0,0,1,1
60,0.65759,-0.23852,0.69951,0.86085,0.56499,0.19549,1,0,1,0
60,0.73653,-0.65258,0.98404,0.87324,0.99008,-0.06088,0,0,1,1
60,0.18326,-0.41165,0.45060,0.86630,0.07182,0.63101,1,0,0,0
60,0.31292,0.36919,0.48397,0.04401,0.07904,-0.29708,0,0,1,1
60,-0.67870,0.54676,0.87154,0.02967,0.98831,-0.65673,0,0,1,1
60,0.29984,0.44758,0.53873,0.04355,0.58284,-0.67302,0,0,1,1
60,-0.77016,-0.02713,0.77064,0.02669,0.84083,-0.61131,0,0,1,1
60,0.79327,-0.95684,1.24291,0.87940,0.99534,-0.06010,0,0,1,1
60,-0.90040,-0.50943,1.03452,0.69746,0.86347,-0.08225,0,0,1,1
60,0.19172,-0.88424,0.90479,0.88210,0.99062,-0.05667,0,0,1,1
60,0.52712,-0.25779,0.58678,0.86140,0.55396,0.20381,1,0,1,0
60,-0.65204,-0.19212,0.67976,0.29621,0.03979,0.66481,1,0,1,0
60,0.48033,0.08533,0.48785,0.68667,0.06137,0.56695,1,0,0,0
60,0.85440,0.23468,0.88605,0.10104,0.58500,-0.61064,0,0,1,1
60,0.18704,-0.49251,0.52683,0.86878,0.07272,0.63018,1,0,0,0
60,0.59646,-0.33584,0.68451,0.86417,0.56621,0.19624,1,0,1,0
60,0.25947,0.39096,0.46922,0.01869,0.07438,-0.47682,0,0,1,1
60,-0.75963,0.17783,0.78016,0.02597,0.84350,-0.61261,0,0,1,1
60,0.12878,-0.88310,0.89244,0.88203,0.99057,-0.05668,0,0,1,1
60,-0.80747,0.48283,0.94081,0.02958,0.98854,-0.65675,0,0,1,1
60,0.70365,-0.68530,0.98222,0.87401,0.59132,0.18315,1,0,1,0
60,-0.45486,-0.38621,0.59671,0.70212,0.31886,0.32050,1,0,0,0
60,-0.72819,-0.07807,0.73236,0.02544,0.39576,-0.70851,0,0,1,1
60,0.33430,0.84305,0.90692,0.01974,0.99358,-0.66227,0,0,1,1
60,-0.48873,-0.32227,0.58541,0.69495,0.31795,0.31767,1,0,0,0
60,-0.83628,-0.29722,0.88753,0.67988,0.96926,-0.14906,0,0,1,1
60,0.90724,-0.78116,1.19720,0.87611,0.99049,-0.05962,0,0,1,1
60,0.65953,-0.87450,1.09532,0.87796,0.99520,-0.06076,0,0,1,1
60,0.26717,-0.30920,0.40864,0.86295,0.07166,0.63124,1,0,0,0
60,0.99457,0.45072,1.09193,0.04408,0.97243,-0.64350,0,0,1,1
60,0.50651,0.60854,0.79175,0.04280,0.94291,-0.63212,0,0,1,1
60,-0.69472,-0.41746,0.81050,0.69640,0.32780,0.30907,1,0,0,0
60,-0.67718,-0.66218,0.94712,0.78911,0.60257,0.13048,1,0,1,0
60,0.37449,0.24105,0.44536,0.04485,0.07796,-0.28430,0,0,1,1
60,0.35752,0.42233,0.55334,0.04373,0.08080,-0.30953,0,0,1,1
60,0.68958,-0.45698,0.82726,0.86803,0.70956,0.10202,1,0,1,0
60,-0.54884,-0.80997,0.97841,0.79600,0.98930,-0.10111,0,0,1,1
60,-0.87393,0.83538,1.20897,0.02829,0.98910,-0.65754,0,0,1,1
60,0.59806,-0.03726,0.59922,0.69082,0.54408,0.11440,1,0,1,0
60,-0.81063,-0.86371,1.18453,0.79607,0.98969,-0.10124,0,0,1,1
60,0.96513,0.37444,1.03522,0.10043,0.97173,-0.57735,0,0,1,1
60,-0.57189,0.88343,1.05238,0.02876,0.47321,-0.70252,0,0,1,1
60,0.57545,-0.75230,0.94715,0.87550,0.58838,0.18595,1,0,1,0
60,0.61900,-0.65011,0.89767,0.87316,0.58375,0.18808,1,0,1,0
60,-0.45038,0.01922,0.45079,0.02267,0.03937,-0.23043,0,0,1,1
60,0.33126,-0.33070,0.46808,0.86375,0.07262,0.63041,1,0,0,0
60,-0.85217,-0.44503,0.96138,0.69340,0.33353,0.30207,1,0,0,0
60,-0.78558,0.57642,0.97436,0.02929,0.98862,-0.65694,0,0,1,1
60,-0.17631,0.36359,0.40408,0.01944,0.01192,0.18790,1,0,1,0
60,0.92711,0.00436,0.92712,0.69110,0.99671,-0.15884,0,0,1,1
60,-0.45323,-0.47096,0.65362,0.78202,0.32150,0.35824,1,0,0,0
60,0.92124,-0.58152,1.08943,0.87155,0.99026,-0.06182,0,0,1,1
60,0.84916,-0.82224,1.18201,0.87693,0.99046,-0.05919,0,0,1,1
60,0.73534,0.68180,1.00278,0.04256,0.97156,-0.64527,0,0,1,1
60,0.77487,0.08505,0.77952,0.68808,0.57257,0.09055,1,0,1,0
60,0.35579,-0.69742,0.78293,0.87424,0.70046,0.11084,1,0,1,0
60,0.08882,0.82505,0.82982,0.01835,0.94369,-0.67035,0,0,1,1
60,-0.65385,0.00455,0.65387,0.02212,0.39152,-0.71251,0,0,1,1
60,0.49501,0.58100,0.76328,0.04294,0.94224,-0.63071,0,0,1,1
60,0.55338,-0.39680,0.68094,0.86611,0.55976,0.20187,1,0,1,0
60,0.71754,0.15248,0.73356,0.10161,0.56666,-0.61231,0,0,1,1
60,-0.76013,-0.80931,1.11030,0.79443,0.98955,-0.10208,0,0,1,1
60,0.91164,0.84241,1.24127,0.04188,0.97375,-0.64613,0,0,1,1
60,-0.54083,0.70063,0.88509,0.02945,0.98817,-0.65689,0,0,1,1
60,0.55326,-0.03835,0.55458,0.69065,0.53961,0.11782,1,0,1,0
60,-0.41465,-0.41827,0.58896,0.77963,0.31851,0.35986,1,0,0,0
60,-0.91436,0.80010,1.21499,0.02831,0.98914,-0.65752,0,0,1,1
60,-0.27932,0.91041,0.95230,0.02937,0.99504,-0.65599,0,0,1,1
60,-0.71445,0.72362,1.01689,0.02895,0.98864,-0.65716,0,0,1,1
60,0.85181,0.64959,1.07123,0.04282,0.97237,-0.64500,0,0,1,1
60,0.57790,0.34097,0.67099,0.04439,0.68490,-0.56849,0,0,1,1
60,-0.95737,0.19846,0.97772,0.03351,0.85049,-0.60466,0,0,1,1
60,0.75904,0.97575,1.23622,0.02201,0.99395,-0.66083,0,0,1,1
60,0.70303,-0.46081,0.84059,0.86815,0.71047,0.10152,1,0,1,0
60,-0.71762,0.01131,0.71771,0.02667,0.39857,-0.70703,0,0,1,1
60,0.63468,0.00184,0.63468,0.68986,0.54468,0.11329,1,0,1,0
60,0.39844,-0.08673,0.40777,0.84160,0.03708,0.65983,1,0,0,0
60,0.80034,-0.39521,0.89260,0.86624,0.71290,0.09904,1,0,1,0
60,-0.05972,0.73418,0.73661,0.01840,0.35950,-0.71656,0,0,1,1
60,-0.34033,-0.22199,0.40633,0.86161,0.03940,0.65614,1,0,0,0
60,0.46916,-0.38580,0.60741,0.86569,0.55276,0.20678,1,0,1,0
60,0.31584,0.64806,0.72093,0.01548,0.94209,-0.67117,0,0,1,1
60,0.65749,-0.86621,1.08748,0.87781,0.99519,-0.06084,0,0,1,1
60,-0.34136,0.80240,0.87199,0.02960,0.96105,-0.66080,0,0,1,1
60,-0.77176,-0.29919,0.82772,0.68239,0.32655,0.30298,1,0,0,0
60,0.85464,0.21903,0.88226,0.10108,0.58478,-0.61063,0,0,1,1
60,0.35856,0.80408,0.88040,0.01514,0.94555,-0.67158,0,0,1,1
60,0.97411,0.23819,1.00281,0.10072,0.59866,-0.60623,0,0,1,1
60,0.47136,-0.18128,0.50502,0.85848,0.07260,0.63055,1,0,0,0
60,0.70711,-0.61640,0.93806,0.87236,0.71725,0.09876,1,0,1,0
60,-0.38634,0.36144,0.52905,0.02626,0.41841,-0.70746,0,0,1,1
60,0.50243,0.68555,0.84995,0.04240,0.94442,-0.63518,0,0,1,1
60,-0.56809,0.90074,1.06492,0.02872,0.99517,-0.65640,0,0,1,1
60,-0.45624,-0.73819,0.86780,0.79396,0.59768,0.13670,1,0,1,0
60,-0.98277,-0.43358,1.07417,0.68786,0.97001,-0.14561,0,0,1,1
60,-0.65164,0.47109,0.80409,0.03005,0.98811,-0.65649,0,0,1,1
60,0.43083,0.52522,0.67932,0.04320,0.94045,-0.62683,0,0,1,1
60,0.75518,-0.89888,1.17401,0.87839,0.99527,-0.06058,0,0,1,1
60,0.36957,0.97831,1.04579,0.01937,0.99380,-0.66246,0,0,1,1
60,-0.75028,0.08279,0.75484,0.02645,0.84174,-0.61175,0,0,1,1
60,0.42780,-0.81241,0.91816,0.87677,0.99499,-0.06127,0,0,1,1
60,0.62138,-0.56166,0.83760,0.87092,0.57737,0.19152,1,0,1,0
60,0.24889,-0.99766,1.02823,0.88420,0.99089,-0.05574,0,0,1,1
60,-0.52712,-0.49573,0.72361,0.78261,0.32476,0.35552,1,0,0,0
60,0.64407,0.83444,1.05409,0.02238,0.99372,-0.66064,0,0,1,1
60,0.54234,-0.88130,1.03480,0.87811,0.99513,-0.06066,0,0,1,1
60,-0.73908,-0.09474,0.74512,0.41957,0.39617,0.02919,1,0,1,0
60,0.28987,-0.87926,0.92581,0.88208,0.99069,-0.05671,0,0,1,1
61,0.34219,0.08852,0.35345,0.32426,0.08121,0.49025,1,1,1,1
61,0.00349,-0.29604,0.29606,0.96542,0.05206,0.42235,1,1,1,1
61,0.08662,-0.37104,0.38102,0.97401,0.05239,0.41570,1,1,1,1
61,0.29042,-0.20528,0.35565,0.97351,0.05601,0.41537,1,1,1,1
61,-0.22847,-0.13831,0.26708,0.59070,0.08554,0.44295,1,1,1,1
61,0.06254,-0.06413,0.08957,0.95041,0.05526,0.43453,1,1,1,1
61,0.08322,0.19125,0.20858,0.01598,0.05481,0.54603,1,1,1,1
61,-0.09101,-0.23393,0.25101,0.96429,0.08479,0.40976,1,1,1,1
61,-0.01348,-0.29453,0.29484,0.96533,0.05209,0.42241,1,1,1,1
61,0.22136,0.11417,0.24907,0.30875,0.07938,0.49345,1,1,1,1
61,0.13900,0.30765,0.33760,0.01538,0.07860,0.52452,1,1,1,1
61,0.27051,0.24402,0.36431,0.01598,0.08043,0.52520,1,1,1,1
61,-0.09345,-0.09963,0.13660,0.94897,0.02618,0.42942,1,1,1,1
61,-0.10848,0.26895,0.29000,0.01296,0.03102,0.56394,1,1,1,1
61,0.32729,0.02239,0.32805,0.33915,0.08086,0.48541,1,1,1,1
61,-0.31183,0.16234,0.35156,0.01467,0.06916,0.52709,1,1,1,1
61,0.30466,0.17504,0.35137,0.01649,0.08080,0.52664,1,1,1,1
61,-0.02956,0.39638,0.39748,0.01257,0.16709,0.47202,1,1,1,1
61,-0.23047,0.31887,0.39344,0.01419,0.17139,0.44713,1,1,1,1
61,-0.31122,-0.04181,0.31402,0.56253,0.06907,0.43474,1,1,1,1
61,-0.14449,-0.02023,0.14590,0.77425,0.03113,0.42716,1,1,1,1
61,-0.09539,-0.12350,0.15605,0.95005,0.02620,0.42888,1,1,1,1
61,-0.27489,-0.19704,0.33822,0.59967,0.08534,0.44220,1,1,1,1
61,-0.21491,-0.13830,0.25557,0.59180,0.08545,0.44282,1,1,1,1
61,0.11215,-0.29368,0.31436,0.97361,0.05176,0.41610,1,1,1,1
61,-0.02599,0.16632,0.16833,0.01501,0.02687,0.58199,1,1,1,1
61,0.27611,-0.19218,0.33640,0.97338,0.05595,0.41549,1,1,1,1
61,-0.26385,0.01797,0.26446,0.05866,0.06833,0.60549,1,1,1,1
61,-0.14583,0.12994,0.19533,0.01495,0.03110,0.57444,1,1,1,1
61,0.30627,-0.19148,0.36120,0.97346,0.09365,0.39097,1,1,1,1
61,0.19919,-0.18674,0.27304,0.97313,0.05579,0.41572,1,1,1,1
61,-0.11843,0.35882,0.37786,0.01259,0.16869,0.46982,1,1,1,1
61,0.16863,-0.35864,0.39630,0.97414,0.05209,0.41566,1,1,1,1
61,0.23554,-0.10814,0.25918,0.97266,0.05568,0.41611,1,1,1,1
61,-0.14638,-0.25448,0.29358,0.96427,0.08527,0.40937,1,1,1,1
61,-0.04572,-0.26642,0.27032,0.96488,0.05197,0.42278,1,1,1,1
61,0.19219,-0.05064,0.19875,0.95227,0.05547,0.43298,1,1,1,1
61,0.11918,-0.34018,0.36045,0.97391,0.05208,0.41583,1,1,1,1
61,0.14111,-0.18320,0.23124,0.97294,0.05567,0.41589,1,1,1,1
61,0.03346,-0.30077,0.30262,0.96560,0.05201,0.42221,1,1,1,1
61,-0.19324,0.29223,0.35035,0.01275,0.16679,0.47301,1,1,1,1
61,0.01193,0.20544,0.20578,0.01488,0.02683,0.58151,1,1,1,1
61,0.10266,0.26869,0.28764,0.01554,0.07794,0.52559,1,1,1,1
61,0.22944,0.19108,0.29859,0.01624,0.07968,0.52665,1,1,1,1
61,-0.34669,-0.18860,0.39467,0.59210,0.10224,0.45173,1,1,1,1
61,-0.27196,0.21608,0.34735,0.01451,0.03131,0.57190,1,1,1,1
61,-0.09762,0.38265,0.39491,0.01253,0.16970,0.46874,1,1,1,1
61,0.04887,0.09710,0.10871,0.01557,0.05492,0.54385,1,1,1,1
61,0.25938,-0.14524,0.29728,0.97301,0.05581,0.41581,1,1,1,1
61,-0.20516,0.12624,0.24088,0.01502,0.03121,0.57458,1,1,1,1
61,0.04512,0.36292,0.36571,0.01279,0.02670,0.57172,1,1,1,1
61,-0.08963,-0.19684,0.21629,0.95121,0.02627,0.42830,1,1,1,1
61,0.24610,0.04310,0.24984,0.32758,0.07962,0.48691,1,1,1,1
61,-0.23179,-0.28089,0.36418,0.95158,0.08596,0.42500,1,1,1,1
61,-0.08984,0.26597,0.28074,0.01300,0.03098,0.56424,1,1,1,1
61,-0.16553,0.25283,0.30219,0.01295,0.03112,0.56367,1,1,1,1
61,-0.35876,-0.03189,0.36018,0.02329,0.06985,0.55860,1,1,1,1
61,-0.04249,-0.34095,0.34358,0.96568,0.08564,0.40744,1,1,1,1
61,0.04404,-0.38669,0.38919,0.97400,0.05262,0.41567,1,1,1,1
61,-0.14113,-0.13057,0.19227,0.94947,0.02620,0.42917,1,1,1,1
61,0.35012,-0.12673,0.37235,0.97313,0.08098,0.40378,1,1,1,1
61,-0.06762,0.15705,0.17099,0.01497,0.03096,0.57479,1,1,1,1
61,-0.16773,0.02299,0.16930,0.01551,0.03116,0.57697,1,1,1,1
61,-0.14400,-0.05927,0.15572,0.77735,0.03114,0.42777,1,1,1,1
61,-0.35551,-0.09594,0.36823,0.57106,0.06979,0.43473,1,1,1,1
61,-0.37704,-0.10176,0.39053,0.57061,0.07014,0.43498,1,1,1,1
61,-0.00569,0.32705,0.32710,0.01287,0.02673,0.57205,1,1,1,1
61,0.20282,-0.21906,0.29854,0.97337,0.05588,0.41552,1,1,1,1
61,0.00227,-0.36142,0.36143,0.96607,0.08563,0.40702,1,1,1,1
61,0.04869,0.04429,0.06582,0.31187,0.05502,0.45375,1,1,1,1
61,0.16356,-0.02543,0.16553,0.33766,0.05537,0.44989,1,1,1,1
61,0.16547,0.11951,0.20412,0.30326,0.07852,0.49455,1,1,1,1
61,0.16029,0.32238,0.36003,0.01533,0.07896,0.52408,1,1,1,1
61,-0.23528,-0.28966,0.37318,0.95171,0.08607,0.42473,1,1,1,1
61,0.08099,-0.34401,0.35342,0.97384,0.05221,0.41586,1,1,1,1
61,-0.24797,0.14370,0.28661,0.01486,0.03128,0.57369,1,1,1,1
61,0.26886,0.22043,0.34768,0.01612,0.08035,0.52575,1,1,1,1
61,0.18480,-0.11279,0.21650,0.97254,0.05560,0.41622,1,1,1,1
61,-0.06633,-0.08198,0.10545,0.94867,0.02617,0.42957,1,1,1,1
61,-0.23625,-0.06701,0.24557,0.57428,0.08570,0.44436,1,1,1,1
61,-0.37933,0.02967,0.38049,0.02276,0.07020,0.55663,1,1,1,1
61,0.18221,0.18449,0.25930,0.01620,0.07894,0.52707,1,1,1,1
61,0.17997,-0.33864,0.38349,0.97405,0.05191,0.41575,1,1,1,1
61,-0.26956,-0.06205,0.27661,0.57045,0.06840,0.43386,1,1,1,1
61,-0.07330,-0.18076,0.19506,0.95104,0.02626,0.42839,1,1,1,1
61,0.03108,0.16616,0.16904,0.01513,0.02687,0.58250,1,1,1,1
61,-0.20442,-0.07348,0.21723,0.57832,0.08547,0.44389,1,1,1,1
61,-0.07253,0.37136,0.37838,0.01260,0.16723,0.47189,1,1,1,1
61,-0.01434,0.36178,0.36207,0.01272,0.03151,0.56154,1,1,1,1
61,0.13639,-0.36705,0.39157,0.97411,0.05223,0.41565,1,1,1,1
61,0.38724,0.01448,0.38751,0.92708,0.11158,0.45081,1,1,1,1
61,-0.34848,-0.06113,0.35380,0.56386,0.06968,0.43507,1,1,1,1
61,-0.18086,0.33794,0.38330,0.01259,0.17032,0.46361,1,1,1,1
61,0.24049,0.13746,0.27700,0.01663,0.07973,0.52790,1,1,1,1
61,-0.26933,-0.13785,0.30256,0.58730,0.08582,0.44337,1,1,1,1
61,-0.28378,0.11471,0.30609,0.01492,0.06869,0.52867,1,1,1,1
61,-0.04987,0.32846,0.33222,0.01280,0.03091,0.56321,1,1,1,1
61,-0.04108,0.13499,0.14110,0.01515,0.03272,0.57260,1,1,1,1
61,-0.28374,-0.00647,0.28381,0.05898,0.06864,0.60528,1,1,1,1
61,0.06172,0.33681,0.34242,0.01510,0.02672,0.58262,1,1,1,1
61,-0.31028,-0.00826,0.31039,0.02328,0.06907,0.55950,1,1,1,1
61,0.14923,0.15706,0.21665,0.01632,0.07836,0.52793,1,1,1,1
61,-0.20320,-0.17865,0.27057,0.94981,0.08480,0.42836,1,1,1,1
61,-0.06150,-0.00508,0.06171,0.77629,0.03284,0.42826,1,1,1,1
61,0.10697,0.33002,0.34692,0.01521,0.07818,0.52407,1,1,1,1
61,-0.11424,-0.13831,0.17939,0.95036,0.02621,0.42872,1,1,1,1
61,0.10405,-0.00480,0.10416,0.32789,0.05521,0.45105,1,1,1,1
61,0.02859,-0.01061,0.03050,0.95366,0.05509,0.43180,1,1,1,1
61,-0.23653,-0.27756,0.36467,0.95148,0.08595,0.42516,1,1,1,1
61,0.11494,0.24986,0.27502,0.01567,0.07808,0.52594,1,1,1,1
61,0.13138,-0.06179,0.14518,0.95163,0.05538,0.43352,1,1,1,1
61,-0.14498,-0.00643,0.14512,0.70298,0.03113,0.41649,1,1,1,1
61,0.33510,0.21054,0.39575,0.01631,0.11103,0.50985,1,1,1,1
61,-0.24331,-0.30935,0.39357,0.95200,0.08631,0.42413,1,1,1,1
61,0.26654,-0.28857,0.39283,0.97397,0.06729,0.41130,1,1,1,1
61,-0.38401,-0.03968,0.38605,0.02326,0.07026,0.55803,1,1,1,1
61,0.05100,0.35587,0.35950,0.01499,0.02671,0.58218,1,1,1,1
61,-0.37850,0.01613,0.37884,0.02286,0.07018,0.55695,1,1,1,1
61,0.03479,-0.18265,0.18593,0.96429,0.02629,0.42134,1,1,1,1
61,0.11984,-0.24572,0.27338,0.97332,0.05578,0.41557,1,1,1,1
61,0.32190,-0.13660,0.34968,0.97312,0.08050,0.40416,1,1,1,1
61,-0.31654,0.08620,0.32806,0.01499,0.06920,0.52864,1,1,1,1
61,-0.00463,0.16785,0.16792,0.01505,0.02687,0.58214,1,1,1,1
61,-0.13908,-0.34555,0.37249,0.96532,0.08617,0.40736,1,1,1,1
61,-0.12469,-0.37674,0.39684,0.96570,0.08642,0.40670,1,1,1,1
61,0.26961,-0.12774,0.29834,0.97291,0.05579,0.41589,1,1,1,1
61,-0.37070,0.04375,0.37328,0.02268,0.07006,0.55657,1,1,1,1
61,-0.12221,-0.22682,0.25765,0.95151,0.08487,0.42592,1,1,1,1
61,-0.17791,-0.20603,0.27221,0.95061,0.08494,0.42713,1,1,1,1
61,-0.26740,-0.19047,0.32830,0.59886,0.08524,0.44220,1,1,1,1
61,-0.27287,0.18145,0.32769,0.01465,0.03132,0.57260,1,1,1,1
61,0.13705,0.22024,0.25940,0.01589,0.07834,0.52649,1,1,1,1
61,-0.11225,0.35267,0.37010,0.01262,0.16777,0.47111,1,1,1,1
61,0.27290,0.02467,0.27401,0.33420,0.08000,0.48554,1,1,1,1
61,-0.16572,-0.20699,0.26516,0.95074,0.08489,0.42698,1,1,1,1
61,-0.33438,0.06915,0.34145,0.01504,0.06948,0.52867,1,1,1,1
61,0.10501,-0.17911,0.20762,0.96459,0.05559,0.42264,1,1,1,1
61,-0.01536,-0.05805,0.06005,0.94855,0.03290,0.43165,1,1,1,1
61,-0.24163,-0.14805,0.28338,0.59177,0.08469,0.44240,1,1,1,1
61,-0.04697,-0.07709,0.09028,0.94883,0.03292,0.43149,1,1,1,1
61,-0.20695,-0.15599,0.25915,0.59629,0.08460,0.44202,1,1,1,1
61,0.17308,0.05523,0.18168,0.31891,0.05522,0.45263,1,1,1,1
61,0.20221,-0.14574,0.24925,0.97284,0.05570,0.41596,1,1,1,1
61,-0.33025,-0.12732,0.35394,0.58005,0.06938,0.43400,1,1,1,1
61,-0.18470,0.12236,0.22155,0.01491,0.03117,0.57412,1,1,1,1
61,0.32135,-0.23648,0.39899,0.97379,0.09434,0.38984,1,1,1,1
61,0.02871,-0.17769,0.17999,0.96420,0.02628,0.42139,1,1,1,1
61,0.12549,-0.09954,0.16018,0.95315,0.05545,0.43224,1,1,1,1
61,-0.04876,0.03238,0.05853,0.70319,0.03281,0.41735,1,1,1,1
61,0.03089,0.15076,0.15390,0.01522,0.02688,0.58282,1,1,1,1
61,-0.33760,-0.06971,0.34472,0.56665,0.06950,0.43478,1,1,1,1
61,0.31542,0.19718,0.37198,0.01636,0.11041,0.51018,1,1,1,1
61,0.16535,0.17829,0.24316,0.01621,0.07867,0.52732,1,1,1,1
61,0.25863,0.28825,0.38727,0.01568,0.08035,0.52428,1,1,1,1
61,0.30135,-0.16279,0.34251,0.97325,0.08013,0.40433,1,1,1,1
61,-0.33425,-0.06394,0.34031,0.56563,0.06944,0.43481,1,1,1,1
61,-0.33828,0.06340,0.34417,0.01506,0.06954,0.52872,1,1,1,1
61,-0.05111,-0.23419,0.23970,0.96449,0.05175,0.42310,1,1,1,1
61,0.28643,-0.17908,0.33780,0.97332,0.05594,0.41554,1,1,1,1
61,-0.07738,0.24072,0.25285,0.01312,0.03096,0.56501,1,1,1,1
61,0.27575,-0.12998,0.30485,0.97294,0.05581,0.41586,1,1,1,1
61,-0.06746,0.35679,0.36311,0.01267,0.16561,0.47486,1,1,1,1
61,-0.23350,-0.10888,0.25764,0.58382,0.08562,0.44352,1,1,1,1
61,0.10199,0.23703,0.25804,0.01573,0.05477,0.54480,1,1,1,1
61,-0.25165,-0.14459,0.29023,0.59020,0.08569,0.44307,1,1,1,1
61,0.13647,-0.16134,0.21132,0.97277,0.05561,0.41604,1,1,1,1
61,0.01870,0.06361,0.06631,0.30510,0.05493,0.45519,1,1,1,1
61,0.26220,0.02207,0.26313,0.33398,0.07983,0.48536,1,1,1,1
61,0.15954,0.15237,0.22061,0.01637,0.07851,0.52798,1,1,1,1
61,0.10322,-0.37730,0.39116,0.97409,0.05240,0.41564,1,1,1,1
61,-0.10814,-0.22453,0.24922,0.96409,0.08478,0.41000,1,1,1,1
61,0.05447,-0.19630,0.20371,0.96455,0.02631,0.42120,1,1,1,1
61,-0.01882,0.00129,0.01886,0.77745,0.03284,0.42848,1,1,1,1
61,0.24511,0.05505,0.25121,0.32462,0.07963,0.48785,1,1,1,1
61,-0.19048,0.24451,0.30995,0.01453,0.03116,0.57227,1,1,1,1
61,0.15818,-0.30837,0.34657,0.97382,0.05601,0.41513,1,1,1,1
61,0.10926,-0.28684,0.30694,0.97356,0.05172,0.41615,1,1,1,1
61,0.20045,-0.31240,0.37118,0.97395,0.05610,0.41501,1,1,1,1
61,0.24415,-0.06606,0.25293,0.97235,0.05560,0.41637,1,1,1,1
61,-0.09248,-0.24362,0.26058,0.96440,0.08489,0.40955,1,1,1,1
61,0.06326,-0.06736,0.09240,0.95057,0.05527,0.43440,1,1,1,1
61,-0.31275,0.06975,0.32043,0.01508,0.06913,0.52909,1,1,1,1
61,0.08414,-0.35083,0.36078,0.97389,0.05225,0.41581,1,1,1,1
61,0.20681,0.24533,0.32087,0.01586,0.07947,0.52551,1,1,1,1
61,0.26641,-0.13917,0.30057,0.97298,0.05581,0.41583,1,1,1,1
61,0.99147,0.94002,1.36626,0.01392,0.99150,0.27195,1,0,0,0
61,-0.73259,0.74350,1.04378,0.01795,0.98203,0.27311,1,0,0,0
61,-0.45789,-0.32785,0.56316,0.61252,0.12444,0.45919,1,0,0,0
61,0.28840,0.45430,0.53811,0.01482,0.11103,0.50676,1,0,1,0
61,0.80378,-0.22763,0.83540,0.95397,0.21665,0.26013,1,0,0,0
61,0.17773,-0.54043,0.56891,0.97505,0.34982,0.26159,1,0,0,0
61,0.87009,0.61637,1.06629,0.01510,0.98031,0.27243,1,0,0,0
61,-0.29362,-0.29694,0.41759,0.95135,0.10391,0.40185,1,0,0,0
61,-0.60842,0.30079,0.67871,0.01373,0.14384,0.49844,1,0,1,0
61,-0.20676,0.35642,0.41205,0.01249,0.17352,0.41642,1,0,1,0
61,0.38705,-0.41258,0.56571,0.97488,0.18631,0.26855,1,0,0,0
61,0.70709,0.01013,0.70716,0.95072,0.20681,0.25983,1,0,0,0
61,-0.05236,-0.48423,0.48705,0.96694,0.33113,0.26231,1,0,0,0
61,-0.30468,-0.63890,0.70783,0.96726,0.38240,0.26183,1,0,0,0
61,-0.51134,0.28173,0.58382,0.01392,0.13863,0.50064,1,0,1,0
61,-0.74215,0.60885,0.95994,0.01833,0.98163,0.27321,1,0,0,0
61,0.09530,-0.52717,0.53572,0.97483,0.34540,0.26161,1,0,0,0
61,-0.40872,0.28823,0.50013,0.01403,0.17881,0.34113,1,0,1,0
61,-0.22955,0.40411,0.46475,0.01230,0.17926,0.35212,1,0,1,0
61,0.75347,-0.28486,0.80552,0.95429,0.21284,0.25998,1,0,0,0
61,0.63825,-0.64799,0.90954,0.97616,0.78476,0.63737,1,0,1,0
61,0.95556,0.30967,1.00448,0.11745,0.22310,0.34253,1,0,1,0
61,0.52614,-0.29426,0.60283,0.97458,0.19313,0.26616,1,0,0,0
61,-0.86565,-0.07049,0.86851,0.02196,0.97941,0.27414,1,0,0,0
61,0.32607,0.76078,0.82771,0.01381,0.84887,0.27132,1,0,0,0
61,0.35957,-0.76805,0.84805,0.97613,0.98137,0.26886,1,0,1,0
61,0.00594,0.94703,0.94705,0.01306,0.95754,0.27219,1,0,0,0
61,-0.65894,0.67085,0.94033,0.01274,0.22644,0.27231,1,0,1,0
61,0.75818,0.78799,1.09351,0.01419,0.98092,0.27220,1,0,0,0
61,0.87701,0.76018,1.16061,0.01446,0.99105,0.27209,1,0,0,0
61,0.61204,0.40225,0.73239,0.01562,0.11905,0.50613,1,0,1,0
61,-0.01681,0.46818,0.46849,0.01233,0.17295,0.42547,1,0,1,0
61,-0.51710,-0.87838,1.01928,0.96816,0.98459,0.24196,1,0,1,0
61,-0.40283,0.05752,0.40691,0.01497,0.07059,0.52756,1,0,1,0
61,-0.35142,-0.27656,0.44719,0.95045,0.10485,0.40143,1,0,0,0
61,0.76845,0.01931,0.76869,0.95096,0.21173,0.26006,1,0,0,0
61,-0.96636,-0.39993,1.04585,0.58820,0.96135,0.46018,1,0,1,0
61,-0.53719,0.74166,0.91577,0.01267,0.22548,0.27269,1,0,1,0
61,0.45426,0.57371,0.73178,0.01467,0.83852,0.27123,1,0,0,0
61,0.86030,0.88069,1.23115,0.01398,0.99123,0.27197,1,0,0,0
61,-0.77615,-0.50995,0.92869,0.95059,0.95975,0.71065,1,0,1,0
61,0.88541,-0.45560,0.99575,0.97588,0.97341,0.30137,1,0,1,0
61,0.85369,-0.31228,0.90901,0.95491,0.22156,0.26030,1,0,0,0
61,-0.71065,-0.15690,0.72777,0.02301,0.15243,0.49336,1,0,1,0
61,0.72174,-0.49820,0.87699,0.97579,0.98589,0.25676,1,0,1,0
61,-0.51699,0.11710,0.53008,0.01452,0.13740,0.50302,1,0,1,0
61,0.98350,-0.53703,1.12057,0.97627,0.98720,0.25514,1,0,1,0
61,0.17930,0.92647,0.94366,0.01322,0.97284,0.27207,1,0,0,0
61,-0.98763,-0.25124,1.01908,0.02278,0.96082,0.27458,1,0,0,0
61,-0.88741,-0.08909,0.89187,0.02201,0.97956,0.27415,1,0,0,0
61,-0.90613,-0.63885,1.10869,0.95207,0.97711,0.34581,1,0,1,0
61,0.94285,0.49367,1.06427,0.02649,0.97975,0.27525,1,0,0,0
61,-0.52682,0.33104,0.62220,0.01374,0.18970,0.29826,1,0,1,0
61,0.68509,0.90549,1.13546,0.01370,0.99096,0.27191,1,0,0,0
61,-0.71610,-0.16099,0.73397,0.02302,0.15284,0.49283,1,0,1,0
61,-0.59785,-0.19289,0.62819,0.57303,0.14560,0.47455,1,0,0,0
61,-0.66760,-0.54933,0.86456,0.95152,0.14132,0.29487,1,0,0,0
61,-0.79248,0.67101,1.03840,0.01809,0.98199,0.27315,1,0,0,0
61,0.89310,-0.50377,1.02538,0.97605,0.98675,0.25557,1,0,1,0
61,-0.07246,0.64731,0.65135,0.01173,0.85679,0.27103,1,0,0,0
61,-0.93208,0.81770,1.23992,0.01760,0.98275,0.27301,1,0,0,0
61,-0.87234,-0.94403,1.28537,0.95541,0.99374,0.26097,1,0,1,0
61,-0.19480,0.64745,0.67612,0.01162,0.19919,0.29109,1,0,1,0
61,-0.95501,-0.66957,1.16635,0.95234,0.97760,0.33631,1,0,1,0
61,0.38673,0.16470,0.42034,0.01673,0.11225,0.51024,1,0,1,0
61,0.44341,0.08553,0.45159,0.93546,0.11350,0.41197,1,0,0,0
61,-0.81481,0.47852,0.94493,0.01304,0.98138,0.27191,1,0,0,0
61,0.19675,0.52173,0.55760,0.01457,0.43424,0.25887,1,0,1,0
61,-0.45057,-0.95579,1.05667,0.97025,0.98483,0.24650,1,0,1,0
61,-0.10681,-0.39605,0.41020,0.96596,0.08654,0.40630,1,0,0,0
61,0.41068,0.44806,0.60779,0.01503,0.11418,0.50630,1,0,1,0
61,0.25983,-0.32089,0.41289,0.97414,0.06743,0.41109,1,0,0,0
61,-0.59203,-0.46476,0.75266,0.95048,0.13497,0.31032,1,0,0,0
61,0.54111,-0.07172,0.54584,0.95085,0.19336,0.25956,1,0,0,0
61,-0.13746,0.45443,0.47477,0.01223,0.17861,0.35810,1,0,1,0
61,-0.19119,-0.88147,0.90197,0.97045,0.80588,0.65212,1,0,1,0
61,-0.79844,-0.99321,1.27435,0.95591,0.99376,0.25824,1,0,1,0
61,0.21223,-0.83948,0.86589,0.97613,0.79916,0.64171,1,0,1,0
61,0.30126,0.29984,0.42504,0.01569,0.11056,0.50873,1,0,1,0
61,0.49896,0.44128,0.66610,0.01520,0.11639,0.50606,1,0,1,0
61,-0.38421,-0.28104,0.47602,0.60867,0.10585,0.45170,1,0,0,0
61,0.00296,-0.82880,0.82881,0.97580,0.44587,0.26312,1,0,0,0
61,0.64138,-0.64044,0.90639,0.97614,0.78404,0.63716,1,0,1,0
61,-0.70333,-0.64193,0.95223,0.95266,0.97502,0.35927,1,0,1,0
61,-0.98344,-0.02081,0.98366,0.02136,0.98008,0.27398,1,0,0,0
61,-0.37861,0.73243,0.82450,0.01128,0.21638,0.27813,1,0,1,0
61,0.47009,-0.14529,0.49203,0.97358,0.18759,0.26749,1,0,0,0
61,0.04133,-0.43758,0.43953,0.97427,0.31612,0.26156,1,0,0,0
61,-0.60694,-0.85603,1.04936,0.95512,0.98477,0.27122,1,0,1,0
61,0.96318,-0.17329,0.97865,0.95413,0.97435,0.33365,1,0,1,0
61,0.37367,-0.55477,0.66889,0.97545,0.75716,0.62805,1,0,1,0
61,0.09325,0.98332,0.98773,0.01303,0.95817,0.27218,1,0,0,0
61,-0.82126,0.50503,0.96412,0.01297,0.98151,0.27189,1,0,0,0
61,0.77092,-0.78326,1.09901,0.97666,0.98662,0.25702,1,0,1,0
61,0.14944,0.49866,0.52057,0.01443,0.07928,0.51992,1,0,1,0
61,-0.09617,0.93345,0.93839,0.01233,0.95719,0.27202,1,0,0,0
61,-0.51933,0.53501,0.74562,0.01320,0.20774,0.27983,1,0,1,0
61,-0.90219,-0.07189,0.90505,0.02187,0.97964,0.27412,1,0,0,0
61,-0.93570,-0.66112,1.14570,0.95228,0.97742,0.33901,1,0,1,0
61,-0.59932,-0.68428,0.90963,0.95343,0.14442,0.29032,1,0,0,0
61,-0.49471,0.95484,1.07539,0.01081,0.98416,0.27132,1,0,0,0
61,-0.91777,-0.38615,0.99570,0.58906,0.96075,0.46089,1,0,1,0
61,0.72348,-0.29748,0.78225,0.95428,0.21036,0.25990,1,0,0,0
61,-0.55910,-0.48193,0.73813,0.95086,0.13442,0.31217,1,0,0,0
61,0.47772,-0.39424,0.61939,0.97497,0.18934,0.26750,1,0,0,0
61,-0.27479,-0.47369,0.54762,0.96600,0.08819,0.40462,1,0,0,0
61,-0.03817,0.62063,0.62181,0.01183,0.85353,0.27097,1,0,0,0
61,-0.05555,-0.80707,0.80898,0.97564,0.43893,0.26251,1,0,0,0
61,-0.37554,-0.82832,0.90948,0.96828,0.44562,0.26217,1,0,0,0
61,-0.76669,-0.82865,1.12893,0.95457,0.97613,0.30642,1,0,1,0
61,-0.35230,-0.51841,0.62679,0.96610,0.12804,0.33306,1,0,0,0
61,-0.26907,0.91689,0.95555,0.01100,0.98400,0.27137,1,0,0,0
61,0.74774,-0.43959,0.86738,0.97562,0.21351,0.26262,1,0,0,0
61,0.46542,-0.25393,0.53019,0.97423,0.18764,0.26777,1,0,0,0
61,-0.24215,-0.62748,0.67259,0.96739,0.37869,0.26188,1,0,0,0
61,-0.93612,-0.81191,1.23916,0.95406,0.97769,0.30597,1,0,1,0
61,-0.59391,0.35600,0.69244,0.01358,0.19592,0.28909,1,0,1,0
61,0.83286,0.26119,0.87286,0.19373,0.21469,0.38934,1,0,1,0
61,0.99064,0.15926,1.00336,0.92050,0.97488,0.55397,1,0,1,0
61,-0.62438,0.01768,0.62463,0.02208,0.14216,0.50306,1,0,1,0
61,0.85412,-0.23726,0.88647,0.95427,0.22091,0.26031,1,0,0,0
61,-0.69735,0.44904,0.82942,0.01322,0.98083,0.27196,1,0,0,0
61,-0.71450,0.94202,1.18233,0.01220,0.98251,0.27168,1,0,0,0
61,-0.46894,0.89123,1.00707,0.01093,0.23266,0.27208,1,0,1,0
61,-0.35684,-0.86966,0.94002,0.96857,0.80440,0.65448,1,0,1,0
61,0.91175,-0.68064,1.13779,0.97657,0.98713,0.25585,1,0,1,0
61,0.92358,0.15282,0.93614,0.91995,0.22251,0.27293,1,0,0,0
61,0.40204,-0.93727,1.01986,0.97661,0.98276,0.26591,1,0,1,0
61,0.77833,0.31422,0.83937,0.11607,0.12286,0.52626,1,0,1,0
61,0.52988,-0.43666,0.68662,0.97525,0.19417,0.26613,1,0,0,0
61,-0.72475,-0.42121,0.83826,0.61082,0.13817,0.46461,1,0,0,0
61,0.39808,-0.40340,0.56674,0.97486,0.18561,0.26881,1,0,0,0
61,0.36623,-0.39988,0.54224,0.97478,0.18310,0.26981,1,0,0,0
61,-0.71885,0.30868,0.78232,0.01358,0.14964,0.49557,1,0,1,0
61,0.09304,0.81375,0.81905,0.01345,0.95527,0.27231,1,0,0,0
61,-0.67666,-0.43257,0.80311,0.61668,0.13684,0.46314,1,0,0,0
61,0.89305,0.89708,1.26581,0.01396,0.99130,0.27197,1,0,0,0
61,-0.68387,0.25537,0.72999,0.01378,0.14735,0.49738,1,0,1,0
61,0.48705,0.47592,0.68097,0.01500,0.11622,0.50572,1,0,1,0
61,-0.56863,0.73296,0.92767,0.01266,0.22646,0.27239,1,0,1,0
61,-0.16076,0.73727,0.75460,0.01143,0.95312,0.27182,1,0,0,0
61,0.56048,0.96929,1.11967,0.01340,0.98116,0.27200,1,0,0,0
61,-0.99528,-0.00442,0.99529,0.02124,0.98013,0.27395,1,0,0,0
61,-0.88693,0.74758,1.15997,0.01781,0.98247,0.27307,1,0,0,0
61,0.50970,0.12076,0.52381,0.93446,0.11549,0.40736,1,0,0,0
61,0.20621,0.43855,0.48461,0.01478,0.07994,0.52121,1,0,1,0
61,-0.58037,-0.65928,0.87834,0.95318,0.14264,0.29364,1,0,0,0
61,-0.60462,-0.92666,1.10646,0.95570,0.98521,0.26562,1,0,1,0
61,0.07292,0.81725,0.82050,0.01342,0.95531,0.27230,1,0,0,0
61,0.51801,-0.75577,0.91625,0.97630,0.90951,0.63696,1,0,1,0
61,-0.23757,0.35566,0.42771,0.01404,0.17522,0.38037,1,0,1,0
61,-0.96671,0.84906,1.28663,0.01751,0.98290,0.27299,1,0,0,0
61,0.71547,-0.58013,0.92111,0.97605,0.98602,0.25702,1,0,1,0
61,0.60923,-0.22700,0.65014,0.95309,0.20002,0.25971,1,0,0,0
61,-0.80565,-0.56125,0.98187,0.95127,0.97595,0.37404,1,0,1,0
61,0.40008,0.31779,0.51094,0.01575,0.11332,0.50796,1,0,1,0
61,0.65175,-0.38469,0.75681,0.97525,0.20469,0.26379,1,0,0,0
61,-0.19648,0.54407,0.57846,0.01190,0.19017,0.30559,1,0,1,0
61,-0.57328,0.85287,1.02763,0.01242,0.23521,0.27017,1,0,1,0
61,0.85589,0.40210,0.94564,0.02692,0.12465,0.51641,1,0,1,0
61,-0.86107,0.07479,0.86431,0.02112,0.97929,0.27394,1,0,0,0
61,-0.93031,0.79538,1.22397,0.01766,0.98270,0.27303,1,0,0,0
61,-0.69511,-0.90462,1.14084,0.95538,0.98538,0.26815,1,0,1,0
61,-0.98141,-0.17718,0.99727,0.02231,0.98016,0.27422,1,0,0,0
61,-0.54348,-0.21308,0.58376,0.58170,0.14234,0.47151,1,0,0,0
61,0.41039,0.91102,0.99919,0.01343,0.97300,0.27213,1,0,0,0
61,-0.65354,0.48285,0.81256,0.01318,0.21073,0.27813,1,0,1,0
61,-0.64441,0.65798,0.92098,0.01278,0.22469,0.27283,1,0,1,0
61,-0.44821,0.59395,0.74408,0.01309,0.20882,0.27936,1,0,1,0
61,-0.37828,-0.59520,0.70524,0.96666,0.13217,0.32413,1,0,0,0
61,0.54991,-0.29900,0.62594,0.97465,0.19524,0.26562,1,0,0,0
61,-0.11411,0.78074,0.78903,0.01137,0.95423,0.27180,1,0,0,0
61,-0.24375,-0.96901,0.99920,0.97071,0.81720,0.65466,1,0,1,0
61,0.22174,-0.91416,0.94067,0.97634,0.80916,0.64395,1,0,1,0
61,-0.65755,-0.96129,1.16467,0.95588,0.98559,0.26374,1,0,1,0
61,-0.18369,-0.89966,0.91822,0.97054,0.80831,0.65264,1,0,1,0
61,0.41504,0.86982,0.96376,0.01355,0.98002,0.27206,1,0,0,0
61,-0.38330,0.41221,0.56288,0.01367,0.18891,0.30028,1,0,1,0
61,0.65570,-0.47898,0.81202,0.97563,0.20563,0.26374,1,0,0,0
61,0.33626,0.91927,0.97884,0.01335,0.97297,0.27211,1,0,0,0
61,0.75876,-0.12750,0.76939,0.95273,0.21209,0.25999,1,0,0,0
61,-0.27582,0.70610,0.75806,0.01141,0.20865,0.28265,1,0,1,0
61,-0.44916,0.86285,0.97275,0.01099,0.22974,0.27295,1,0,1,0
61,0.43228,0.94827,1.04215,0.01335,0.97322,0.27210,1,0,0,0
61,-0.89363,0.86141,1.24120,0.01753,0.98276,0.27300,1,0,0,0
